age;gender;pulse_rate;systolic_bp;diastolic_bp;glucose;height;weight;bmi;family_diabetes;hypertensive;family_hypertension;cardiovascular_disease;stroke;diabetic;bmi_category;age_group;bp_category;glucose_level
42;Female;66;110;73;58,8;165;70,2;25,79;0;0;0;0;0;No;Overweight;Middle;Normal;Normal
35;Female;60;125;68;57,1;147;42,5;19,67;0;0;0;0;0;No;Normal;Middle;Normal;Normal
62;Female;57;127;74;68,5;152;47;20,34;0;0;0;0;0;No;Normal;Elderly;Normal;Normal
73;Male;55;193;112;62,8;163;57,4;21,6;0;0;0;0;0;No;Normal;Elderly;High;Normal
68;Female;71;150;81;57,1;142;36;17,85;0;0;0;0;0;No;Underweight;Elderly;High;Normal
40;Male;48;131;73;72,2;163;61,9;23,3;0;0;0;0;0;No;Normal;Middle;Normal;Normal
35;Female;66;123;72;54;142;42,3;20,98;0;0;0;0;0;No;Normal;Middle;Normal;Normal
25;Female;84;152;90;72;152;57,7;24,97;0;0;0;0;0;No;Normal;Young;High;Normal
50;Male;80;135;87;170,4;168;67,8;24,02;0;0;0;0;0;Yes;Normal;Senior;Normal;Diabetes
70;Male;64;129;75;80,4;165;56;20,57;0;0;0;0;0;No;Normal;Elderly;Normal;Normal
56;Female;72;130;84;73,5;150;47;20,89;0;0;0;0;0;No;Normal;Senior;Normal;Normal
32;Female;73;130;73;49,6;155;49,3;20,52;0;0;0;0;0;No;Normal;Middle;Normal;Normal
46;Female;76;114;88;74,1;155;45,7;19,02;0;0;0;0;0;No;Normal;Senior;Normal;Normal
30;Female;85;142;82;53,5;155;50,3;20,94;0;0;0;0;0;No;Normal;Young;High;Normal
35;Female;84;123;76;69,8;157;53,1;21,54;0;0;0;0;0;No;Normal;Middle;Normal;Normal
35;Female;89;147;90;136;152;46,6;20,17;0;0;0;0;0;Yes;Normal;Middle;High;Diabetes
54;Male;99;152;68;150;160;62;24,22;0;1;0;0;0;Yes;Normal;Senior;High;Diabetes
65;Female;89;129;86;245;152;51,9;22,46;0;0;0;0;0;Yes;Normal;Elderly;Normal;Diabetes
55;Female;79;137;78;83,4;152;57,1;24,71;0;1;0;0;0;No;Normal;Senior;Normal;Normal
65;Male;75;128;85;58,4;170;50;17,3;0;0;0;0;0;No;Underweight;Elderly;Normal;Normal
55;Female;62;150;86;75,1;152;48;20,78;0;0;0;0;0;No;Normal;Senior;High;Normal
35;Female;66;152;81;50,8;157;94,9;38,5;0;0;0;0;0;No;Obese;Middle;High;Normal
60;Female;78;174;77;65,7;160;56;21,87;0;0;0;0;0;No;Normal;Senior;High;Normal
29;Female;84;128;90;332;155;45;18,73;0;0;0;0;0;No;Normal;Young;High;Diabetes
60;Female;64;149;88;156,6;145;39,9;18,98;0;1;0;0;0;Yes;Normal;Senior;High;Diabetes
60;Male;57;226;115;59,9;165;51,3;18,84;0;1;0;0;0;No;Normal;Senior;High;Normal
52;Female;70;155;94;61,1;152;50;21,64;0;0;0;0;0;No;Normal;Senior;High;Normal
26;Male;68;126;75;83,2;168;60,3;21,36;1;0;1;0;0;No;Normal;Young;Normal;Normal
45;Male;70;132;81;80;165;64;23,51;0;0;0;0;0;No;Normal;Middle;Normal;Normal
60;Male;81;143;104;78,3;165;67;24,61;0;0;0;0;0;No;Normal;Senior;High;Normal
55;Female;72;209;118;79;142;50;24,8;0;0;0;0;0;No;Normal;Senior;High;Normal
58;Male;70;125;91;54,7;165;50,5;18,55;0;0;0;0;0;No;Normal;Senior;High;Normal
75;Male;59;171;86;61,8;168;60;21,26;0;1;0;1;0;Yes;Normal;Elderly;High;Normal
57;Male;57;184;106;70;157;60,3;24,46;0;1;0;0;0;Yes;Normal;Senior;High;Normal
56;Male;73;165;96;69,8;145;51,1;24,3;0;0;0;0;0;No;Normal;Senior;High;Normal
52;Female;69;212;110;62,1;132;60;34,44;0;1;0;1;0;Yes;Obese;Senior;High;Normal
45;Female;69;134;113;76,5;157;50,3;20,41;0;0;0;0;0;No;Normal;Middle;High;Normal
40;Male;70;143;82;66,7;157;57;23,12;0;0;0;0;0;No;Normal;Middle;High;Normal
50;Male;69;139;80;116,2;165;46,9;17,23;0;0;0;0;0;No;Underweight;Senior;Normal;Prediabetes
60;Female;71;165;102;193,7;152;50;21,64;0;0;0;0;0;No;Normal;Senior;High;Diabetes
35;Female;58;121;77;54,4;147;49,2;22,77;0;0;0;0;0;No;Normal;Middle;Normal;Normal
45;Female;66;122;83;63,8;152;55;23,81;0;0;0;0;0;No;Normal;Middle;Normal;Normal
35;Female;68;161;113;60,1;150;62,2;27,64;0;0;0;0;0;No;Overweight;Middle;High;Normal
35;Female;78;139;81;66,8;152;64,6;27,96;0;0;0;0;0;No;Overweight;Middle;Normal;Normal
22;Female;78;130;91;53,1;147;61,2;28,32;0;0;0;0;0;No;Overweight;Young;High;Normal
68;Male;67;135;83;52,5;155;52;21,64;0;0;0;1;0;Yes;Normal;Elderly;Normal;Normal
60;Male;61;172;94;76,2;155;84;34,96;0;1;0;0;0;No;Obese;Senior;High;Normal
50;Female;59;115;73;54,6;155;45,8;19,06;0;0;0;0;0;No;Normal;Senior;Normal;Normal
60;Female;65;176;103;68,3;142;60,5;30;0;1;0;0;0;No;Obese;Senior;High;Normal
50;Female;70;184;111;57,5;145;55,1;26,21;0;0;0;0;0;No;Overweight;Senior;High;Normal
50;Female;56;151;91;62,3;155;42,6;17,73;0;1;0;0;0;No;Underweight;Senior;High;Normal
64;Female;58;150;94;68,8;163;63,4;23,86;0;1;0;0;0;No;Normal;Elderly;High;Normal
50;Female;58;176;89;70,2;157;73,5;29,82;0;1;0;0;0;No;Overweight;Senior;High;Normal
28;Female;80;123;73;55;152;55;23,81;0;0;0;0;0;No;Normal;Young;Normal;Normal
24;Male;60;126;74;63,6;160;52;20,31;1;0;1;0;0;No;Normal;Young;Normal;Normal
32;Female;74;126;77;53,3;152;50,3;21,77;0;0;0;0;0;No;Normal;Middle;Normal;Normal
55;Female;80;139;81;82,1;152;51,1;22,12;0;0;0;0;0;No;Normal;Senior;Normal;Normal
50;Male;73;144;98;91,3;157;58;23,53;0;0;0;0;0;No;Normal;Senior;High;Normal
30;Female;82;129;81;59,9;160;48;18,75;0;0;0;0;0;No;Normal;Young;Normal;Normal
50;Female;104;120;81;113,6;152;70;30,3;0;0;0;0;0;No;Obese;Senior;Normal;Prediabetes
70;Female;85;162;92;120;157;64;25,96;0;0;0;0;0;No;Overweight;Elderly;High;Prediabetes
28;Female;77;100;66;60,8;163;51,8;19,5;0;0;0;0;0;No;Normal;Young;Normal;Normal
35;Male;76;158;88;79,3;160;61,8;24,14;0;0;0;0;0;No;Normal;Middle;High;Normal
40;Male;63;103;66;55;152;47;20,34;0;0;0;0;0;No;Normal;Middle;Normal;Normal
52;Female;92;207;98;60;177;51;16,28;0;0;0;0;0;No;Underweight;Senior;High;Normal
29;Female;75;138;88;107,5;155;58,4;24,31;0;0;0;0;0;No;Normal;Young;Normal;Prediabetes
30;Female;54;122;69;66,4;150;47,8;21,24;0;0;0;0;0;No;Normal;Young;Normal;Normal
35;Male;71;125;69;61,5;168;70;24,8;0;0;0;0;0;No;Normal;Middle;Normal;Normal
25;Female;89;130;80;67,1;155;58;24,14;0;0;0;0;0;No;Normal;Young;Normal;Normal
65;Female;82;131;73;90;157;46,7;18,95;0;1;0;0;0;No;Normal;Elderly;Normal;Normal
60;Male;80;122;81;57,3;163;54,3;20,44;0;0;0;0;0;No;Normal;Senior;Normal;Normal
45;Female;86;146;93;41,5;152;55;23,81;0;0;0;0;0;No;Normal;Middle;High;Normal
51;Female;60;145;90;94;160;79;30,86;0;0;0;0;0;No;Obese;Senior;High;Normal
33;Female;67;116;84;64,1;163;72,1;27,14;1;0;1;0;0;No;Overweight;Middle;Normal;Normal
65;Female;82;132;75;102,3;145;38;18,07;0;0;0;0;0;No;Underweight;Elderly;Normal;Prediabetes
38;Female;99;123;52;120;157;53;21,5;0;1;0;0;0;Yes;Normal;Middle;Normal;Prediabetes
65;Female;57;125;79;79,8;147;36;16,66;0;0;0;0;0;No;Underweight;Elderly;Normal;Normal
70;Male;40;171;72;86,6;170;57;19,72;0;0;0;0;0;No;Normal;Elderly;High;Normal
50;Male;72;114;75;63,5;163;40,1;15,09;0;0;0;0;0;No;Underweight;Senior;Normal;Normal
65;Female;56;152;79;57;168;59,7;21,15;0;1;0;0;0;No;Normal;Elderly;High;Normal
38;Male;91;159;102;92,2;160;85,2;33,28;0;0;0;0;0;No;Obese;Middle;High;Normal
54;Female;59;161;91;64,2;150;52,3;23,24;0;1;0;0;0;Yes;Normal;Senior;High;Normal
45;Male;69;127;71;73,4;160;51;19,92;0;0;0;0;0;No;Normal;Middle;Normal;Normal
63;Male;76;137;83;75,2;161;80;30,86;0;0;0;0;0;No;Obese;Elderly;Normal;Normal
32;Male;65;115;81;50,3;163;44,4;16,71;0;0;0;0;0;No;Underweight;Middle;Normal;Normal
27;Female;76;127;82;55,2;124;57,1;37,14;0;0;0;0;0;No;Obese;Young;Normal;Normal
28;Female;83;124;83;44,9;155;74,2;30,88;0;0;0;0;0;No;Obese;Young;Normal;Normal
53;Female;67;145;98;97,4;152;52;22,51;0;0;0;0;0;No;Normal;Senior;High;Normal
61;Male;57;129;83;52;168;57;20,2;0;0;0;0;0;No;Normal;Elderly;Normal;Normal
45;Female;83;131;87;59,6;157;56,2;22,8;0;0;0;0;0;No;Normal;Middle;Normal;Normal
51;Female;57;144;101;49,7;140;64,3;32,81;0;1;0;0;0;Yes;Obese;Senior;High;Normal
25;Female;62;117;83;76,1;142;39,8;19,74;1;0;1;0;0;No;Normal;Young;Normal;Normal
62;Male;57;104;69;54,4;157;42;17,04;0;0;0;0;0;No;Underweight;Elderly;Normal;Normal
50;Female;59;124;66;73,6;152;46;19,91;0;0;0;0;0;No;Normal;Senior;Normal;Normal
50;Female;68;148;82;65;152;68,7;29,74;0;0;0;0;0;No;Overweight;Senior;High;Normal
62;Male;54;116;63;68,7;170;65;22,49;0;0;0;0;0;No;Normal;Elderly;Normal;Normal
65;Male;59;137;79;62,8;150;48;21,33;0;0;0;0;0;No;Normal;Elderly;Normal;Normal
45;Female;85;115;69;69,1;152;45,2;19,56;0;0;0;0;0;No;Normal;Middle;Normal;Normal
35;Female;79;116;74;51,7;163;33;12,42;0;0;0;0;0;No;Underweight;Middle;Normal;Normal
52;Male;63;130;83;47,5;155;50;20,81;0;0;0;0;0;No;Normal;Senior;Normal;Normal
33;Female;64;129;90;51,2;155;55;22,89;0;1;0;0;0;No;Normal;Middle;High;Normal
49;Female;67;160;103;51,5;152;50;21,64;0;1;0;0;0;No;Normal;Senior;High;Normal
50;Male;71;115;61;69,6;157;55;22,31;0;0;0;0;0;No;Normal;Senior;Normal;Normal
59;Female;50;148;80;73;135;39;21,4;0;0;0;0;0;No;Normal;Senior;High;Normal
28;Female;68;120;76;59,8;157;40;16,23;0;0;0;0;0;No;Underweight;Young;Normal;Normal
73;Male;82;117;70;51,3;170;55,1;19,07;0;0;0;0;0;No;Normal;Elderly;Normal;Normal
50;Female;67;112;55;73,7;150;45;20;0;0;0;0;0;No;Normal;Senior;Normal;Normal
50;Male;59;123;81;53,5;163;61,6;23,18;0;0;0;0;0;No;Normal;Senior;Normal;Normal
35;Female;74;114;78;57,7;150;65,2;28,98;0;0;0;0;0;No;Overweight;Middle;Normal;Normal
45;Female;74;126;81;78;152;62;26,84;0;0;0;0;0;No;Overweight;Middle;Normal;Normal
30;Female;65;144;105;61,8;152;67,3;29,13;0;0;0;0;0;No;Overweight;Young;High;Normal
49;Female;74;128;80;65,3;147;49;22,68;0;0;0;0;0;Yes;Normal;Senior;Normal;Normal
23;Female;68;149;102;73,2;157;66,6;27,02;0;0;0;0;0;No;Overweight;Young;High;Normal
60;Male;78;156;94;45,6;160;55,7;21,76;0;0;0;1;0;No;Normal;Senior;High;Normal
30;Female;70;130;92;57,6;155;72,5;30,18;0;0;0;0;0;No;Obese;Young;High;Normal
35;Female;69;160;90;45,4;155;53,9;22,43;0;0;0;0;0;No;Normal;Middle;High;Normal
50;Female;71;188;118;62;145;75,6;35,96;0;1;0;0;0;Yes;Obese;Senior;High;Normal
70;Male;71;140;84;55,9;163;61,7;23,22;0;0;0;0;0;No;Normal;Elderly;High;Normal
35;Female;76;118;68;65,4;152;56;24,24;0;0;0;0;0;No;Normal;Middle;Normal;Normal
60;Female;57;161;109;60,6;157;53,3;21,62;0;0;0;0;0;No;Normal;Senior;High;Normal
55;Female;86;158;99;50,5;157;42,3;17,16;0;0;0;0;0;No;Underweight;Senior;High;Normal
48;Female;72;96;60;55,8;157;50,5;20,49;0;0;0;0;0;No;Normal;Senior;Normal;Normal
48;Female;65;133;87;65,6;150;54;24;0;0;0;0;0;No;Normal;Senior;Normal;Normal
65;Female;46;158;87;93,5;147;52,6;24,34;0;0;0;0;0;No;Normal;Elderly;High;Normal
40;Female;77;155;100;62,2;152;61;26,4;0;0;0;0;0;No;Overweight;Middle;High;Normal
60;Male;57;162;91;92,1;163;65;24,46;0;1;0;0;0;Yes;Normal;Senior;High;Normal
55;Female;69;189;95;61,2;152;55,7;24,11;0;1;0;0;1;Yes;Normal;Senior;High;Normal
26;Female;59;126;86;62,4;150;61,1;27,16;0;0;0;0;0;No;Overweight;Young;Normal;Normal
31;Female;73;144;81;64,4;152;72,2;31,25;1;0;1;0;0;No;Obese;Middle;High;Normal
27;Female;72;124;83;56,1;147;63,1;29,2;0;0;0;0;0;No;Overweight;Young;Normal;Normal
28;Female;67;131;84;54,4;142;46,4;23,01;0;0;0;0;0;No;Normal;Young;Normal;Normal
28;Male;75;142;99;84,7;157;66,5;26,98;0;0;0;0;0;No;Overweight;Young;High;Normal
27;Female;78;108;69;68;155;67,3;28,01;0;0;0;0;0;No;Overweight;Young;Normal;Normal
30;Female;57;127;70;56,6;152;53;22,94;0;0;0;0;0;No;Normal;Young;Normal;Normal
45;Male;68;155;99;68,3;168;68,3;24,2;0;0;0;0;0;No;Normal;Middle;High;Normal
50;Male;67;116;74;54,2;165;63,1;23,18;0;0;0;1;1;No;Normal;Senior;Normal;Normal
40;Female;70;129;95;53,1;142;51,3;25,44;0;1;0;0;0;No;Overweight;Middle;High;Normal
40;Female;64;107;63;58,2;157;52,5;21,3;0;1;0;0;0;No;Normal;Middle;Normal;Normal
45;Female;66;159;90;61,8;145;53,9;25,64;0;0;0;0;0;No;Overweight;Middle;High;Normal
30;Female;86;127;75;50,3;157;51,3;20,81;0;0;0;0;0;No;Normal;Young;Normal;Normal
40;Male;83;121;95;70,9;196;64,3;16,74;1;0;1;0;0;No;Underweight;Middle;High;Normal
32;Male;63;127;79;63,2;163;61,5;23,15;0;0;0;0;0;No;Normal;Middle;Normal;Normal
26;Female;64;116;74;57,9;135;36;19,75;0;0;0;0;0;No;Normal;Young;Normal;Normal
35;Male;105;136;93;124,2;157;62;25,15;0;0;0;0;0;Yes;Overweight;Middle;High;Prediabetes
55;Female;74;147;89;120,7;147;49;22,68;0;0;0;0;0;Yes;Normal;Senior;High;Prediabetes
28;Female;92;149;110;91,6;155;52;21,64;0;0;0;0;0;Yes;Normal;Young;High;Normal
35;Female;85;112;79;80;154;59;24,88;0;0;0;0;0;No;Normal;Middle;Normal;Normal
22;Female;80;98;62;51,9;152;48,5;20,99;0;0;0;0;0;No;Normal;Young;Normal;Normal
60;Male;59;152;85;58,7;165;46;16,9;0;1;0;0;0;No;Underweight;Senior;High;Normal
45;Male;78;155;102;50,4;155;48;19,98;0;0;0;0;0;No;Normal;Middle;High;Normal
70;Female;67;162;88;50,9;157;52,3;21,22;0;1;0;0;1;No;Normal;Elderly;High;Normal
45;Female;76;128;79;94,1;155;61;25,39;0;0;0;0;0;No;Overweight;Middle;Normal;Normal
24;Male;63;165;89;48,9;155;72,6;21,9;0;0;0;0;0;No;Normal;Young;High;Normal
40;Female;80;125;83;56,2;160;62,7;24,49;0;0;0;0;0;No;Normal;Middle;Normal;Normal
35;Female;76;128;85;62,1;145;65;30,92;0;0;0;0;0;No;Obese;Middle;Normal;Normal
75;Male;59;144;81;69,8;168;60;21,26;0;0;0;0;0;No;Normal;Elderly;High;Normal
55;Female;68;123;77;71,9;160;55;21,48;0;0;0;0;0;No;Normal;Senior;Normal;Normal
32;Male;77;106;73;117;160;52,1;20,35;0;0;0;0;0;No;Normal;Middle;Normal;Prediabetes
50;Female;64;116;69;68,1;157;50,4;20,45;0;0;0;0;0;No;Normal;Senior;Normal;Normal
28;Female;70;149;94;52,6;160;62,3;24,34;0;0;0;0;0;No;Normal;Young;High;Normal
40;Female;73;129;80;50,3;142;48,9;24,25;0;0;0;0;0;No;Normal;Middle;Normal;Normal
70;Female;74;149;84;86,3;155;33,9;14,11;0;1;0;0;0;No;Underweight;Elderly;High;Normal
75;Female;68;167;71;65,6;145;36;17,12;0;0;0;0;0;No;Underweight;Elderly;High;Normal
60;Female;76;186;103;79,3;150;44;19,56;0;1;0;0;0;No;Normal;Senior;High;Normal
33;Male;69;115;54;57,3;165;49,7;18,26;0;0;0;0;0;No;Underweight;Middle;Normal;Normal
60;Female;71;106;74;60,7;157;42,2;17,12;0;0;0;0;0;No;Underweight;Senior;Normal;Normal
50;Female;67;142;99;59,5;150;58;25,78;0;1;0;0;0;No;Overweight;Senior;High;Normal
60;Female;104;170;102;90;139;60;31,05;0;1;0;0;0;No;Obese;Senior;High;Normal
32;Female;94;122;85;40;139;42;21,74;0;0;0;0;0;No;Normal;Middle;Normal;Normal
37;Male;79;120;70;50;162;59;22,48;0;0;0;0;0;No;Normal;Middle;Normal;Normal
67;Male;86;120;70;120;162;59;22,48;0;0;0;0;0;Yes;Normal;Elderly;Normal;Prediabetes
40;Female;94;154;91;80;144;54;26,04;0;0;0;0;0;No;Overweight;Middle;High;Normal
32;Female;55;153;93;62,6;152;49;21,21;0;0;0;0;0;No;Normal;Middle;High;Normal
47;Female;82;139;80;80;154;52;21,93;0;1;0;0;0;No;Normal;Senior;Normal;Normal
62;Male;92;159;88;140;144;46;22,18;0;1;0;0;0;Yes;Normal;Elderly;High;Diabetes
27;Female;78;124;68;40;154;52;21,93;0;0;0;1;0;No;Normal;Young;Normal;Normal
25;Female;79;110;79;70;154;55;23,19;0;0;0;0;0;No;Normal;Young;Normal;Normal
62;Female;79;142;77;80;154;72;30,36;0;1;0;0;0;No;Obese;Elderly;High;Normal
32;Female;82;120;70;90;137;41;21,84;0;0;0;0;0;No;Normal;Middle;Normal;Normal
46;Female;95;138;89;120;167;52;18,65;0;1;0;0;0;Yes;Normal;Senior;Normal;Prediabetes
36;Female;65;120;67;140;134;38;21,16;0;0;0;0;0;No;Normal;Middle;Normal;Diabetes
38;Female;79;140;89;70;157;52;21,1;0;1;0;0;0;No;Normal;Middle;High;Normal
32;Female;79;130;86;80;129;32;19,23;0;0;0;0;0;No;Normal;Middle;Normal;Normal
24;Female;79;120;70;50;162;58;22,1;0;0;0;0;0;No;Normal;Young;Normal;Normal
66;Male;65;123;79;300;162;52;19,81;0;0;0;0;0;No;Normal;Elderly;Normal;Diabetes
46;Female;87;116;78;80;139;42;21,74;0;0;0;0;0;No;Normal;Senior;Normal;Normal
22;Female;111;144;75;40;157;60;24,34;0;0;0;0;0;No;Normal;Young;High;Normal
55;Female;104;123;82;60;142;49;24,3;0;1;0;0;0;No;Normal;Senior;Normal;Normal
55;Female;79;129;77;100;157;52;21,1;0;1;0;0;0;Yes;Normal;Senior;Normal;Normal
37;Female;66;122;76;80;154;48;20,24;0;0;0;0;0;No;Normal;Middle;Normal;Normal
44;Female;76;133;75;60;139;40;20,7;0;1;0;0;0;No;Normal;Middle;Normal;Normal
43;Female;75;180;100;70;142;42;20,83;0;1;0;0;0;No;Normal;Middle;High;Normal
45;Female;66;195;98;60;157;51;20,69;0;1;0;0;0;No;Normal;Middle;High;Normal
39;Female;79;152;88;90;154;52;21,93;0;0;0;0;0;No;Normal;Middle;High;Normal
74;Male;53;145;77;80;154;60;25,3;0;1;0;0;0;No;Overweight;Elderly;High;Normal
32;Female;81;145;91;200;157;58;23,53;0;0;0;0;0;Yes;Normal;Middle;High;Diabetes
60;Female;84;130;76;240;139;42;21,74;1;1;1;0;0;Yes;Normal;Senior;Normal;Diabetes
32;Female;88;195;103;140;144;45;21,7;0;1;0;0;0;Yes;Normal;Middle;High;Diabetes
40;Female;79;128;80;60;154;59;24,88;0;0;0;0;0;No;Normal;Middle;Normal;Normal
45;Male;79;146;102;140;165;58;21,3;0;0;0;0;0;No;Normal;Middle;High;Diabetes
32;Female;100;139;96;60;162;42;16;0;0;0;0;0;No;Underweight;Middle;High;Normal
32;Male;90;135;74;180;165;60;22,04;0;0;0;0;0;Yes;Normal;Middle;Normal;Diabetes
48;Male;83;112;70;250;165;85;31,22;0;0;0;0;0;Yes;Obese;Senior;Normal;Diabetes
35;Female;87;142;102;130;165;56;20,57;0;1;0;0;0;Yes;Normal;Middle;High;Diabetes
77;Female;100;160;102;70;162;50;19,05;0;1;0;0;0;Yes;Normal;Elderly;High;Normal
60;Female;98;130;86;130;165;56;20,57;0;1;0;0;0;Yes;Normal;Senior;Normal;Diabetes
48;Female;70;135;83;160;165;55;20,2;0;0;0;0;0;Yes;Normal;Senior;Normal;Diabetes
62;Male;71;175;95;50;165;56;20,57;0;0;0;0;0;No;Normal;Elderly;High;Normal
31;Female;70;120;80;60;165;50;18,37;0;0;0;0;0;No;Underweight;Middle;Normal;Normal
73;Male;69;177;84;40;165;55;20,2;0;1;0;0;0;No;Normal;Elderly;High;Normal
73;Male;63;196;89;50;162;50;19,05;0;1;0;0;0;No;Normal;Elderly;High;Normal
28;Female;86;120;73;50;162;55;20,96;0;0;0;0;0;No;Normal;Young;Normal;Normal
32;Female;92;120;75;50;129;55;33,05;0;0;0;0;0;No;Obese;Middle;Normal;Normal
63;Male;76;130;80;80;162;41;15,62;0;0;0;0;0;No;Underweight;Elderly;Normal;Normal
51;Female;70;124;80;50;154;45;18,97;0;0;0;0;0;No;Normal;Senior;Normal;Normal
47;Female;85;151;92;50;162;60;22,86;0;1;0;0;0;No;Normal;Senior;High;Normal
52;Male;63;145;98;65,2;168;70,8;25,09;0;1;0;0;0;No;Overweight;Senior;High;Normal
39;Female;91;110;75;50;165;40;14,69;0;0;0;0;0;No;Underweight;Middle;Normal;Normal
25;Male;66;134;81;60,3;168;56,8;20,12;0;0;0;0;0;No;Normal;Young;Normal;Normal
50;Female;91;130;80;80;165;73;26,81;0;1;0;0;0;No;Overweight;Senior;Normal;Normal
52;Female;92;131;90;60;165;55;20,2;0;0;0;0;0;No;Normal;Senior;High;Normal
47;Female;66;119;76;60;165;52;19,1;0;0;0;0;0;No;Normal;Senior;Normal;Normal
48;Male;91;120;83;90;157;55;22,31;0;1;0;0;0;No;Normal;Senior;Normal;Normal
75;Male;77;143;84;67;168;51,3;18,18;0;0;0;0;0;No;Underweight;Elderly;High;Normal
52;Male;90;148;85;80;165;60;22,04;0;0;0;0;0;No;Normal;Senior;High;Normal
42;Female;75;127;77;50;154;55;23,19;0;0;0;0;0;No;Normal;Middle;Normal;Normal
52;Female;52;125;73;65,9;147;52,6;24,34;0;0;0;0;0;No;Normal;Senior;Normal;Normal
44;Female;91;130;86;50;162;80;30,48;0;1;0;0;0;No;Obese;Middle;Normal;Normal
51;Female;76;174;102;60;162;60;22,86;0;1;0;0;0;No;Normal;Senior;High;Normal
45;Female;99;161;102;40;162;44;16,77;0;1;0;0;0;No;Underweight;Middle;High;Normal
53;Female;93;141;76;60;154;50;21,08;0;0;0;0;0;No;Normal;Senior;High;Normal
56;Male;87;161;99;100;165;76;27,92;0;0;0;0;0;No;Overweight;Senior;High;Normal
45;Female;105;136;91;60;154;45;18,97;0;0;0;0;0;No;Normal;Middle;High;Normal
46;Female;92;110;78;70;162;48;18,29;0;0;0;0;0;No;Underweight;Senior;Normal;Normal
65;Female;87;151;89;220;157;70;28,4;0;1;0;0;0;No;Overweight;Elderly;High;Diabetes
55;Female;93;134;86;60;162;50;19,05;0;1;0;0;0;No;Normal;Senior;Normal;Normal
31;Female;91;120;78;80;165;55;20,2;0;0;0;0;0;No;Normal;Middle;Normal;Normal
30;Female;93;124;80;50;124;50;32,52;0;0;0;0;0;No;Obese;Young;Normal;Normal
65;Female;85;148;83;59,3;157;53,8;21,83;0;0;0;0;0;No;Normal;Elderly;High;Normal
25;Female;91;120;73;70;157;50;20,28;0;0;0;0;0;No;Normal;Young;Normal;Normal
23;Female;123;121;83;80;165;52;19,1;0;0;0;0;0;No;Normal;Young;Normal;Normal
36;Female;74;118;70;50;124;50;32,52;0;0;0;0;0;No;Obese;Middle;Normal;Normal
41;Female;68;116;88;50;162;45;17,15;0;0;0;0;0;No;Underweight;Middle;Normal;Normal
34;Female;69;129;78;50;162;70;26,67;0;0;0;0;0;No;Overweight;Middle;Normal;Normal
31;Female;68;118;72;70;162;70;26,67;0;0;0;0;0;No;Overweight;Middle;Normal;Normal
62;Female;72;144;80;170;165;55;20,2;0;1;0;0;0;Yes;Normal;Elderly;High;Diabetes
65;Male;91;142;95;50;165;56;20,57;0;1;0;0;0;Yes;Normal;Elderly;High;Normal
75;Male;60;135;73;77,3;152;45;19,48;0;0;0;0;0;No;Normal;Elderly;Normal;Normal
45;Female;88;105;69;70;162;53;20,2;0;0;0;0;0;No;Normal;Middle;Normal;Normal
31;Female;99;136;92;80;157;50;20,28;0;0;0;0;0;No;Normal;Middle;High;Normal
63;Female;62;187;95;115,8;157;48;19,47;0;1;0;0;0;Yes;Normal;Elderly;High;Prediabetes
26;Female;72;120;80;80;162;70;26,67;0;0;0;0;0;No;Overweight;Young;Normal;Normal
35;Female;59;122;80;58,6;157;40;16,23;1;0;1;0;0;No;Underweight;Middle;Normal;Normal
36;Female;81;127;91;55,3;145;55;26,16;0;0;0;1;0;No;Overweight;Middle;High;Normal
62;Female;105;140;87;110;147;57;26,38;0;0;0;0;0;No;Overweight;Elderly;High;Prediabetes
38;Male;80;157;105;73,1;160;55;21,48;0;0;0;0;0;No;Normal;Middle;High;Normal
35;Female;74;120;74;136,3;152;56;24,24;0;0;0;0;0;No;Normal;Middle;Normal;Diabetes
35;Female;83;133;115;50;147;57;26,38;0;0;1;0;0;No;Overweight;Middle;High;Normal
49;Female;73;155;109;62,6;135;80;43,9;0;0;0;0;0;No;Obese;Senior;High;Normal
58;Male;82;179;93;60;165;65;23,88;0;1;0;0;0;Yes;Normal;Senior;High;Normal
41;Male;77;114;69;57,8;157;44,9;18,22;0;0;0;0;0;No;Underweight;Middle;Normal;Normal
72;Female;99;185;106;80;132;40;22,96;0;1;0;0;0;No;Normal;Elderly;High;Normal
56;Male;77;159;78;70;134;50;27,85;0;0;1;0;0;Yes;Overweight;Senior;High;Normal
45;Female;70;123;70;50;134;53;29,52;0;0;0;0;0;No;Overweight;Middle;Normal;Normal
53;Female;70;126;107;70;160;50;19,53;0;1;0;0;0;No;Normal;Senior;High;Normal
28;Female;71;105;66;60;160;50;19,53;0;0;0;0;0;No;Normal;Young;Normal;Normal
60;Male;90;137;73;100;160;55;21,48;0;1;0;0;0;Yes;Normal;Senior;Normal;Normal
26;Female;90;121;102;60;160;64;25;0;0;0;0;0;No;Normal;Young;High;Normal
60;Female;76;154;72;46,3;163;45,6;17,16;0;0;0;0;0;No;Underweight;Senior;High;Normal
49;Female;75;139;94;150;134;48;26,73;0;0;0;0;0;Yes;Overweight;Senior;High;Diabetes
37;Female;90;135;91;70;160;55;21,48;0;0;0;0;0;Yes;Normal;Middle;High;Normal
65;Male;94;134;81;78,9;173;61,6;20,58;0;0;0;0;0;No;Normal;Elderly;Normal;Normal
38;Male;80;120;65;50;160;55;21,48;0;0;0;0;0;Yes;Normal;Middle;Normal;Normal
27;Female;80;139;75;60;160;60;23,44;0;0;0;0;0;No;Normal;Young;Normal;Normal
39;Female;86;135;81;80;195;55;14,46;0;0;0;0;0;Yes;Underweight;Middle;Normal;Normal
32;Female;72;156;115;270;165;47;17,26;0;0;0;0;0;Yes;Underweight;Middle;High;Diabetes
50;Female;88;120;73;40;165;45;16,53;0;0;0;0;0;No;Underweight;Senior;Normal;Normal
23;Female;72;123;68;60;165;60;22,04;0;0;0;0;0;No;Normal;Young;Normal;Normal
48;Female;81;150;86;60;165;73;26,81;0;1;0;1;0;No;Overweight;Senior;High;Normal
35;Female;81;149;79;85,6;142;53;26,28;0;0;0;0;0;No;Overweight;Middle;High;Normal
32;Female;72;123;77;60;160;50;19,53;0;0;0;0;0;No;Normal;Middle;Normal;Normal
22;Female;75;120;74;60;165;50;18,37;0;0;0;0;0;No;Underweight;Young;Normal;Normal
34;Female;76;133;74;210;132;48;27,55;0;0;0;0;0;Yes;Overweight;Middle;Normal;Diabetes
55;Female;75;153;89;61,4;152;64,2;27,79;0;0;0;0;0;No;Overweight;Senior;High;Normal
50;Female;81;133;81;170;160;50;19,53;0;0;0;0;0;Yes;Normal;Senior;Normal;Diabetes
35;Female;68;192;109;170;165;54;19,83;0;1;0;0;0;No;Normal;Middle;High;Diabetes
40;Female;84;143;77;60;165;45;16,53;0;0;0;0;0;No;Underweight;Middle;High;Normal
35;Female;95;127;77;80;132;40;22,96;0;1;0;0;0;No;Normal;Middle;Normal;Normal
42;Female;72;120;63;50;165;50;18,37;0;0;0;0;0;No;Underweight;Middle;Normal;Normal
42;Female;74;121;67;60;165;58;21,3;0;0;0;0;0;No;Normal;Middle;Normal;Normal
27;Female;70;123;64;60;132;46;26,4;0;0;0;0;0;No;Overweight;Young;Normal;Normal
64;Male;65;151;91;70;160;58;22,66;0;0;0;0;0;Yes;Normal;Elderly;High;Normal
35;Female;73;130;92;60;165;61;22,41;0;0;0;0;0;No;Normal;Middle;High;Normal
52;Female;89;112;63;70;165;38;13,96;0;0;0;0;0;No;Underweight;Senior;Normal;Normal
50;Female;64;111;73;70;160;45;17,58;0;1;0;0;0;Yes;Underweight;Senior;Normal;Normal
77;Female;72;143;87;70;165;48;17,63;0;0;0;0;0;No;Underweight;Elderly;High;Normal
45;Female;72;120;73;60;160;55;21,48;0;0;0;0;0;No;Normal;Middle;Normal;Normal
80;Male;50;136;73;80;132;50;28,7;0;0;0;0;0;No;Overweight;Elderly;Normal;Normal
37;Female;75;120;74;70;160;57;22,27;0;0;0;0;0;Yes;Normal;Middle;Normal;Normal
46;Female;87;159;94;70;162;64;24,39;0;1;0;0;0;No;Normal;Senior;High;Normal
44;Female;75;136;84;130;162;54;20,58;0;0;0;0;0;Yes;Normal;Middle;Normal;Diabetes
61;Female;81;155;70;300;134;40;22,28;0;1;0;0;0;Yes;Normal;Elderly;High;Diabetes
45;Female;91;135;81;70;162;62;23,62;0;1;0;0;0;No;Normal;Middle;Normal;Normal
34;Female;84;153;104;141,7;135;59,8;32,81;0;0;0;0;0;No;Obese;Middle;High;Diabetes
62;Female;53;158;83;120;134;53;29,52;0;1;0;0;0;No;Overweight;Elderly;High;Prediabetes
33;Female;111;140;94;70;162;81;30,86;0;0;0;0;0;Yes;Obese;Middle;High;Normal
55;Female;106;143;98;60;160;60;23,44;0;1;0;0;0;Yes;Normal;Senior;High;Normal
35;Female;111;143;96;80;160;43;16,8;0;1;0;0;0;Yes;Underweight;Middle;High;Normal
50;Female;93;135;78;130;160;58;22,66;0;1;0;0;0;Yes;Normal;Senior;Normal;Diabetes
46;Female;79;174;105;60;134;70;38,98;0;1;0;0;0;No;Obese;Senior;High;Normal
63;Male;78;106;78;50;160;48;18,75;0;0;0;0;0;Yes;Normal;Elderly;Normal;Normal
40;Female;85;129;80;90;165;80;29,38;0;1;0;0;0;Yes;Overweight;Middle;Normal;Normal
35;Male;63;110;77;50;165;57;20,94;0;0;1;0;0;No;Normal;Middle;Normal;Normal
40;Female;72;150;60;80;132;35;20,09;0;1;0;0;0;No;Normal;Middle;High;Normal
52;Male;70;133;65;60;165;52;19,1;0;0;0;0;0;No;Normal;Senior;Normal;Normal
25;Female;98;126;74;60;132;60;34,44;0;0;0;0;0;No;Obese;Young;Normal;Normal
25;Female;85;143;85;180;160;50;19,53;0;0;0;0;0;Yes;Normal;Young;High;Diabetes
55;Female;92;151;93;70;132;50;28,7;0;0;0;0;0;Yes;Overweight;Senior;High;Normal
35;Female;93;152;117;40;165;52;19,1;0;1;0;0;0;No;Normal;Middle;High;Normal
40;Male;80;120;62;70;160;60;23,44;0;0;0;0;0;No;Normal;Middle;Normal;Normal
35;Female;61;190;93;210;160;52;20,31;0;1;0;0;0;Yes;Normal;Middle;High;Diabetes
54;Male;90;130;92;90;165;65;23,88;0;0;0;0;0;Yes;Normal;Senior;High;Normal
64;Male;70;119;65;80;132;44;25,25;0;0;0;0;0;Yes;Overweight;Elderly;Normal;Normal
35;Female;86;119;66;70;165;55;20,2;0;0;0;0;0;Yes;Normal;Middle;Normal;Normal
25;Female;101;115;68;50;133;70;39,57;0;0;0;0;0;No;Obese;Young;Normal;Normal
35;Female;69;134;89;56,8;150;65;28,89;0;0;0;0;0;No;Overweight;Middle;Normal;Normal
67;Male;51;143;93;62,4;170;57;19,72;0;0;0;0;0;No;Normal;Elderly;High;Normal
58;Female;57;147;95;65,3;163;56,9;21,42;0;1;0;0;0;No;Normal;Senior;High;Normal
52;Female;59;175;95;75,5;152;62,3;26,97;0;1;0;0;0;No;Overweight;Senior;High;Normal
30;Female;79;131;85;76,3;157;61,4;24,91;0;0;0;0;0;No;Normal;Young;Normal;Normal
36;Female;69;121;88;286;152;51,2;22,16;0;0;0;0;0;No;Normal;Middle;Normal;Diabetes
50;Female;79;147;98;150;160;70;27,34;0;1;0;0;0;Yes;Overweight;Senior;High;Diabetes
29;Female;104;139;92;80;147;60;27,77;0;0;0;0;0;No;Overweight;Young;High;Normal
70;Female;88;143;74;198,9;147;52,5;24,3;0;0;0;0;0;Yes;Normal;Elderly;High;Diabetes
32;Female;75;131;87;60;149;50;22,52;0;0;0;0;0;No;Normal;Middle;Normal;Normal
55;Female;98;125;82;90;149;55;24,77;0;0;0;0;0;No;Normal;Senior;Normal;Normal
30;Female;88;98;53;90;154;52;21,93;0;0;0;0;0;No;Normal;Young;Normal;Normal
37;Female;81;146;96;150;157;65;26,37;0;0;0;0;0;No;Overweight;Middle;High;Diabetes
40;Female;79;103;75;60;149;55;24,77;0;0;1;0;0;No;Normal;Middle;Normal;Normal
45;Female;95;145;96;80;154;66;27,83;0;1;0;0;0;Yes;Overweight;Middle;High;Normal
55;Female;71;130;77;100;154;54;22,77;0;1;0;0;0;Yes;Normal;Senior;Normal;Normal
65;Female;94;126;80;100;149;64;28,83;0;0;0;0;0;Yes;Overweight;Elderly;Normal;Normal
50;Female;79;144;91;69,6;150;54;24;1;0;1;0;0;No;Normal;Senior;High;Normal
55;Female;92;142;84;120;157;53;21,5;0;0;0;0;0;No;Normal;Senior;High;Prediabetes
45;Female;76;128;80;50;147;52;24,06;0;0;0;0;0;No;Normal;Middle;Normal;Normal
55;Female;90;118;76;60;144;50;24,11;0;1;0;0;0;Yes;Normal;Senior;Normal;Normal
60;Male;69;153;90;69,6;178;72;22,72;0;0;0;0;0;No;Normal;Senior;High;Normal
48;Male;64;149;96;74,8;165;59;21,67;0;1;0;0;0;No;Normal;Senior;High;Normal
37;Female;82;177;111;66,4;147;85,7;39,66;0;1;0;0;0;No;Obese;Middle;High;Normal
32;Female;99;126;84;71,5;152;67,6;29,26;0;0;0;0;0;No;Overweight;Middle;Normal;Normal
65;Male;91;134;95;50,4;165;67,6;24,83;0;0;0;0;0;No;Normal;Elderly;High;Normal
65;Male;60;137;76;59,9;165;46,7;17,15;0;1;0;1;0;Yes;Underweight;Elderly;Normal;Normal
55;Female;56;176;85;60;155;42,4;17,65;0;1;0;0;0;No;Underweight;Senior;High;Normal
55;Female;76;126;88;78;157;52,9;21,46;0;0;0;1;0;No;Normal;Senior;Normal;Normal
30;Female;81;162;111;75,2;160;71,2;27,81;0;0;0;0;0;No;Overweight;Young;High;Normal
30;Female;70;149;68;67,7;157;48,4;19,64;0;0;0;0;0;No;Normal;Young;High;Normal
48;Female;83;166;98;50;157;42;17,04;0;1;0;0;0;No;Underweight;Senior;High;Normal
45;Female;91;142;91;110;157;57;23,12;0;1;0;0;0;Yes;Normal;Middle;High;Prediabetes
30;Female;77;116;76;60;157;65;26,37;0;0;0;0;0;No;Overweight;Young;Normal;Normal
50;Male;85;144;93;70;152;50;21,64;0;1;1;0;0;Yes;Normal;Senior;High;Normal
70;Female;87;172;80;60;154;50;21,08;0;1;0;0;0;No;Normal;Elderly;High;Normal
50;Male;80;156;76;50;154;50;21,08;0;1;0;0;0;No;Normal;Senior;High;Normal
55;Female;85;157;91;70;157;50;20,28;0;1;0;0;0;Yes;Normal;Senior;High;Normal
75;Female;73;160;85;53,1;152;48;20,78;0;1;0;0;0;No;Normal;Elderly;High;Normal
48;Female;75;140;80;80;157;43;17,44;0;0;0;0;0;No;Underweight;Senior;High;Normal
48;Female;93;135;100;60;157;80;32,46;0;1;0;0;0;Yes;Obese;Senior;High;Normal
45;Female;109;151;108;200;154;60;25,3;0;1;0;0;0;Yes;Overweight;Middle;High;Diabetes
38;Male;89;145;82;60;154;65;27,41;0;0;1;0;0;No;Overweight;Middle;High;Normal
35;Female;73;116;78;60;160;55;21,48;0;0;0;0;0;No;Normal;Middle;Normal;Normal
32;Female;93;114;71;90;154;50;21,08;0;0;0;0;0;No;Normal;Middle;Normal;Normal
60;Male;80;101;61;62,5;163;43,5;16,37;0;0;0;0;0;No;Underweight;Senior;Normal;Normal
41;Female;93;117;75;160;154;50;21,08;0;1;0;0;0;Yes;Normal;Middle;Normal;Diabetes
45;Female;61;149;87;67,2;147;56,9;26,33;0;1;0;0;0;No;Overweight;Middle;High;Normal
52;Female;83;141;78;200;154;50;21,08;0;1;0;0;0;Yes;Normal;Senior;High;Diabetes
35;Female;70;151;102;60,4;157;58,5;23,73;0;1;0;0;0;No;Normal;Middle;High;Normal
43;Female;87;141;84;150;154;50;21,08;0;1;0;0;0;Yes;Normal;Middle;High;Diabetes
71;Male;89;140;87;130;157;65;26,37;0;1;0;0;0;Yes;Overweight;Elderly;High;Diabetes
37;Female;104;122;78;40;157;80;32,46;0;0;0;0;0;No;Obese;Middle;Normal;Normal
38;Female;82;115;76;150;154;70;29,52;0;0;0;0;0;Yes;Overweight;Middle;Normal;Diabetes
48;Female;81;112;72;90;147;45;20,82;0;0;0;0;0;No;Normal;Senior;Normal;Normal
67;Male;85;126;67;200;154;45;18,97;0;0;0;0;0;Yes;Normal;Elderly;Normal;Diabetes
41;Female;91;133;89;123,2;152;52;22,51;0;0;0;0;0;No;Normal;Middle;Normal;Prediabetes
35;Male;62;121;72;58,1;168;50,1;17,75;0;0;0;0;0;No;Underweight;Middle;Normal;Normal
22;Female;59;102;65;52,1;152;41;17,75;0;0;0;0;0;No;Underweight;Young;Normal;Normal
65;Male;65;137;84;60;168;47,5;16,83;0;0;0;0;0;No;Underweight;Elderly;Normal;Normal
50;Female;64;114;73;60,3;157;51,5;20,89;0;0;0;0;0;No;Normal;Senior;Normal;Normal
36;Female;70;138;86;52,3;157;68,4;27,75;0;0;0;0;0;No;Overweight;Middle;Normal;Normal
52;Female;69;149;82;78,9;145;37;17,6;0;0;0;0;0;No;Underweight;Senior;High;Normal
75;Female;76;167;92;73,4;145;40;19,02;0;1;0;0;0;No;Normal;Elderly;High;Normal
36;Male;62;128;83;76,5;145;43,4;20,64;0;0;0;0;0;No;Normal;Middle;Normal;Normal
45;Male;67;130;73;55,1;163;56,4;21,23;0;0;0;0;0;No;Normal;Middle;Normal;Normal
30;Female;78;147;84;59,5;155;64,3;26,76;0;0;0;0;0;No;Overweight;Young;High;Normal
35;Female;75;118;75;59,6;155;49,2;20,48;0;0;0;0;0;No;Normal;Middle;Normal;Normal
70;Female;84;171;89;121,9;165;37;13,59;0;0;0;0;0;No;Underweight;Elderly;High;Prediabetes
30;Female;73;144;93;49,7;142;69,3;34,37;0;0;0;0;0;No;Obese;Young;High;Normal
55;Male;70;130;76;291,5;165;63,3;23,25;1;1;1;1;0;Yes;Normal;Senior;Normal;Diabetes
35;Female;81;140;90;66,6;155;59,4;24,72;0;0;0;0;0;No;Normal;Middle;High;Normal
48;Female;90;98;76;68,2;152;47;20,34;0;0;0;0;0;No;Normal;Senior;Normal;Normal
65;Female;58;222;95;81,2;157;58;23,53;0;1;0;0;0;No;Normal;Elderly;High;Normal
40;Female;75;191;111;84,7;155;62;25,81;0;0;0;0;0;No;Overweight;Middle;High;Normal
30;Female;75;140;90;88,8;147;53,2;24,62;0;0;0;0;0;No;Normal;Young;High;Normal
46;Female;74;202;106;42,9;155;61;25,39;0;1;0;0;1;No;Overweight;Senior;High;Normal
50;Male;82;119;77;62,3;160;56,6;22,11;0;0;0;0;0;No;Normal;Senior;Normal;Normal
45;Female;89;139;83;91;152;63;27,27;0;0;0;0;0;No;Overweight;Middle;Normal;Normal
35;Female;83;100;66;59,2;150;45;20;0;0;0;0;0;No;Normal;Middle;Normal;Normal
40;Female;53;151;93;62;150;56,9;25,29;0;0;0;0;0;No;Overweight;Middle;High;Normal
45;Male;74;170;102;63,9;165;61;22,41;0;0;0;0;0;No;Normal;Middle;High;Normal
40;Female;70;106;74;69,2;152;66,9;28,96;0;0;0;0;0;No;Overweight;Middle;Normal;Normal
49;Female;59;174;106;60;149;52;23,42;0;1;0;0;0;No;Normal;Senior;High;Normal
36;Female;54;121;75;60;165;56;20,57;0;0;0;0;0;No;Normal;Middle;Normal;Normal
42;Female;83;151;94;50;149;60;27,03;0;0;0;0;0;No;Overweight;Middle;High;Normal
56;Male;52;105;63;51,8;163;60;22,58;0;0;0;0;0;No;Normal;Senior;Normal;Normal
36;Female;85;110;73;60;149;46;20,72;0;0;0;0;0;No;Normal;Middle;Normal;Normal
52;Female;95;162;91;90;149;63;28,38;0;1;0;0;0;No;Overweight;Senior;High;Normal
52;Female;68;157;95;60;149;45;20,27;0;0;0;0;0;No;Normal;Senior;High;Normal
62;Female;46;142;75;70;144;32;15,43;0;0;0;0;0;No;Underweight;Elderly;High;Normal
62;Female;95;147;79;50;149;39;17,57;0;0;0;0;0;No;Underweight;Elderly;High;Normal
61;Female;73;141;89;70;144;31;14,95;0;0;0;0;0;No;Underweight;Elderly;High;Normal
62;Female;67;169;90;80;147;41;18,97;0;1;0;0;0;No;Normal;Elderly;High;Normal
21;Female;97;128;79;50;149;48;21,62;0;0;0;0;0;No;Normal;Young;Normal;Normal
34;Female;71;125;76;50;149;53;23,87;0;0;0;0;0;No;Normal;Middle;Normal;Normal
55;Female;79;191;105;40;138;30;15,75;0;0;0;0;0;No;Underweight;Senior;High;Normal
52;Female;76;114;70;50;154;50;21,08;0;0;0;0;0;No;Normal;Senior;Normal;Normal
35;Female;50;105;64;40,4;152;48,2;20,86;0;0;0;0;0;No;Normal;Middle;Normal;Normal
38;Female;73;132;83;50;157;61;24,75;0;0;0;0;0;No;Normal;Middle;Normal;Normal
35;Female;66;113;65;50;147;45;20,82;0;0;0;0;0;No;Normal;Middle;Normal;Normal
59;Male;88;132;82;40;162;47;17,91;0;0;0;0;0;No;Underweight;Senior;Normal;Normal
32;Female;67;118;76;50;149;40;18,02;0;0;0;0;0;No;Underweight;Middle;Normal;Normal
45;Male;73;165;106;70;170;68;23,53;0;1;0;0;0;No;Normal;Middle;High;Normal
35;Female;82;144;79;50;149;63;28,38;0;0;0;0;0;No;Overweight;Middle;High;Normal
59;Female;78;141;94;70;147;68;31,47;0;1;0;0;0;No;Obese;Senior;High;Normal
62;Female;88;155;96;50;139;39;20,19;0;0;0;0;0;No;Normal;Elderly;High;Normal
59;Female;82;170;82;120;149;46;20,72;0;1;0;0;0;No;Normal;Senior;High;Prediabetes
56;Male;65;130;81;58,5;157;59;23,94;0;1;0;1;0;No;Normal;Senior;Normal;Normal
40;Female;70;109;66;60,2;155;52;21,64;0;0;0;0;0;No;Normal;Middle;Normal;Normal
66;Male;67;143;78;133,9;163;60;22,58;0;0;0;0;0;No;Normal;Elderly;High;Diabetes
50;Male;64;101;68;59,3;160;48;18,75;0;0;0;0;0;No;Normal;Senior;Normal;Normal
45;Female;61;165;91;62,3;157;57;23,12;0;1;0;0;0;No;Normal;Middle;High;Normal
47;Male;67;130;98;60,8;163;68,6;25,82;0;1;0;0;0;Yes;Overweight;Senior;High;Normal
65;Male;75;159;87;108,9;155;69;28,72;1;1;1;0;0;No;Overweight;Elderly;High;Prediabetes
76;Male;64;155;104;63,5;152;61,8;26,75;0;0;0;0;0;No;Overweight;Elderly;High;Normal
41;Female;82;155;105;68,8;145;60,7;28,87;0;1;0;0;0;Yes;Overweight;Middle;High;Normal
30;Female;64;127;80;65,3;147;54,3;25,13;0;0;0;0;0;No;Overweight;Young;Normal;Normal
35;Male;87;115;85;139,7;173;68,5;22,89;1;0;1;0;0;No;Normal;Middle;Normal;Diabetes
50;Male;70;142;74;74,7;163;49,1;18,48;0;0;0;1;0;No;Underweight;Senior;High;Normal
32;Male;81;117;74;71,3;163;58;21,83;0;0;0;0;0;No;Normal;Middle;Normal;Normal
25;Female;85;96;62;367;147;44;20,36;0;0;0;0;0;No;Normal;Young;Normal;Diabetes
21;Female;62;147;82;61,7;152;64,2;27,79;0;0;0;0;0;No;Overweight;Young;High;Normal
38;Male;61;122;68;94;165;53,1;19,5;0;0;0;0;0;No;Normal;Middle;Normal;Normal
48;Male;55;134;71;59,7;165;63,5;23,32;0;0;0;0;0;No;Normal;Senior;Normal;Normal
35;Female;82;126;81;65,9;150;52,1;23,16;0;0;0;0;0;No;Normal;Middle;Normal;Normal
70;Female;79;169;95;85,9;157;48,9;19,84;0;1;0;0;0;No;Normal;Elderly;High;Normal
70;Male;106;137;83;70,7;155;42,3;17,61;0;0;0;0;0;No;Underweight;Elderly;Normal;Normal
60;Female;58;145;79;82,9;155;56;23,31;0;1;0;1;0;No;Normal;Senior;High;Normal
42;Female;74;137;100;74,3;145;63,6;30,25;0;0;0;0;0;No;Obese;Middle;High;Normal
35;Female;67;120;83;334,6;145;37;17,6;0;0;0;0;0;No;Underweight;Middle;Normal;Diabetes
65;Female;91;140;74;84,6;152;55;23,81;0;0;0;0;0;No;Normal;Elderly;High;Normal
63;Male;74;185;102;87,2;163;46,9;17,65;0;1;0;0;0;No;Underweight;Elderly;High;Normal
70;Male;82;122;69;55;163;59;22,21;0;0;0;0;0;No;Normal;Elderly;Normal;Normal
57;Female;67;135;82;77,1;138;43,1;22,63;0;0;0;0;0;No;Normal;Senior;Normal;Normal
22;Female;78;120;72;73,1;160;67;26,17;0;0;0;0;0;No;Overweight;Young;Normal;Normal
54;Female;55;135;83;76,7;152;47;20,34;0;0;0;0;0;No;Normal;Senior;Normal;Normal
62;Female;59;155;102;68;152;58;25,1;0;1;0;0;0;No;Overweight;Elderly;High;Normal
70;Female;69;122;77;55,6;152;41,5;17,96;0;0;0;0;0;No;Underweight;Elderly;Normal;Normal
35;Female;70;121;85;90,9;147;42;19,44;0;0;0;0;0;No;Normal;Middle;Normal;Normal
30;Female;74;126;73;70,2;142;40;19,84;0;0;0;0;0;No;Normal;Young;Normal;Normal
36;Male;76;114;70;62,8;170;51;17,65;0;0;0;0;0;No;Underweight;Middle;Normal;Normal
32;Female;72;118;76;88,8;152;65,3;28,26;0;0;0;0;0;Yes;Overweight;Middle;Normal;Normal
37;Female;74;132;84;62,3;147;74;34,24;0;0;0;0;0;No;Obese;Middle;Normal;Normal
66;Female;78;176;99;63,2;152;63,2;27,35;0;0;0;0;0;No;Overweight;Elderly;High;Normal
70;Female;74;164;81;85,6;142;41;20,33;0;0;0;0;0;No;Normal;Elderly;High;Normal
65;Female;66;160;80;69,6;155;40;16,65;0;0;0;0;0;No;Underweight;Elderly;High;Normal
60;Female;78;175;87;63,1;145;49,9;23,73;0;1;0;0;0;No;Normal;Senior;High;Normal
62;Male;74;105;64;78;163;49,1;18,48;0;0;0;0;0;No;Underweight;Elderly;Normal;Normal
79;Male;74;150;80;123,3;173;74;24,73;0;1;0;0;0;Yes;Normal;Elderly;High;Prediabetes
62;Female;57;125;75;66,8;150;70,3;31,24;0;0;0;0;0;No;Obese;Elderly;Normal;Normal
48;Female;67;133;82;70,2;150;63,5;28,22;0;0;0;0;0;No;Overweight;Senior;Normal;Normal
62;Female;76;139;81;94,2;157;61;24,75;0;1;0;0;0;Yes;Normal;Elderly;Normal;Normal
50;Female;75;138;72;68,5;160;54,2;21,17;0;0;0;0;0;Yes;Normal;Senior;Normal;Normal
30;Female;77;123;70;75;155;52;21,64;0;0;0;0;0;No;Normal;Young;Normal;Normal
57;Female;73;176;92;70;142;38;18,85;0;1;0;0;0;Yes;Normal;Senior;High;Normal
55;Female;78;215;118;70;142;59;29,26;0;1;0;0;0;Yes;Overweight;Senior;High;Normal
50;Female;82;120;79;110;149;46;20,72;0;0;0;0;0;No;Normal;Senior;Normal;Prediabetes
51;Female;62;188;95;72,5;150;60;26,67;0;1;0;0;0;No;Overweight;Senior;High;Normal
54;Female;67;138;80;51,6;144;49,3;23,78;0;0;0;0;0;No;Normal;Senior;Normal;Normal
41;Female;81;115;70;69,2;146;55;25,8;0;0;0;0;0;No;Overweight;Middle;Normal;Normal
45;Male;64;123;87;65,2;168;59,8;21,19;0;1;0;0;0;Yes;Normal;Middle;Normal;Normal
40;Female;70;149;91;68,7;152;55,5;24,02;0;0;0;0;0;No;Normal;Middle;High;Normal
45;Female;74;104;72;62,8;147;39;18,05;0;0;0;0;0;No;Underweight;Middle;Normal;Normal
45;Male;70;114;69;62,9;163;53,2;20,02;0;0;0;0;0;No;Normal;Middle;Normal;Normal
52;Male;52;159;92;70,2;165;83;30,49;0;0;0;0;0;Yes;Obese;Senior;High;Normal
35;Female;76;113;62;71,7;152;64,4;27,87;0;0;0;0;0;No;Overweight;Middle;Normal;Normal
45;Female;86;151;87;77;152;62,5;27,05;0;1;0;0;0;No;Overweight;Middle;High;Normal
40;Female;79;160;81;73,3;145;50;23,78;0;0;0;0;0;No;Normal;Middle;High;Normal
40;Female;65;153;76;56,6;152;48;20,78;0;0;0;0;0;No;Normal;Middle;High;Normal
78;Female;71;125;66;59,3;140;40;20,41;0;0;0;0;0;No;Normal;Elderly;Normal;Normal
80;Male;64;189;96;78,8;168;50,3;17,82;0;0;0;0;0;Yes;Underweight;Elderly;High;Normal
67;Male;56;169;100;125,4;168;67,7;23,99;0;1;0;0;1;Yes;Normal;Elderly;High;Diabetes
45;Female;69;173;105;49,6;155;62,6;26,06;0;1;0;0;0;No;Overweight;Middle;High;Normal
65;Female;66;146;75;57,9;150;42,9;19,07;0;0;0;0;0;No;Normal;Elderly;High;Normal
60;Male;75;138;111;62,6;163;50,6;19,04;0;0;0;0;0;No;Normal;Senior;High;Normal
35;Male;63;129;69;65,5;157;56,7;23;0;0;0;0;0;No;Normal;Middle;Normal;Normal
30;Female;73;126;96;63;155;41,5;17,27;0;0;0;0;0;No;Underweight;Young;High;Normal
35;Female;82;106;75;54,3;145;63,1;30,01;0;0;0;0;0;No;Obese;Middle;Normal;Normal
50;Female;70;110;64;94,8;152;42;18,18;0;0;0;0;0;No;Underweight;Senior;Normal;Normal
55;Male;91;112;83;91,6;157;52;21,1;0;0;0;0;0;No;Normal;Senior;Normal;Normal
45;Female;78;139;88;69,7;160;52,2;20,39;0;0;0;0;0;No;Normal;Middle;Normal;Normal
70;Female;76;110;68;54,4;142;39,2;19,44;0;0;0;0;0;No;Normal;Elderly;Normal;Normal
60;Female;69;166;90;88,9;150;44;19,56;0;0;0;0;0;No;Normal;Senior;High;Normal
42;Male;74;126;86;84,8;157;61,4;24,91;0;0;0;0;0;No;Normal;Middle;Normal;Normal
35;Male;64;120;72;63,4;157;48,6;19,72;0;0;0;0;0;No;Normal;Middle;Normal;Normal
64;Female;77;124;73;57,6;137;46;24,51;0;0;0;0;0;No;Normal;Elderly;Normal;Normal
25;Female;88;114;72;61,8;152;68,1;29,48;0;0;0;0;0;No;Overweight;Young;Normal;Normal
39;Female;60;129;77;66,8;152;50;21,64;0;0;0;0;0;No;Normal;Middle;Normal;Normal
30;Female;55;117;73;58,7;150;45;20;0;0;0;0;0;No;Normal;Young;Normal;Normal
32;Female;92;98;73;226,4;152;58,4;25,28;0;0;0;0;0;Yes;Overweight;Middle;Normal;Diabetes
78;Female;107;98;78;60;167;65;23,31;0;0;0;0;0;No;Normal;Elderly;Normal;Normal
50;Male;78;157;97;97,9;160;53;20,7;0;0;0;0;0;No;Normal;Senior;High;Normal
28;Male;65;135;82;58,1;160;68,3;26,68;1;0;1;0;0;No;Overweight;Young;Normal;Normal
50;Male;84;132;78;74,3;165;60,7;22,3;0;0;0;0;0;No;Normal;Senior;Normal;Normal
55;Male;74;113;71;74,1;152;50;21,64;0;0;0;0;0;No;Normal;Senior;Normal;Normal
50;Male;85;98;76;83,4;165;55;20,2;0;0;0;0;0;No;Normal;Senior;Normal;Normal
65;Male;69;129;80;86,7;152;47;20,34;0;0;0;0;0;No;Normal;Elderly;Normal;Normal
60;Male;67;127;85;78,3;152;62;26,84;0;0;0;0;0;No;Overweight;Senior;Normal;Normal
35;Male;56;112;68;64,1;152;54;23,37;0;0;0;0;0;No;Normal;Middle;Normal;Normal
65;Male;75;118;94;59,9;163;50;18,82;0;0;0;0;0;No;Normal;Elderly;High;Normal
60;Male;105;127;82;74,7;157;60;24,34;0;0;0;0;0;No;Normal;Senior;Normal;Normal
60;Male;72;151;101;57,7;165;53,7;19,72;0;1;0;0;0;No;Normal;Senior;High;Normal
35;Male;87;118;70;81,8;168;81,4;28,84;0;0;0;0;0;No;Overweight;Middle;Normal;Normal
60;Female;68;170;93;69;147;55,9;25,87;0;1;0;0;0;No;Overweight;Senior;High;Normal
38;Male;75;138;102;64,2;157;67,3;27,3;1;0;1;0;0;No;Overweight;Middle;High;Normal
28;Female;80;138;82;45,9;157;79,5;32,25;0;0;0;0;0;No;Obese;Young;Normal;Normal
50;Female;83;118;74;64,6;160;60,1;23,48;0;0;0;0;0;No;Normal;Senior;Normal;Normal
55;Female;67;168;92;103,4;157;74,5;30,22;0;0;0;0;0;No;Obese;Senior;High;Prediabetes
55;Female;89;177;84;58,6;152;61,3;26,53;0;1;0;0;0;No;Overweight;Senior;High;Normal
55;Female;83;155;102;61,3;145;76,3;36,29;0;0;0;0;0;No;Obese;Senior;High;Normal
40;Female;68;132;72;72,6;155;50,2;20,89;0;0;0;0;0;No;Normal;Middle;Normal;Normal
35;Female;75;117;81;67,4;157;58;23,53;0;0;0;0;0;No;Normal;Middle;Normal;Normal
50;Female;57;174;113;63,1;145;70,3;33,44;0;0;0;0;0;No;Obese;Senior;High;Normal
55;Female;70;153;83;104,6;145;47;22,35;0;0;0;0;0;No;Normal;Senior;High;Prediabetes
40;Male;93;96;63;72,2;165;58;21,3;0;0;0;0;0;No;Normal;Middle;Normal;Normal
38;Female;67;163;99;109,6;152;54,6;23,63;0;0;0;0;0;No;Normal;Middle;High;Prediabetes
40;Male;71;90;52;64;168;65;23,03;0;0;0;0;0;No;Normal;Middle;Normal;Normal
44;Female;66;147;96;51,6;150;60,1;26,71;0;0;0;0;0;No;Overweight;Middle;High;Normal
50;Male;83;156;89;62,3;152;74;32,03;0;0;0;0;0;No;Obese;Senior;High;Normal
40;Male;64;130;75;150,8;152;75;32,46;0;0;0;0;0;No;Obese;Middle;Normal;Diabetes
50;Male;70;136;73;52,3;165;62;22,77;0;0;0;0;0;No;Normal;Senior;Normal;Normal
30;Female;76;119;82;65,6;150;42,4;18,84;0;0;0;0;0;No;Normal;Young;Normal;Normal
65;Female;64;159;79;123,6;152;45,6;19,74;0;0;0;0;0;No;Normal;Elderly;High;Prediabetes
70;Male;76;134;73;65,1;152;46;19,91;0;0;0;0;0;No;Normal;Elderly;Normal;Normal
75;Male;69;126;76;111;152;40;17,31;0;0;0;0;0;No;Underweight;Elderly;Normal;Prediabetes
55;Male;85;102;69;71,7;163;45;16,94;0;0;0;0;0;No;Underweight;Senior;Normal;Normal
35;Male;87;123;76;61,2;170;57,5;19,9;0;0;0;0;0;No;Normal;Middle;Normal;Normal
41;Male;82;97;58;82,3;165;47,5;17,45;0;0;0;0;0;No;Underweight;Middle;Normal;Normal
40;Female;78;119;77;64,9;155;47;19,56;0;0;0;0;0;No;Normal;Middle;Normal;Normal
48;Female;92;140;83;92;150;49;21,78;0;0;0;0;0;No;Normal;Senior;High;Normal
40;Male;73;101;72;51,4;157;55;22,31;0;0;0;0;0;No;Normal;Middle;Normal;Normal
50;Female;90;132;86;74,7;155;56;23,31;0;0;0;0;0;Yes;Normal;Senior;Normal;Normal
50;Female;69;136;101;76,6;155;38;15,82;0;0;0;0;0;No;Underweight;Senior;High;Normal
40;Female;75;113;73;73,6;150;60;26,67;0;0;0;0;0;No;Overweight;Middle;Normal;Normal
65;Male;69;134;82;59,6;157;50;20,28;0;0;0;0;0;No;Normal;Elderly;Normal;Normal
34;Female;84;135;98;140;152;58;25,1;0;1;0;0;0;Yes;Overweight;Middle;High;Diabetes
48;Male;75;99;59;83,5;157;48;19,47;0;0;0;0;0;No;Normal;Senior;Normal;Normal
39;Female;73;117;72;66,6;160;55,5;21,68;0;0;0;0;0;No;Normal;Middle;Normal;Normal
35;Male;79;124;82;56,9;157;40;16,23;0;0;0;0;0;No;Underweight;Middle;Normal;Normal
65;Male;52;164;78;47,4;168;61,3;21,72;0;1;0;0;0;Yes;Normal;Elderly;High;Normal
59;Female;86;128;69;96,1;152;58;25,1;0;0;0;0;0;No;Overweight;Senior;Normal;Normal
40;Female;88;129;76;88,6;145;67,1;31,91;0;0;0;0;0;No;Obese;Middle;Normal;Normal
50;Female;75;141;82;90,2;157;62;25,15;0;0;0;0;0;No;Overweight;Senior;High;Normal
50;Male;61;130;71;66,4;157;51,6;20,93;0;0;0;0;0;No;Normal;Senior;Normal;Normal
45;Male;84;115;73;69;157;53;21,5;0;0;0;0;0;No;Normal;Middle;Normal;Normal
30;Female;84;114;75;68,6;145;51;24,26;0;0;0;0;0;No;Normal;Young;Normal;Normal
50;Female;67;114;73;54,3;145;47,2;22,45;0;0;0;0;0;No;Normal;Senior;Normal;Normal
45;Female;80;150;99;181,2;155;42;17,48;0;0;0;0;0;No;Underweight;Middle;High;Diabetes
55;Male;83;129;80;64,1;165;60;22,04;0;0;0;0;0;No;Normal;Senior;Normal;Normal
52;Male;65;127;71;86,5;165;50,3;18,48;0;0;0;0;0;No;Underweight;Senior;Normal;Normal
50;Male;64;134;69;61,9;165;50,1;18,4;0;0;0;0;0;No;Underweight;Senior;Normal;Normal
57;Male;75;118;63;109,5;165;45,5;16,71;0;0;0;0;0;No;Underweight;Senior;Normal;Prediabetes
30;Female;73;116;72;55,1;150;43;19,11;0;0;0;0;0;No;Normal;Young;Normal;Normal
42;Female;72;141;91;97,7;152;47,8;20,69;0;0;0;0;0;No;Normal;Middle;High;Normal
40;Female;70;114;72;62;150;60,2;26,76;0;0;0;0;0;No;Overweight;Middle;Normal;Normal
45;Male;64;116;66;111,9;152;52;22,51;0;0;0;0;0;No;Normal;Middle;Normal;Prediabetes
70;Male;67;165;93;53,2;155;52,5;21,85;0;0;0;0;0;No;Normal;Elderly;High;Normal
65;Male;55;150;84;64,5;160;54;21,09;0;0;0;0;0;No;Normal;Elderly;High;Normal
48;Male;71;120;82;48,4;160;47,9;18,71;0;0;0;0;0;No;Normal;Senior;Normal;Normal
60;Male;76;125;89;57,2;165;44,6;16,38;0;0;0;0;0;No;Underweight;Senior;Normal;Normal
65;Male;64;130;95;50,6;168;65;23,03;0;0;0;0;0;No;Normal;Elderly;High;Normal
60;Female;72;134;74;60,7;155;58;24,14;0;0;0;0;0;No;Normal;Senior;Normal;Normal
55;Male;56;132;67;44,4;165;58;21,3;0;0;0;0;0;No;Normal;Senior;Normal;Normal
45;Male;65;95;57;90,4;155;41,6;17,32;0;0;0;0;0;No;Underweight;Middle;Normal;Normal
70;Female;75;135;73;64,6;147;32;14,81;0;0;0;0;0;No;Underweight;Elderly;Normal;Normal
26;Female;64;154;101;67,8;157;59,1;23,98;0;0;0;0;0;No;Normal;Young;High;Normal
35;Female;81;139;72;109,1;152;41;17,75;0;0;0;0;0;No;Underweight;Middle;Normal;Prediabetes
32;Female;51;124;71;83,6;152;48,5;20,99;0;0;0;0;0;No;Normal;Middle;Normal;Normal
35;Female;79;134;81;59,3;157;56;22,72;0;0;0;0;0;No;Normal;Middle;Normal;Normal
35;Female;53;122;79;56,4;155;56,2;23,39;0;0;0;0;0;No;Normal;Middle;Normal;Normal
60;Female;68;133;76;64,2;152;45;19,48;0;0;0;0;0;No;Normal;Senior;Normal;Normal
60;Female;71;159;85;71,8;152;56;24,24;0;0;0;0;0;No;Normal;Senior;High;Normal
65;Male;64;153;63;64,7;157;52;21,1;0;0;0;0;0;No;Normal;Elderly;High;Normal
50;Male;77;122;79;78,5;157;39,9;16,19;0;0;0;0;0;No;Underweight;Senior;Normal;Normal
70;Male;71;180;105;50,4;155;42,2;17,57;0;0;0;0;0;No;Underweight;Elderly;High;Normal
45;Male;81;124;86;115;155;61;25,39;0;0;0;0;0;No;Overweight;Middle;Normal;Prediabetes
60;Male;63;136;79;69,9;157;67,9;27,55;0;1;0;0;1;No;Overweight;Senior;Normal;Normal
40;Female;75;141;100;79;147;74,8;34,62;0;0;0;0;0;No;Obese;Middle;High;Normal
45;Female;66;106;71;64;150;44;19,56;0;0;0;0;0;No;Normal;Middle;Normal;Normal
50;Female;90;149;94;92,8;140;53,6;27,35;0;0;0;0;0;No;Overweight;Senior;High;Normal
60;Female;78;142;84;67,2;155;62,7;26,1;0;0;0;0;0;No;Overweight;Senior;High;Normal
35;Female;82;124;98;77;145;48;22,83;0;0;0;0;0;No;Normal;Middle;High;Normal
22;Male;69;132;71;53,9;168;61,2;21,68;1;0;1;0;0;No;Normal;Young;Normal;Normal
70;Male;67;140;84;94,9;163;51,5;19,38;0;0;0;0;0;No;Normal;Elderly;High;Normal
54;Male;72;174;95;87;160;50,1;19,57;0;1;0;0;0;No;Normal;Senior;High;Normal
30;Male;109;133;90;77,7;160;62,5;24,41;0;0;0;0;0;No;Normal;Young;High;Normal
52;Male;84;122;78;73,2;152;41,5;17,96;0;0;0;0;0;No;Underweight;Senior;Normal;Normal
44;Female;81;114;72;161;137;55,8;29,73;0;0;0;0;0;No;Overweight;Middle;Normal;Diabetes
38;Male;76;117;79;79,1;163;47,7;17,95;0;0;0;0;0;No;Underweight;Middle;Normal;Normal
66;Male;46;145;85;53,8;160;73,8;28,83;0;1;0;0;0;No;Overweight;Elderly;High;Normal
35;Female;82;116;69;65,5;150;52,4;23,29;0;0;0;0;0;No;Normal;Middle;Normal;Normal
50;Female;96;141;94;55,9;145;50,4;23,97;0;0;0;0;0;No;Normal;Senior;High;Normal
55;Male;74;134;84;73,9;163;55;20,7;0;0;0;0;0;No;Normal;Senior;Normal;Normal
40;Male;70;115;75;60,1;168;52;18,42;0;0;0;0;0;No;Underweight;Middle;Normal;Normal
60;Male;63;143;93;61,4;165;55;20,2;0;0;0;0;0;No;Normal;Senior;High;Normal
70;Male;73;149;96;60,8;168;55;19,49;0;0;0;0;0;No;Normal;Elderly;High;Normal
30;Male;76;112;79;74,7;160;50;19,53;0;0;0;0;0;No;Normal;Young;Normal;Normal
45;Male;78;106;71;79,8;160;55;21,48;0;0;0;0;0;No;Normal;Middle;Normal;Normal
35;Male;64;142;104;53,4;160;52;20,31;0;0;0;0;0;No;Normal;Middle;High;Normal
50;Male;76;105;68;73,4;163;50;18,82;0;0;0;0;0;No;Normal;Senior;Normal;Normal
30;Male;81;101;74;58,6;165;57;20,94;0;0;0;0;0;No;Normal;Young;Normal;Normal
45;Female;48;209;116;87,7;160;53;20,7;0;1;0;0;0;No;Normal;Middle;High;Normal
32;Female;90;150;102;62,6;147;55;25,45;0;0;0;0;0;No;Overweight;Middle;High;Normal
45;Female;68;129;73;84,2;152;50;21,64;0;0;0;0;0;No;Normal;Middle;Normal;Normal
55;Female;94;131;81;78,5;155;45;18,73;0;0;0;0;0;No;Normal;Senior;Normal;Normal
40;Female;64;131;80;78,9;152;51,4;22,25;0;0;0;0;0;No;Normal;Middle;Normal;Normal
30;Male;63;136;73;74,7;165;56;20,57;0;0;0;0;0;No;Normal;Young;Normal;Normal
30;Male;86;125;79;53,1;165;56;20,57;0;0;0;0;0;No;Normal;Young;Normal;Normal
36;Male;74;106;58;78,4;163;58,1;21,87;0;0;0;0;0;No;Normal;Middle;Normal;Normal
35;Male;77;136;78;62,6;163;58;21,83;0;0;0;0;0;No;Normal;Middle;Normal;Normal
35;Male;87;128;64;73,9;152;51,7;22,38;0;1;0;0;0;No;Normal;Middle;Normal;Normal
67;Male;78;162;109;81,9;145;48,2;22,93;0;0;0;0;0;No;Normal;Elderly;High;Normal
50;Female;85;124;75;73,2;155;63,8;26,56;0;0;0;0;0;No;Overweight;Senior;Normal;Normal
40;Male;83;127;90;90;155;52;21,64;0;1;0;0;0;No;Normal;Middle;High;Normal
45;Male;71;156;112;63;165;61;22,41;0;0;0;0;0;No;Normal;Middle;High;Normal
38;Male;66;101;67;69,3;150;40;17,78;0;0;0;0;0;No;Underweight;Middle;Normal;Normal
56;Male;75;98;60;64,7;165;57;20,94;0;0;0;0;0;No;Normal;Senior;Normal;Normal
50;Female;70;147;102;82,7;157;58;23,53;0;0;0;0;0;No;Normal;Senior;High;Normal
63;Male;73;164;81;68,9;157;66,9;27,14;0;0;0;0;0;No;Overweight;Elderly;High;Normal
39;Male;71;101;55;65,9;170;48,3;16,71;0;0;0;0;0;No;Underweight;Middle;Normal;Normal
40;Female;65;114;68;45,9;152;55;23,81;0;0;0;0;0;No;Normal;Middle;Normal;Normal
30;Female;90;99;53;40,6;155;50;20,81;0;0;0;0;0;No;Normal;Young;Normal;Normal
30;Male;89;113;75;173,5;168;66;23,38;0;0;0;0;0;No;Normal;Young;Normal;Diabetes
45;Male;76;115;80;62,1;168;60;21,26;0;0;0;0;0;No;Normal;Middle;Normal;Normal
48;Male;102;150;92;80,1;173;70,6;23,59;0;1;0;0;0;Yes;Normal;Senior;High;Normal
33;Female;86;156;112;71,4;155;87,4;36,38;0;1;0;0;0;No;Obese;Middle;High;Normal
30;Female;67;175;75;74,9;160;52;20,31;0;0;0;0;0;No;Normal;Young;High;Normal
30;Female;64;111;70;71,6;152;50;21,64;0;0;0;0;0;No;Normal;Young;Normal;Normal
50;Male;62;150;70;78,5;152;55;23,81;0;0;0;0;0;No;Normal;Senior;High;Normal
40;Female;72;135;85;86;150;54,6;24,27;0;0;0;0;0;No;Normal;Middle;Normal;Normal
60;Male;73;132;73;80,6;157;48;19,47;0;0;0;0;0;No;Normal;Senior;Normal;Normal
55;Male;63;137;77;72,4;163;53;19,95;0;0;0;0;0;No;Normal;Senior;Normal;Normal
50;Male;73;103;68;84;163;65,3;24,58;0;0;0;0;0;No;Normal;Senior;Normal;Normal
50;Male;62;127;88;91,2;170;60;20,76;0;0;0;0;0;No;Normal;Senior;Normal;Normal
45;Male;58;136;76;68,7;168;54;19,13;0;0;0;0;0;No;Normal;Middle;Normal;Normal
67;Male;59;141;75;87,4;168;67;23,74;0;0;0;0;0;No;Normal;Elderly;High;Normal
75;Male;52;128;85;58,4;155;60,9;25,35;0;0;0;0;0;No;Overweight;Elderly;Normal;Normal
60;Male;81;125;70;77,3;163;55;20,7;0;0;0;0;0;No;Normal;Senior;Normal;Normal
55;Male;61;162;96;70,9;168;60;21,26;0;0;0;0;0;No;Normal;Senior;High;Normal
60;Male;62;126;80;40,8;160;52;20,31;0;0;0;0;0;No;Normal;Senior;Normal;Normal
40;Male;65;125;85;53,1;160;51,5;20,12;0;0;0;0;0;No;Normal;Middle;Normal;Normal
52;Male;73;131;87;55,8;168;63,1;22,36;0;0;0;0;0;No;Normal;Senior;Normal;Normal
55;Female;59;194;106;56,1;157;58;23,53;0;1;0;0;0;No;Normal;Senior;High;Normal
35;Female;51;152;102;85,5;147;56;25,92;0;1;0;0;0;No;Overweight;Middle;High;Normal
45;Female;75;134;92;40,3;150;68;30,22;0;0;0;0;0;Yes;Obese;Middle;High;Normal
25;Female;83;104;71;64,9;147;44,7;20,69;0;0;0;0;0;No;Normal;Young;Normal;Normal
45;Male;102;148;92;77,1;160;57;22,27;0;0;0;0;0;No;Normal;Middle;High;Normal
40;Female;54;153;96;63,8;152;48;20,78;0;0;0;0;0;No;Normal;Middle;High;Normal
45;Male;83;116;71;66;160;49,8;19,45;0;0;0;0;0;No;Normal;Middle;Normal;Normal
35;Female;75;157;101;66,4;142;45,1;22,37;0;1;0;0;0;No;Normal;Middle;High;Normal
50;Male;55;136;69;65,5;160;46,2;18,05;0;0;0;0;0;No;Underweight;Senior;Normal;Normal
40;Male;82;149;86;77,8;152;35,7;15,45;0;0;0;0;0;No;Underweight;Middle;High;Normal
48;Male;48;110;79;81,9;160;55,2;21,56;0;0;0;0;0;No;Normal;Senior;Normal;Normal
63;Male;69;138;98;123,1;165;57,8;21,23;0;0;0;0;0;No;Normal;Elderly;High;Prediabetes
55;Male;77;123;91;89;163;62,7;23,6;0;0;0;0;0;No;Normal;Senior;High;Normal
74;Male;56;173;93;70,9;157;59;23,94;0;0;0;0;0;No;Normal;Elderly;High;Normal
40;Male;74;120;64;95,7;165;41,5;15,24;0;0;0;0;0;No;Underweight;Middle;Normal;Normal
35;Female;90;132;89;94,9;155;52;21,64;0;0;0;0;0;No;Normal;Middle;Normal;Normal
30;Female;72;122;77;64,6;152;51;22,07;0;0;0;0;0;No;Normal;Young;Normal;Normal
30;Female;85;112;76;68,5;152;61;26,4;0;0;0;0;0;No;Overweight;Young;Normal;Normal
75;Male;77;126;78;75,2;152;50;21,64;0;0;0;0;0;No;Normal;Elderly;Normal;Normal
60;Male;69;131;80;62,5;168;53;18,78;0;0;0;0;0;No;Normal;Senior;Normal;Normal
50;Male;57;167;73;50,1;178;58;18,31;0;0;0;0;0;No;Underweight;Senior;High;Normal
70;Male;80;115;77;106,7;168;50;17,72;0;0;0;0;0;No;Underweight;Elderly;Normal;Prediabetes
60;Male;68;129;84;98,9;165;61;22,41;0;0;0;0;0;No;Normal;Senior;Normal;Normal
60;Male;68;132;83;94,4;165;58;21,3;0;0;0;0;0;No;Normal;Senior;Normal;Normal
50;Female;70;179;87;88,1;155;59;24,56;0;1;0;0;0;No;Normal;Senior;High;Normal
45;Female;67;106;71;59,3;152;40;17,31;0;0;0;0;0;No;Underweight;Middle;Normal;Normal
48;Female;82;158;86;60,3;163;57;21,45;0;1;0;0;0;No;Normal;Senior;High;Normal
56;Female;73;168;87;134,9;160;60;23,44;0;0;0;0;0;No;Normal;Senior;High;Diabetes
25;Male;65;104;70;57,6;168;65,5;23,21;0;0;0;0;0;No;Normal;Young;Normal;Normal
38;Male;105;143;90;80;168;73,4;26,01;0;1;0;0;0;No;Overweight;Middle;High;Normal
40;Male;92;111;65;74,9;165;64,3;23,62;0;0;0;0;0;No;Normal;Middle;Normal;Normal
40;Female;70;111;71;98,4;160;63,4;24,77;0;0;0;0;0;No;Normal;Middle;Normal;Normal
65;Female;66;169;74;92,5;145;42,1;20,02;0;0;0;0;0;No;Normal;Elderly;High;Normal
53;Male;94;105;64;96,1;160;58;22,66;0;0;0;0;0;No;Normal;Senior;Normal;Normal
45;Female;67;161;103;72,6;145;44,8;21,31;0;1;0;0;0;No;Normal;Middle;High;Normal
30;Female;89;132;84;68,5;147;60,1;27,81;0;0;0;0;0;No;Overweight;Young;Normal;Normal
30;Female;61;140;82;66,6;155;52;21,64;0;0;0;0;0;No;Normal;Young;High;Normal
45;Male;78;102;62;85;165;47;17,26;0;0;0;0;0;No;Underweight;Middle;Normal;Normal
36;Male;56;111;74;115,1;168;52;18,42;0;0;0;0;0;No;Underweight;Middle;Normal;Prediabetes
80;Female;71;142;84;65;152;52;22,51;0;0;0;0;0;No;Normal;Elderly;High;Normal
38;Male;95;110;74;68,1;168;63;22,32;0;0;0;0;0;No;Normal;Middle;Normal;Normal
58;Male;61;152;94;68,1;168;64;22,68;0;1;0;0;0;No;Normal;Senior;High;Normal
38;Female;68;117;68;74,3;155;42;17,48;0;0;0;0;0;No;Underweight;Middle;Normal;Normal
68;Female;107;160;78;82,2;142;30;14,88;0;0;0;0;0;No;Underweight;Elderly;High;Normal
56;Male;84;136;91;59,3;163;55;20,7;0;0;0;0;0;No;Normal;Senior;High;Normal
40;Male;96;136;93;88,2;157;64;25,96;0;0;0;0;0;Yes;Overweight;Middle;High;Normal
45;Male;76;169;103;118,4;160;61,5;24,02;0;0;0;0;0;No;Normal;Middle;High;Prediabetes
65;Male;73;139;77;70,2;155;60,8;25,31;0;0;0;0;0;No;Overweight;Elderly;Normal;Normal
45;Male;83;112;76;52,5;163;55;20,7;0;0;0;0;0;No;Normal;Middle;Normal;Normal
45;Male;69;158;82;77,3;163;57,4;21,6;0;0;0;0;0;No;Normal;Middle;High;Normal
36;Female;68;140;96;109;150;46,5;20,67;0;0;0;0;0;No;Normal;Middle;High;Prediabetes
40;Female;65;184;102;194,6;157;85;34,48;0;1;0;0;0;No;Obese;Middle;High;Diabetes
65;Male;60;173;82;56,3;175;84,8;27,69;0;0;0;0;0;No;Overweight;Elderly;High;Normal
55;Female;63;136;77;55,9;155;73,8;30,72;0;0;0;0;0;No;Obese;Senior;Normal;Normal
65;Male;91;205;110;64,8;163;41;15,43;0;0;0;0;0;No;Underweight;Elderly;High;Normal
65;Male;65;173;102;67,7;152;45;19,48;0;1;0;0;0;No;Normal;Elderly;High;Normal
28;Male;63;119;75;68,6;160;43;16,8;0;0;0;0;0;No;Underweight;Young;Normal;Normal
55;Female;74;197;117;89,5;152;63,6;27,53;0;1;0;0;0;Yes;Overweight;Senior;High;Normal
25;Female;88;145;91;43;150;42;18,67;0;0;0;0;0;No;Normal;Young;High;Normal
50;Male;75;132;84;75,2;157;60;24,34;0;0;0;0;0;No;Normal;Senior;Normal;Normal
55;Male;63;148;84;74,5;165;58;21,3;0;0;0;0;0;No;Normal;Senior;High;Normal
62;Female;72;138;102;78,3;152;56;24,24;0;0;0;0;0;No;Normal;Elderly;High;Normal
30;Male;69;142;86;67,1;163;62;23,34;0;0;0;0;0;No;Normal;Young;High;Normal
51;Male;97;130;103;67;168;61,1;21,65;0;0;0;0;0;No;Normal;Senior;High;Normal
40;Male;64;134;84;57,8;168;82;29,05;0;0;0;0;0;No;Overweight;Middle;Normal;Normal
35;Male;85;129;80;47,1;160;56;21,87;0;0;0;0;0;No;Normal;Middle;Normal;Normal
44;Male;74;126;91;58,7;152;58,2;25,19;0;0;0;0;0;No;Overweight;Middle;High;Normal
30;Male;72;129;83;77,8;155;53;22,06;0;0;0;0;0;No;Normal;Young;Normal;Normal
44;Female;65;150;99;54,6;147;47,6;22,03;0;0;0;0;0;No;Normal;Middle;High;Normal
28;Female;80;125;66;70,1;155;52;21,64;0;0;0;0;0;No;Normal;Young;Normal;Normal
55;Male;68;141;79;70,4;163;60;22,58;0;0;0;0;0;No;Normal;Senior;High;Normal
30;Male;74;135;84;67,3;163;59;22,21;0;0;0;0;0;No;Normal;Young;Normal;Normal
47;Female;66;124;71;70,4;155;52;21,64;0;0;0;0;0;No;Normal;Senior;Normal;Normal
60;Male;70;137;82;47,9;163;58;21,83;0;0;0;0;0;No;Normal;Senior;Normal;Normal
36;Male;76;157;110;80,5;170;62;21,45;0;1;0;0;0;No;Normal;Middle;High;Normal
65;Male;76;135;82;64,6;175;75,8;24,75;0;1;0;0;0;No;Normal;Elderly;Normal;Normal
59;Female;70;134;85;60,6;150;60,3;26,8;0;0;0;0;0;No;Overweight;Senior;Normal;Normal
30;Male;73;141;85;125,7;163;75;28,23;1;0;1;0;0;No;Overweight;Young;High;Diabetes
60;Male;81;104;57;85,4;168;60;21,26;0;0;0;0;0;No;Normal;Senior;Normal;Normal
38;Male;74;105;70;48,5;168;50;17,72;0;0;0;0;0;No;Underweight;Middle;Normal;Normal
44;Female;74;110;67;75,3;155;45;18,73;0;0;0;0;0;No;Normal;Middle;Normal;Normal
33;Female;89;115;73;50,3;155;65;27,06;0;0;0;0;0;No;Overweight;Middle;Normal;Normal
40;Female;64;126;77;71,8;150;54;24;1;0;1;0;0;No;Normal;Middle;Normal;Normal
25;Male;74;124;85;76,4;168;71;25,16;0;0;0;0;0;No;Overweight;Young;Normal;Normal
24;Female;62;155;91;114;157;65;26,37;0;0;0;0;0;No;Overweight;Young;High;Prediabetes
40;Male;84;102;75;70,6;152;56,6;24,5;0;0;0;0;0;No;Normal;Middle;Normal;Normal
45;Female;66;98;56;56,5;163;47,2;17,77;0;0;0;0;0;No;Underweight;Middle;Normal;Normal
50;Female;67;126;77;64,8;152;42,2;18,27;0;0;0;0;0;No;Underweight;Senior;Normal;Normal
30;Female;77;122;83;70,8;150;40,4;17,96;0;0;0;0;0;No;Underweight;Young;Normal;Normal
28;Female;93;119;84;72,8;157;49;19,88;0;0;0;0;0;No;Normal;Young;Normal;Normal
50;Female;74;141;81;79,6;155;52,6;21,89;0;0;0;0;0;No;Normal;Senior;High;Normal
30;Female;88;128;85;95,5;152;79,3;34,32;0;0;0;0;0;No;Obese;Young;Normal;Normal
58;Female;85;107;65;63,4;152;36;15,58;0;0;0;0;0;No;Underweight;Senior;Normal;Normal
35;Female;86;111;72;150;157;60;24,34;0;0;0;0;0;No;Normal;Middle;Normal;Diabetes
32;Female;94;161;105;70;152;50;21,64;0;0;0;0;0;Yes;Normal;Middle;High;Normal
37;Male;75;122;80;90;157;68;27,59;0;0;0;0;0;Yes;Overweight;Middle;Normal;Normal
37;Female;70;120;73;80;152;73;31,6;0;0;0;0;0;Yes;Obese;Middle;Normal;Normal
68;Male;69;140;75;62,7;165;60,3;22,15;0;0;0;0;0;No;Normal;Elderly;High;Normal
42;Female;91;148;112;60;157;60;24,34;0;1;0;0;0;No;Normal;Middle;High;Normal
60;Female;78;113;66;75,1;142;35,6;17,66;0;0;0;0;0;No;Underweight;Senior;Normal;Normal
48;Male;77;130;85;96,3;165;60,3;22,15;0;0;0;0;0;No;Normal;Senior;Normal;Normal
45;Female;76;127;72;73,1;157;65,5;26,57;0;0;0;0;0;No;Overweight;Middle;Normal;Normal
60;Male;61;139;81;56,7;160;50,3;19,65;0;0;0;0;0;No;Normal;Senior;Normal;Normal
70;Male;71;147;82;55,8;157;63,5;25,76;0;0;0;0;0;No;Overweight;Elderly;High;Normal
55;Male;64;134;70;69,5;170;61;21,11;0;0;0;0;0;No;Normal;Senior;Normal;Normal
65;Male;56;186;101;80,6;163;52;19,57;0;0;0;0;0;No;Normal;Elderly;High;Normal
50;Female;70;133;74;89,2;152;48;20,78;0;0;0;0;0;No;Normal;Senior;Normal;Normal
75;Male;57;111;68;70,8;170;62;21,45;0;0;0;0;0;No;Normal;Elderly;Normal;Normal
50;Female;62;194;104;60,1;155;58;24,14;0;0;0;0;0;No;Normal;Senior;High;Normal
24;Male;94;116;85;64,6;163;63,7;23,98;0;0;0;0;0;No;Normal;Young;Normal;Normal
69;Female;65;150;102;70,6;145;47,8;22,73;0;0;0;0;0;No;Normal;Elderly;High;Normal
24;Female;91;116;74;67,8;155;69,1;28,76;0;0;0;0;0;No;Overweight;Young;Normal;Normal
50;Female;81;121;68;80;152;48;20,78;0;0;0;0;0;No;Normal;Senior;Normal;Normal
40;Male;65;143;98;56,5;160;69,6;27,19;0;0;0;0;0;No;Overweight;Middle;High;Normal
23;Female;76;143;99;63,5;155;48;19,98;0;0;0;0;0;No;Normal;Young;High;Normal
35;Female;82;129;85;64,5;152;50,1;21,68;0;0;0;0;0;No;Normal;Middle;Normal;Normal
55;Female;85;128;74;60,3;152;52;22,51;0;0;0;0;0;No;Normal;Senior;Normal;Normal
60;Male;80;105;63;56,4;168;55;19,49;0;0;0;0;0;No;Normal;Senior;Normal;Normal
45;Male;71;123;95;56,8;155;61,8;25,72;0;0;0;0;0;No;Overweight;Middle;High;Normal
40;Female;61;177;99;74,2;142;52;25,79;0;0;0;0;0;No;Overweight;Middle;High;Normal
60;Male;92;161;91;71,6;163;70,6;26,57;0;0;0;0;0;No;Overweight;Senior;High;Normal
45;Male;98;105;72;70,4;165;50,5;18,55;0;0;0;0;0;No;Normal;Middle;Normal;Normal
37;Female;90;103;62;69,2;152;45;19,48;0;0;0;0;0;No;Normal;Middle;Normal;Normal
35;Female;77;143;100;71,2;157;58;23,53;0;0;0;0;0;No;Normal;Middle;High;Normal
34;Male;74;118;69;70,7;157;45,6;18,5;0;0;0;0;0;No;Underweight;Middle;Normal;Normal
68;Male;83;116;74;126;160;55,4;21,64;0;0;0;0;0;No;Normal;Elderly;Normal;Diabetes
61;Male;64;122;69;98,6;178;47,8;15,09;0;0;0;0;0;Yes;Underweight;Elderly;Normal;Normal
38;Male;89;124;76;77,8;168;60,3;21,36;0;0;0;0;0;No;Normal;Middle;Normal;Normal
58;Male;84;133;105;78,8;165;46,7;17,15;0;0;0;0;0;No;Underweight;Senior;High;Normal
42;Male;68;102;65;71;165;59;21,67;0;0;0;0;0;No;Normal;Middle;Normal;Normal
35;Male;75;111;72;69;165;57;20,94;0;0;0;0;0;No;Normal;Middle;Normal;Normal
52;Male;69;101;61;60,8;165;50,6;18,59;0;0;0;0;0;No;Normal;Senior;Normal;Normal
45;Female;75;141;88;54;152;45,4;19,65;0;0;0;0;0;No;Normal;Middle;High;Normal
35;Male;72;114;72;58,2;160;46;17,97;0;0;0;0;0;No;Underweight;Middle;Normal;Normal
71;Male;66;147;74;72,9;170;66;22,84;0;0;0;0;0;No;Normal;Elderly;High;Normal
30;Male;70;136;83;83,3;160;50,6;19,77;0;0;0;0;0;No;Normal;Young;Normal;Normal
40;Male;86;189;112;76,3;155;43,1;17,94;0;0;0;0;0;No;Underweight;Middle;High;Normal
59;Female;63;151;88;70,6;155;59;24,56;0;0;0;0;0;No;Normal;Senior;High;Normal
40;Male;80;174;108;109,2;157;49,2;19,96;0;0;0;0;0;No;Normal;Middle;High;Prediabetes
35;Male;73;132;84;68,9;165;60,1;22,08;0;0;0;0;0;No;Normal;Middle;Normal;Normal
35;Male;68;111;63;66,4;157;52,3;21,22;0;0;0;0;0;No;Normal;Middle;Normal;Normal
70;Male;87;128;78;75,4;178;49;15,47;0;0;0;0;0;No;Underweight;Elderly;Normal;Normal
45;Female;98;156;102;108,9;160;65;25,39;0;0;0;0;0;No;Overweight;Middle;High;Prediabetes
37;Male;84;106;67;69,7;160;50;19,53;0;0;0;0;0;No;Normal;Middle;Normal;Normal
49;Male;68;127;72;68,5;163;58,4;21,98;0;0;0;0;0;No;Normal;Senior;Normal;Normal
35;Male;97;124;80;68,7;160;65;25,39;0;0;0;0;0;No;Overweight;Middle;Normal;Normal
65;Male;85;149;93;52,1;155;65;27,06;0;0;0;0;0;No;Overweight;Elderly;High;Normal
25;Female;79;126;80;83,8;157;65;26,37;0;0;0;0;0;No;Overweight;Young;Normal;Normal
30;Female;67;140;88;60,3;155;42;17,48;0;0;0;0;0;No;Underweight;Young;High;Normal
75;Male;86;116;77;88,9;152;45;19,48;0;0;0;0;0;No;Normal;Elderly;Normal;Normal
30;Female;70;120;74;64;155;55;22,89;0;0;0;0;0;No;Normal;Young;Normal;Normal
75;Female;78;155;91;89,1;147;42;19,44;0;0;0;0;0;No;Normal;Elderly;High;Normal
55;Female;77;164;102;67,6;150;51;22,67;0;0;0;0;0;No;Normal;Senior;High;Normal
80;Male;65;127;72;106,9;168;59,7;21,15;0;0;0;0;0;No;Normal;Elderly;Normal;Prediabetes
59;Female;66;132;73;82,5;152;57,5;24,89;0;0;0;0;0;No;Normal;Senior;Normal;Normal
45;Male;67;111;67;63,5;152;47,4;20,52;0;0;0;0;0;No;Normal;Middle;Normal;Normal
35;Male;67;126;71;60,2;168;47,7;16,9;0;0;0;0;0;No;Underweight;Middle;Normal;Normal
35;Female;78;160;102;62,5;157;60;24,34;1;0;1;0;0;No;Normal;Middle;High;Normal
50;Female;86;172;98;110;160;60;23,44;0;1;0;0;0;No;Normal;Senior;High;Prediabetes
32;Female;90;96;66;60;157;50;20,28;0;0;0;0;0;No;Normal;Middle;Normal;Normal
45;Female;110;124;72;130;160;50;19,53;0;1;0;0;0;Yes;Normal;Middle;Normal;Diabetes
40;Male;69;111;69;77,8;165;48;17,63;0;0;0;0;0;No;Underweight;Middle;Normal;Normal
70;Female;79;115;63;40;147;40;18,51;0;0;0;0;0;No;Normal;Elderly;Normal;Normal
66;Male;74;165;91;90;157;65;26,37;0;1;0;0;0;No;Overweight;Elderly;High;Normal
54;Female;86;150;93;60;157;65;26,37;0;1;0;0;0;No;Overweight;Senior;High;Normal
45;Female;69;121;67;62,2;152;50;21,64;0;0;0;0;0;No;Normal;Middle;Normal;Normal
34;Female;79;114;72;100;152;50;21,64;0;1;0;0;0;Yes;Normal;Middle;Normal;Normal
55;Male;77;115;83;66,1;168;59,9;21,22;0;0;0;0;0;No;Normal;Senior;Normal;Normal
45;Female;83;109;69;84,4;147;53,9;24,94;0;0;0;0;0;No;Normal;Middle;Normal;Normal
75;Female;78;128;81;77,5;145;42,4;20,17;0;0;0;0;0;No;Normal;Elderly;Normal;Normal
40;Male;60;122;72;51,6;160;49,4;19,3;0;0;0;0;0;No;Normal;Middle;Normal;Normal
40;Male;83;117;73;68,4;155;42,8;17,81;0;0;0;0;0;No;Underweight;Middle;Normal;Normal
30;Male;59;122;67;49,9;150;47,3;21,02;0;0;0;0;0;No;Normal;Young;Normal;Normal
35;Male;82;122;70;74,1;152;43,5;18,83;0;0;0;0;0;No;Normal;Middle;Normal;Normal
55;Female;74;129;73;99;152;44,6;19,3;0;0;0;0;0;No;Normal;Senior;Normal;Normal
27;Female;75;123;84;70,2;152;68,2;29,52;0;0;0;0;0;No;Overweight;Young;Normal;Normal
40;Male;89;116;74;144,9;165;47,5;17,45;0;0;0;0;0;No;Underweight;Middle;Normal;Diabetes
35;Male;72;117;77;98;165;48;17,63;0;0;0;0;0;No;Underweight;Middle;Normal;Normal
65;Male;56;158;92;52,8;163;45,6;17,16;0;0;0;0;0;No;Underweight;Elderly;High;Normal
52;Male;104;118;81;76,9;170;54,7;18,93;0;0;0;0;0;No;Normal;Senior;Normal;Normal
40;Male;55;152;100;70,4;165;57;20,94;0;0;0;0;0;No;Normal;Middle;High;Normal
30;Female;76;129;86;74,4;157;60,7;24,63;0;0;0;0;0;No;Normal;Young;Normal;Normal
49;Female;75;115;74;60,7;155;55;22,89;0;0;0;0;0;No;Normal;Senior;Normal;Normal
29;Male;78;129;91;76,3;163;61;22,96;1;0;1;0;0;No;Normal;Young;High;Normal
50;Male;68;136;61;72,3;152;54,8;23,72;0;1;0;0;0;No;Normal;Senior;Normal;Normal
60;Male;71;192;104;99,8;160;46,7;18,24;0;0;0;0;0;No;Underweight;Senior;High;Normal
70;Male;57;193;105;52,1;168;63,3;22,43;0;1;0;0;0;No;Normal;Elderly;High;Normal
40;Male;56;129;56;51,8;152;53,2;23,03;0;0;0;0;0;No;Normal;Middle;Normal;Normal
35;Male;76;129;83;67,7;170;65,4;22,63;0;0;0;0;0;No;Normal;Middle;Normal;Normal
65;Male;74;161;83;62,1;147;46;21,29;0;0;0;0;0;No;Normal;Elderly;High;Normal
35;Male;70;102;63;83,3;165;56,7;20,83;0;0;0;0;0;No;Normal;Middle;Normal;Normal
65;Male;71;154;86;81,4;142;50,2;24,9;0;0;0;0;0;No;Normal;Elderly;High;Normal
35;Male;82;123;77;60,9;160;66;25,78;0;0;0;0;0;No;Overweight;Middle;Normal;Normal
31;Male;77;144;100;61,6;163;62;23,34;0;0;0;0;0;No;Normal;Middle;High;Normal
38;Male;100;139;89;45,4;163;56;21,08;0;0;0;0;0;No;Normal;Middle;Normal;Normal
40;Female;77;133;75;54;152;47,1;20,39;0;0;0;0;0;No;Normal;Middle;Normal;Normal
45;Female;66;131;71;70,1;152;48;20,78;0;0;0;0;0;No;Normal;Middle;Normal;Normal
40;Male;87;123;79;80,8;160;56;21,87;0;0;0;0;0;No;Normal;Middle;Normal;Normal
40;Male;88;127;79;83,5;152;56;24,24;0;0;0;0;0;No;Normal;Middle;Normal;Normal
46;Female;90;119;87;70;157;68;27,59;0;0;0;0;0;Yes;Overweight;Senior;Normal;Normal
45;Female;63;140;100;150;152;50;21,64;0;0;0;0;0;Yes;Normal;Middle;High;Diabetes
40;Male;64;113;58;121,9;160;52;20,31;0;0;0;0;0;No;Normal;Middle;Normal;Prediabetes
70;Female;107;157;107;70;157;58;23,53;0;1;0;0;0;No;Normal;Elderly;High;Normal
58;Female;86;175;113;80;149;68;30,63;0;1;0;0;0;No;Obese;Senior;High;Normal
32;Male;77;121;78;54,1;163;45,2;17,01;0;0;0;0;0;No;Underweight;Middle;Normal;Normal
31;Male;79;136;98;75;145;63,1;30,01;0;0;0;0;0;No;Obese;Middle;High;Normal
35;Male;83;104;76;43,6;157;40,3;16,35;0;0;0;0;0;No;Underweight;Middle;Normal;Normal
55;Male;62;142;78;48,5;165;39,8;14,62;0;0;0;0;0;No;Underweight;Senior;High;Normal
50;Male;55;123;81;58;165;51;18,73;0;0;0;0;0;No;Normal;Senior;Normal;Normal
36;Male;76;105;76;61,1;163;52;19,57;0;0;0;0;0;No;Normal;Middle;Normal;Normal
70;Male;60;148;76;75,6;150;45;20;0;0;0;0;0;No;Normal;Elderly;High;Normal
37;Male;69;136;73;55,9;160;49,9;19,49;0;0;0;0;0;No;Normal;Middle;Normal;Normal
34;Female;102;114;82;210;152;48;20,78;0;0;0;0;0;No;Normal;Middle;Normal;Diabetes
42;Female;91;149;90;150;152;65;28,13;0;1;0;0;0;Yes;Overweight;Middle;High;Diabetes
46;Female;60;133;82;40;170;85;29,41;0;0;1;0;0;No;Overweight;Senior;Normal;Normal
60;Female;84;145;87;122,8;155;54;22,48;0;1;0;0;0;Yes;Normal;Senior;High;Prediabetes
26;Female;72;126;87;60,4;145;58,3;27,73;1;0;1;0;0;No;Overweight;Young;Normal;Normal
75;Female;71;200;89;72,4;155;62,8;21,9;0;1;0;0;0;No;Normal;Elderly;High;Normal
40;Male;70;98;59;58,7;170;58,4;20,21;0;0;0;0;0;No;Normal;Middle;Normal;Normal
40;Male;71;137;96;72,4;165;50,4;18,51;0;0;0;0;0;Yes;Normal;Middle;High;Normal
32;Male;79;130;77;56;168;55,2;19,56;0;0;0;0;0;No;Normal;Middle;Normal;Normal
35;Male;72;129;85;49,7;152;43;18,61;0;0;0;0;0;No;Normal;Middle;Normal;Normal
32;Male;76;128;91;53,3;155;61;25,39;0;0;0;0;0;No;Overweight;Middle;High;Normal
30;Male;90;136;99;91,6;157;38;15,42;0;0;0;0;0;No;Underweight;Young;High;Normal
35;Male;83;142;79;94,8;165;78,1;28,69;0;0;0;0;0;No;Overweight;Middle;High;Normal
37;Male;86;125;89;56,9;163;59;22,21;0;0;0;0;0;No;Normal;Middle;Normal;Normal
40;Male;72;96;56;62,5;157;41;16,63;0;0;0;0;0;No;Underweight;Middle;Normal;Normal
50;Male;74;114;76;66,5;163;51,4;19,35;0;0;0;0;0;No;Normal;Senior;Normal;Normal
22;Male;71;115;68;55,1;168;46,4;16,44;0;0;0;0;0;No;Underweight;Young;Normal;Normal
45;Male;83;119;73;56,3;163;48,7;18,33;0;0;0;0;0;No;Underweight;Middle;Normal;Normal
55;Male;69;131;85;74,4;165;49,9;18,33;0;0;0;0;0;No;Underweight;Senior;Normal;Normal
45;Male;82;139;85;62,8;157;42;17,04;0;0;0;0;0;No;Underweight;Middle;Normal;Normal
35;Female;59;172;113;60;157;65;26,37;0;0;0;0;0;Yes;Overweight;Middle;High;Normal
22;Female;90;142;100;60;157;72;29,21;0;0;0;0;0;No;Overweight;Young;High;Normal
65;Male;60;122;66;75;163;40;15,06;0;0;0;0;0;No;Underweight;Elderly;Normal;Normal
60;Male;72;122;76;58,3;165;45,5;16,71;0;0;0;0;0;No;Underweight;Senior;Normal;Normal
34;Male;68;160;109;87,5;157;47,1;19,11;0;0;0;0;0;No;Normal;Middle;High;Normal
40;Male;67;102;66;73,7;157;52;21,1;0;0;0;0;0;No;Normal;Middle;Normal;Normal
35;Male;59;105;70;53,6;168;44;15,59;0;0;0;0;0;No;Underweight;Middle;Normal;Normal
54;Male;73;113;70;75,7;156;65,8;27,04;0;0;0;0;0;No;Overweight;Senior;Normal;Normal
50;Male;82;130;85;92,1;157;50;20,28;0;0;0;0;0;No;Normal;Senior;Normal;Normal
44;Male;65;104;66;84,3;157;49,8;20,2;0;0;0;0;0;No;Normal;Middle;Normal;Normal
50;Female;85;127;78;108,6;152;52;22,51;0;0;0;0;0;No;Normal;Senior;Normal;Prediabetes
47;Male;84;141;96;59,2;165;66;24,24;0;0;0;0;0;No;Normal;Senior;High;Normal
28;Male;90;120;77;100,7;168;45;15,94;0;0;0;0;0;No;Underweight;Young;Normal;Prediabetes
35;Male;66;99;54;70,1;160;58;22,66;0;0;0;0;0;No;Normal;Middle;Normal;Normal
55;Male;71;128;83;56,5;163;59;22,21;0;0;0;0;0;No;Normal;Senior;Normal;Normal
30;Female;72;118;68;50,8;157;45;18,26;0;0;0;0;0;No;Underweight;Young;Normal;Normal
40;Female;80;103;70;63,3;152;60,6;26,23;1;0;1;0;0;No;Overweight;Middle;Normal;Normal
30;Female;74;150;87;277;152;45,8;19,82;0;0;0;0;0;No;Normal;Young;High;Diabetes
60;Male;79;151;99;134,3;157;68;27,59;0;0;0;0;0;Yes;Overweight;Senior;High;Diabetes
30;Male;60;130;74;51,8;168;65;23,03;0;0;0;0;0;No;Normal;Young;Normal;Normal
59;Male;81;128;83;63,2;165;47,6;17,48;0;0;0;0;0;No;Underweight;Senior;Normal;Normal
42;Male;90;118;72;54,3;163;44,1;16,6;0;0;0;0;0;No;Underweight;Middle;Normal;Normal
59;Male;62;125;61;72,7;170;50,3;17,4;0;0;0;0;0;No;Underweight;Senior;Normal;Normal
35;Male;63;91;51;52,6;165;47;17,26;0;0;0;0;0;No;Underweight;Middle;Normal;Normal
32;Male;59;148;81;73,6;165;50;18,37;0;0;0;0;0;No;Underweight;Middle;High;Normal
71;Male;54;167;87;94;168;68,1;24,13;0;1;0;0;0;No;Normal;Elderly;High;Normal
58;Male;66;136;81;67;170;70,1;24,26;0;0;0;0;0;No;Normal;Senior;Normal;Normal
50;Male;57;102;53;68;155;66;27,47;0;0;0;0;0;No;Overweight;Senior;Normal;Normal
45;Female;86;106;69;61,4;147;52,5;24,3;0;0;0;0;0;No;Normal;Middle;Normal;Normal
80;Male;80;178;95;67,8;165;58;21,3;0;0;0;0;0;No;Normal;Elderly;High;Normal
42;Male;67;121;74;78,2;160;57,9;22,62;0;0;0;0;0;No;Normal;Middle;Normal;Normal
46;Male;94;115;75;75,3;170;47;16,26;0;0;0;0;0;No;Underweight;Senior;Normal;Normal
49;Female;79;136;93;73,4;157;66;26,78;0;0;0;0;0;No;Overweight;Senior;High;Normal
50;Male;68;101;55;79,1;165;45;16,53;0;0;0;0;0;No;Underweight;Senior;Normal;Normal
60;Male;75;137;86;115,1;165;42,2;15,5;0;1;0;0;0;No;Underweight;Senior;Normal;Prediabetes
40;Male;58;140;79;74,4;165;54,5;20,02;0;0;0;0;0;No;Normal;Middle;High;Normal
33;Male;80;119;86;53;168;59,6;21,12;0;0;0;0;0;No;Normal;Middle;Normal;Normal
35;Male;70;106;76;72,6;157;53,3;21,62;0;0;0;0;0;No;Normal;Middle;Normal;Normal
70;Male;84;115;78;104,9;168;40;14,17;0;0;0;0;0;No;Underweight;Elderly;Normal;Prediabetes
60;Male;65;119;77;76,8;163;66,5;25,03;0;0;0;0;0;No;Overweight;Senior;Normal;Normal
60;Female;88;144;89;76,1;152;47,2;20,43;0;0;0;0;0;No;Normal;Senior;High;Normal
40;Female;85;147;94;81,6;155;47;19,56;0;0;0;0;0;No;Normal;Middle;High;Normal
60;Female;92;135;87;62,8;152;59,2;25,62;0;0;0;0;0;No;Overweight;Senior;Normal;Normal
70;Male;75;156;84;58,7;152;50,7;21,94;0;0;0;0;0;No;Normal;Elderly;High;Normal
35;Male;54;110;71;61,4;170;58,7;20,31;0;0;0;0;0;No;Normal;Middle;Normal;Normal
60;Male;66;132;85;53,5;168;62;21,97;0;0;0;0;0;No;Normal;Senior;Normal;Normal
60;Female;80;122;76;94,4;150;45;20;0;0;0;0;0;No;Normal;Senior;Normal;Normal
45;Female;76;134;80;72,6;147;42;19,44;0;0;0;0;0;No;Normal;Middle;Normal;Normal
55;Female;67;138;103;73,6;152;50,8;21,99;0;0;0;0;0;No;Normal;Senior;High;Normal
28;Female;60;167;89;56,7;150;48;21,33;0;0;0;0;0;No;Normal;Young;High;Normal
24;Male;80;144;95;57,7;170;64,4;22,28;0;0;0;0;0;No;Normal;Young;High;Normal
65;Male;99;126;72;59,4;152;65;28,13;0;0;0;0;0;No;Overweight;Elderly;Normal;Normal
56;Male;75;89;62;70,9;165;58,1;21,34;0;0;0;0;0;No;Normal;Senior;Normal;Normal
70;Male;79;147;98;62,2;152;45;19,48;0;0;0;0;0;No;Normal;Elderly;High;Normal
48;Male;91;127;83;63,1;170;62;21,45;0;0;0;0;0;No;Normal;Senior;Normal;Normal
50;Male;68;115;69;70,5;165;59;21,67;0;0;0;0;0;No;Normal;Senior;Normal;Normal
40;Male;71;138;90;51;170;60;20,76;0;0;0;0;0;No;Normal;Middle;High;Normal
65;Male;78;99;63;70,2;165;51,3;18,84;0;0;0;0;0;No;Normal;Elderly;Normal;Normal
60;Male;77;126;81;74,4;168;82,2;29,12;0;0;0;0;0;No;Overweight;Senior;Normal;Normal
70;Male;70;159;92;55,9;157;48,6;19,72;0;0;0;0;0;No;Normal;Elderly;High;Normal
65;Female;63;163;87;65,2;152;50,1;21,68;0;1;0;0;0;No;Normal;Elderly;High;Normal
45;Female;83;123;81;53,8;152;60,3;26,1;0;0;0;0;0;No;Overweight;Middle;Normal;Normal
40;Male;73;100;58;81,6;173;58;19,38;0;0;0;0;0;No;Normal;Middle;Normal;Normal
55;Male;80;96;57;75,1;160;47;18,36;0;0;0;0;0;No;Underweight;Senior;Normal;Normal
40;Male;57;101;70;61,1;160;58;22,66;0;0;0;0;0;No;Normal;Middle;Normal;Normal
55;Male;61;165;94;66,7;160;55;21,48;0;1;0;0;0;No;Normal;Senior;High;Normal
78;Male;68;118;71;83,6;157;45,2;18,34;0;0;0;0;0;No;Underweight;Elderly;Normal;Normal
55;Male;74;118;74;69,5;160;55;21,48;0;0;0;0;0;No;Normal;Senior;Normal;Normal
56;Male;59;168;99;50,8;157;64;25,96;0;1;0;0;0;No;Overweight;Senior;High;Normal
65;Male;70;132;85;45;168;69;24,45;0;0;0;0;0;No;Normal;Elderly;Normal;Normal
50;Male;71;160;106;50,9;163;62;23,34;0;1;0;0;0;No;Normal;Senior;High;Normal
41;Female;81;139;84;86,5;155;57;23,73;0;0;0;0;0;No;Normal;Middle;Normal;Normal
45;Male;85;97;68;74,3;163;49,1;18,48;0;0;0;0;0;No;Underweight;Middle;Normal;Normal
52;Male;74;130;75;74,6;163;68,1;25,63;0;0;0;0;0;No;Overweight;Senior;Normal;Normal
50;Male;74;125;85;71,6;152;47,6;20,6;0;0;0;0;0;No;Normal;Senior;Normal;Normal
42;Female;90;110;83;73,6;152;51,2;22,16;0;0;0;0;0;No;Normal;Middle;Normal;Normal
30;Female;64;127;74;64,7;152;48,1;20,82;0;0;0;0;0;No;Normal;Young;Normal;Normal
70;Male;79;151;89;59,4;157;44,8;18,18;0;0;0;0;0;No;Underweight;Elderly;High;Normal
64;Male;75;130;77;159,5;157;53,1;21,54;0;0;0;0;0;No;Normal;Elderly;Normal;Diabetes
72;Male;75;137;77;64,4;165;58,3;21,41;0;0;0;0;0;No;Normal;Elderly;Normal;Normal
30;Male;61;125;77;49,3;168;56;19,84;0;0;0;0;0;No;Normal;Young;Normal;Normal
35;Male;94;136;90;85,3;168;49,7;17,61;0;0;0;0;0;No;Underweight;Middle;High;Normal
45;Male;79;177;113;71,7;155;45,7;19,02;0;0;0;0;0;No;Normal;Middle;High;Normal
40;Male;82;98;66;61,2;165;46;16,9;0;0;0;0;0;No;Underweight;Middle;Normal;Normal
50;Male;67;118;72;118,2;163;45,2;17,01;0;0;0;0;0;No;Underweight;Senior;Normal;Prediabetes
40;Male;89;125;85;92;168;45;15,94;0;0;0;0;0;No;Underweight;Middle;Normal;Normal
50;Male;85;122;72;61,5;168;49,5;17,54;0;0;0;0;0;No;Underweight;Senior;Normal;Normal
35;Male;68;114;73;52;163;50;18,82;0;0;0;0;0;No;Normal;Middle;Normal;Normal
65;Male;90;141;80;73,4;168;59;20,9;0;0;0;0;0;No;Normal;Elderly;High;Normal
55;Male;76;131;90;64,2;165;60;22,04;0;0;0;0;0;No;Normal;Senior;High;Normal
60;Male;53;116;66;56;157;45;18,26;0;0;0;0;0;No;Underweight;Senior;Normal;Normal
65;Male;54;163;94;40,3;122;71,3;47,9;0;0;0;0;0;Yes;Obese;Elderly;High;Normal
55;Male;79;127;73;72;157;51;20,69;0;0;0;0;0;No;Normal;Senior;Normal;Normal
65;Male;69;152;89;83,1;157;51;20,69;0;0;0;0;0;No;Normal;Elderly;High;Normal
38;Female;78;142;102;72,6;152;58;25,1;0;0;0;0;0;No;Overweight;Middle;High;Normal
72;Male;77;128;80;55,5;163;56;21,08;0;0;0;0;0;No;Normal;Elderly;Normal;Normal
65;Female;83;197;102;53,1;150;33,3;14,8;0;0;0;0;0;No;Underweight;Elderly;High;Normal
45;Male;102;175;117;75,5;170;71;24,57;0;1;0;0;0;No;Normal;Middle;High;Normal
65;Male;67;107;62;64,4;152;40;17,31;0;0;0;0;0;No;Underweight;Elderly;Normal;Normal
64;Male;54;144;95;75,6;163;52;19,57;0;0;0;0;0;No;Normal;Elderly;High;Normal
30;Female;91;99;71;91,4;147;48;22,21;0;0;0;0;0;No;Normal;Young;Normal;Normal
40;Male;73;136;83;66,5;170;62;21,45;0;0;0;0;0;No;Normal;Middle;Normal;Normal
50;Male;71;114;62;79,3;165;36,4;13,37;0;0;0;0;0;No;Underweight;Senior;Normal;Normal
50;Male;87;138;98;65,1;168;45,5;16,12;0;0;0;0;0;No;Underweight;Senior;High;Normal
75;Male;84;162;95;104,4;170;51,6;17,85;0;0;0;0;0;No;Underweight;Elderly;High;Prediabetes
35;Male;90;103;72;65,5;168;59,8;21,19;0;0;0;0;0;No;Normal;Middle;Normal;Normal
48;Male;72;147;93;86,8;170;61;21,11;0;0;0;0;0;No;Normal;Senior;High;Normal
44;Female;61;143;83;104;150;49,6;22,04;0;0;0;0;0;No;Normal;Middle;High;Prediabetes
65;Female;56;171;92;69,9;152;55;23,81;0;1;0;0;0;No;Normal;Elderly;High;Normal
25;Female;60;128;89;60,3;150;41;18,22;0;0;0;0;0;No;Underweight;Young;Normal;Normal
34;Female;68;129;86;70,1;152;52;22,51;0;0;0;0;0;No;Normal;Middle;Normal;Normal
72;Male;93;129;70;94,4;168;62;21,97;0;0;0;0;0;No;Normal;Elderly;Normal;Normal
35;Female;100;117;55;74,2;152;47,1;20,39;0;0;0;0;0;No;Normal;Middle;Normal;Normal
33;Male;53;103;63;73,4;163;45,2;17,01;0;0;0;0;0;No;Underweight;Middle;Normal;Normal
30;Female;84;125;72;81,3;150;40;17,78;0;0;0;0;0;No;Underweight;Young;Normal;Normal
65;Male;71;98;68;64,7;157;46,6;18,91;0;0;0;0;0;No;Normal;Elderly;Normal;Normal
60;Female;65;150;81;84,6;150;54;24;0;0;0;0;0;No;Normal;Senior;High;Normal
65;Female;74;128;68;64,9;152;49,7;21,51;0;0;0;0;0;No;Normal;Elderly;Normal;Normal
60;Female;75;138;75;171;152;52;22,51;0;0;0;0;0;No;Normal;Senior;Normal;Diabetes
45;Male;114;86;65;69;163;49,3;18,56;0;0;0;0;0;No;Normal;Middle;Normal;Normal
65;Male;79;106;57;103,2;157;62,1;25,19;0;0;0;0;0;No;Overweight;Elderly;Normal;Prediabetes
80;Male;71;166;105;85,7;152;55,6;24,07;0;0;0;0;0;No;Normal;Elderly;High;Normal
60;Male;68;196;104;69,2;160;72;28,12;0;1;0;0;0;Yes;Overweight;Senior;High;Normal
35;Female;70;129;80;57;157;59;23,94;0;0;0;0;0;No;Normal;Middle;Normal;Normal
75;Male;77;125;71;59;152;46,9;20,3;0;0;0;0;0;No;Normal;Elderly;Normal;Normal
65;Female;83;153;93;83,2;142;39;19,34;0;0;0;0;0;No;Normal;Elderly;High;Normal
38;Female;65;124;79;70,8;147;43,2;19,99;0;0;0;0;0;No;Normal;Middle;Normal;Normal
45;Female;68;141;91;57,1;152;58,1;25,15;0;0;0;0;0;No;Overweight;Middle;High;Normal
50;Female;67;105;62;57,3;155;54,7;22,77;0;0;0;0;0;No;Normal;Senior;Normal;Normal
32;Female;82;104;67;72,4;147;47,8;22,12;1;0;1;0;0;No;Normal;Middle;Normal;Normal
25;Female;78;146;96;71,6;157;52;21,1;0;1;0;0;0;No;Normal;Young;High;Normal
45;Male;75;147;96;77,3;168;65;23,03;0;1;0;0;0;Yes;Normal;Middle;High;Normal
55;Male;76;128;70;63,1;168;59;20,9;0;0;0;0;0;No;Normal;Senior;Normal;Normal
35;Male;67;160;93;146,3;152;56;24,24;0;0;0;0;0;No;Normal;Middle;High;Diabetes
41;Female;90;140;82;200;157;50;20,28;0;0;0;0;0;Yes;Normal;Middle;High;Diabetes
60;Female;83;156;98;120;142;50;24,8;0;1;0;0;0;Yes;Normal;Senior;High;Prediabetes
50;Male;78;177;101;68;163;60;22,58;0;0;0;0;0;No;Normal;Senior;High;Normal
41;Female;76;147;91;80;185;64;18,7;0;1;0;0;0;Yes;Normal;Middle;High;Normal
51;Female;75;98;58;270;142;50;24,8;0;0;0;0;0;Yes;Normal;Senior;Normal;Diabetes
51;Male;79;147;96;140;190;62;17,17;0;1;0;0;0;Yes;Underweight;Senior;High;Diabetes
46;Female;69;152;106;70;137;54;28,77;0;0;0;0;0;No;Overweight;Senior;High;Normal
35;Female;71;135;84;67,6;157;72;29,21;0;0;0;0;0;No;Overweight;Middle;Normal;Normal
51;Female;76;145;80;60;137;52;27,71;0;1;0;0;0;Yes;Overweight;Senior;High;Normal
31;Female;80;140;79;80;129;50;30,05;0;0;0;0;0;No;Obese;Middle;High;Normal
55;Female;84;125;84;93,7;152;49,3;21,34;0;0;0;0;0;No;Normal;Senior;Normal;Normal
42;Female;88;114;77;75,3;155;65;27,06;0;0;0;0;0;No;Overweight;Middle;Normal;Normal
70;Female;59;146;85;95,1;150;45;20;0;0;0;0;0;Yes;Normal;Elderly;High;Normal
64;Female;61;141;83;67,3;152;52;22,51;0;0;0;0;0;No;Normal;Elderly;High;Normal
30;Female;73;143;83;69,2;152;52;22,51;0;0;0;0;0;No;Normal;Young;High;Normal
60;Male;84;158;90;40;147;61;28,23;0;1;0;0;0;No;Overweight;Senior;High;Normal
32;Female;74;138;102;62,7;163;59;22,21;0;0;0;0;0;No;Normal;Middle;High;Normal
34;Male;88;115;82;76,5;170;62,2;21,52;0;0;0;0;0;No;Normal;Middle;Normal;Normal
65;Male;96;137;70;90,8;152;45,2;19,56;0;0;0;0;0;No;Normal;Elderly;Normal;Normal
60;Female;74;124;74;90,3;137;38,2;20,35;0;0;0;0;0;No;Normal;Senior;Normal;Normal
23;Female;79;123;81;62,8;147;48,8;22,58;0;0;0;0;0;No;Normal;Young;Normal;Normal
58;Female;96;124;83;88,5;155;52;21,64;0;0;0;0;0;No;Normal;Senior;Normal;Normal
40;Male;78;133;81;69,6;168;57;20,2;0;0;0;0;0;No;Normal;Middle;Normal;Normal
70;Male;81;106;59;172,1;165;52;19,1;0;1;0;0;0;No;Normal;Elderly;Normal;Diabetes
50;Male;73;179;109;61,4;142;52;25,79;0;0;0;0;0;No;Overweight;Senior;High;Normal
55;Male;74;102;65;106,2;160;47;18,36;0;0;0;0;0;No;Underweight;Senior;Normal;Prediabetes
63;Male;64;181;79;92,8;157;53;21,5;0;0;0;0;0;Yes;Normal;Elderly;High;Normal
45;Male;75;128;77;61;168;60,2;21,33;0;0;0;0;0;No;Normal;Middle;Normal;Normal
50;Male;104;122;83;81;163;71,1;26,76;0;0;0;0;0;No;Overweight;Senior;Normal;Normal
65;Male;86;205;119;63,6;155;51;21,23;0;0;0;0;0;No;Normal;Elderly;High;Normal
36;Male;82;111;67;75;163;52;19,57;0;0;0;0;0;No;Normal;Middle;Normal;Normal
50;Female;66;148;89;61,9;152;48;20,78;0;0;0;0;0;No;Normal;Senior;High;Normal
35;Male;79;101;71;55,2;165;46,7;17,15;0;0;0;0;0;No;Underweight;Middle;Normal;Normal
61;Male;71;97;62;69,4;152;46;19,91;0;0;0;0;0;No;Normal;Elderly;Normal;Normal
35;Male;88;121;90;57;165;44;16,16;0;0;0;0;0;No;Underweight;Middle;High;Normal
64;Male;77;117;72;95,2;168;65,7;23,28;0;0;0;0;0;No;Normal;Elderly;Normal;Normal
55;Male;75;137;85;112,1;160;58;22,66;0;0;0;0;0;No;Normal;Senior;Normal;Prediabetes
51;Male;102;118;65;62,1;165;62;22,77;0;0;0;0;0;No;Normal;Senior;Normal;Normal
70;Male;113;129;81;102;170;63;21,8;0;0;0;0;0;No;Normal;Elderly;Normal;Prediabetes
46;Female;72;119;69;62,5;152;50;21,64;0;0;0;0;0;No;Normal;Senior;Normal;Normal
40;Female;82;133;86;82;150;56,7;25,2;0;0;0;0;0;No;Overweight;Middle;Normal;Normal
30;Female;90;129;91;79;157;58;23,53;0;0;0;0;0;No;Normal;Young;High;Normal
55;Female;93;134;79;64,2;150;55;24,44;0;0;0;0;0;No;Normal;Senior;Normal;Normal
25;Male;88;126;84;110,6;163;73,1;27,51;1;0;1;0;0;No;Overweight;Young;Normal;Prediabetes
55;Female;70;181;106;67,4;150;53;23,56;0;0;0;0;0;No;Normal;Senior;High;Normal
48;Female;72;138;86;69,9;152;57,7;24,97;0;0;0;0;0;No;Normal;Senior;Normal;Normal
33;Female;100;107;73;65,8;152;46;19,91;0;0;0;0;0;No;Normal;Middle;Normal;Normal
63;Male;67;193;107;130;157;42;17,04;0;0;0;0;0;Yes;Underweight;Elderly;High;Diabetes
70;Male;72;186;102;47;168;66;23,38;0;0;0;0;0;No;Normal;Elderly;High;Normal
70;Female;82;134;82;236;152;52;22,51;0;0;0;0;0;No;Normal;Elderly;Normal;Diabetes
32;Female;70;128;80;51,3;150;48;21,33;0;0;0;0;0;No;Normal;Middle;Normal;Normal
37;Male;84;115;77;53,1;160;55;21,48;0;0;0;0;0;No;Normal;Middle;Normal;Normal
60;Male;67;122;80;65,6;160;58;22,66;0;0;0;0;0;No;Normal;Senior;Normal;Normal
45;Male;70;128;83;52,3;160;51;19,92;0;0;0;0;0;No;Normal;Middle;Normal;Normal
40;Male;64;101;69;64,2;157;56;22,72;0;0;0;0;0;No;Normal;Middle;Normal;Normal
30;Male;73;128;80;132,4;170;58;20,07;0;0;0;0;0;No;Normal;Young;Normal;Diabetes
68;Male;57;115;71;44,5;165;50;18,37;0;0;0;0;0;No;Underweight;Elderly;Normal;Normal
38;Male;68;118;71;54,8;163;45;16,94;0;0;0;0;0;No;Underweight;Middle;Normal;Normal
32;Male;68;119;78;120,6;165;52;19,1;0;0;0;0;0;No;Normal;Middle;Normal;Prediabetes
30;Male;71;105;71;62,9;165;51;18,73;0;0;0;0;0;No;Normal;Young;Normal;Normal
35;Male;85;124;79;93,6;168;80,1;28,38;0;0;0;0;0;No;Overweight;Middle;Normal;Normal
48;Female;76;102;64;79,4;160;52,3;20,43;0;0;0;0;0;No;Normal;Senior;Normal;Normal
35;Male;64;138;79;63,3;165;51,7;18,99;0;0;0;0;0;No;Normal;Middle;Normal;Normal
45;Male;72;117;84;64,6;168;62;21,97;0;0;0;0;0;No;Normal;Middle;Normal;Normal
55;Male;72;138;85;94,6;165;50;18,37;0;0;0;0;0;No;Underweight;Senior;Normal;Normal
40;Male;63;114;76;78,1;163;47;17,69;0;0;0;0;0;No;Underweight;Middle;Normal;Normal
45;Male;83;133;69;122,5;152;57;24,67;0;0;0;0;0;No;Normal;Middle;Normal;Prediabetes
45;Male;73;113;69;51,9;165;54,7;20,09;0;0;0;0;0;No;Normal;Middle;Normal;Normal
54;Male;72;126;77;332;160;52,6;20,55;0;0;0;0;0;No;Normal;Senior;Normal;Diabetes
40;Male;79;106;74;64,8;165;55,6;20,42;0;0;0;0;0;No;Normal;Middle;Normal;Normal
64;Male;116;131;89;109,6;165;52,3;19,21;0;0;0;0;0;No;Normal;Elderly;Normal;Prediabetes
35;Male;72;106;71;84,9;165;49;18;0;0;0;0;0;No;Underweight;Middle;Normal;Normal
45;Male;70;102;61;58,2;165;51,1;18,77;0;0;0;0;0;No;Normal;Middle;Normal;Normal
30;Female;77;146;96;49,1;157;59;23,94;0;0;0;0;0;No;Normal;Young;High;Normal
32;Female;80;111;60;69,4;152;46;19,91;1;0;1;0;0;No;Normal;Middle;Normal;Normal
50;Male;89;111;78;132,5;168;46,1;16,33;0;0;0;0;0;No;Underweight;Senior;Normal;Diabetes
58;Male;89;105;86;94,1;165;44;16,16;0;0;0;0;0;No;Underweight;Senior;Normal;Normal
70;Male;68;168;100;68,9;168;52,4;18,57;0;1;0;0;0;No;Normal;Elderly;High;Normal
40;Male;98;120;81;64,6;168;48;17,01;0;0;0;0;0;No;Underweight;Middle;Normal;Normal
40;Male;75;134;84;52,2;170;62,1;21,49;0;0;0;0;0;No;Normal;Middle;Normal;Normal
50;Male;70;128;81;90,1;165;52,6;19,32;0;0;0;0;0;No;Normal;Senior;Normal;Normal
80;Female;60;149;80;76,1;157;39,4;15,98;0;1;0;0;0;No;Underweight;Elderly;High;Normal
78;Male;60;145;63;80,1;163;66,4;24,99;0;0;0;1;0;No;Normal;Elderly;High;Normal
72;Female;65;144;85;79,8;140;65,2;33,27;0;0;0;0;0;No;Obese;Elderly;High;Normal
25;Female;91;127;78;66,1;157;63;25,56;0;0;0;0;0;No;Overweight;Young;Normal;Normal
60;Male;57;141;85;71,6;152;47;20,34;0;0;0;0;0;No;Normal;Senior;High;Normal
38;Male;56;130;72;58,7;163;60,8;22,88;0;0;0;0;0;No;Normal;Middle;Normal;Normal
35;Male;78;101;69;60,6;165;49,2;18,07;0;0;0;0;0;No;Underweight;Middle;Normal;Normal
45;Male;76;133;72;106,2;152;42;18,18;0;0;0;0;0;No;Underweight;Middle;Normal;Prediabetes
30;Male;83;123;64;76,3;165;53;19,47;0;0;0;0;0;No;Normal;Young;Normal;Normal
50;Male;51;135;77;64,2;165;52;19,1;0;0;0;0;0;No;Normal;Senior;Normal;Normal
48;Male;76;129;58;89,2;165;45,5;16,71;0;0;0;0;0;No;Underweight;Senior;Normal;Normal
45;Male;93;159;71;61,8;165;42;15,43;0;0;0;0;0;No;Underweight;Middle;High;Normal
30;Male;78;124;74;74,6;168;60;21,26;0;0;0;0;0;No;Normal;Young;Normal;Normal
58;Male;74;119;79;89,5;170;53;18,34;0;0;0;0;0;No;Underweight;Senior;Normal;Normal
45;Male;76;125;67;48,1;152;41,5;17,96;0;0;0;0;0;No;Underweight;Middle;Normal;Normal
54;Male;58;126;72;65,8;168;67,3;23,84;0;0;0;0;0;No;Normal;Senior;Normal;Normal
48;Male;65;127;83;51;168;52,3;18,53;0;1;0;0;0;No;Normal;Senior;Normal;Normal
52;Male;86;128;82;72,1;165;49;18;0;0;0;0;0;No;Underweight;Senior;Normal;Normal
50;Male;70;113;68;62,8;165;45,8;16,82;0;0;0;0;0;No;Underweight;Senior;Normal;Normal
38;Male;71;155;98;67;165;45;16,53;0;0;0;0;0;No;Underweight;Middle;High;Normal
45;Female;71;132;80;102,1;157;52;21,1;0;0;0;0;0;No;Normal;Middle;Normal;Prediabetes
32;Female;106;131;114;100;157;73;29,62;0;0;0;0;0;No;Overweight;Middle;High;Normal
50;Female;84;174;106;70;152;58;25,1;0;0;0;0;0;No;Overweight;Senior;High;Normal
28;Female;98;181;92;69,6;152;55;23,81;0;0;0;0;0;No;Normal;Young;High;
27;Female;90;134;84;60;165;90;33,06;0;0;0;0;0;No;Obese;Young;Normal;Normal
45;Female;71;149;82;50,2;152;52;22,51;0;0;0;0;0;No;Normal;Middle;High;Normal
55;Male;101;160;93;52,7;145;57,6;27,4;0;1;0;0;0;Yes;Overweight;Senior;High;Normal
40;Male;76;126;71;47,9;160;62;24,22;0;0;0;0;0;No;Normal;Middle;Normal;Normal
60;Male;74;150;93;66,9;155;50,1;20,85;0;1;0;0;0;No;Normal;Senior;High;Normal
35;Male;58;155;74;67,1;152;40;17,31;0;0;0;0;0;No;Underweight;Middle;High;Normal
50;Female;82;105;72;56,3;157;58;23,53;0;0;0;0;0;No;Normal;Senior;Normal;Normal
70;Male;79;130;75;47,1;152;42;18,18;0;0;0;0;0;No;Underweight;Elderly;Normal;Normal
65;Male;97;98;67;83,8;145;48;22,83;0;0;0;0;0;No;Normal;Elderly;Normal;Normal
45;Male;70;159;92;77;160;65;25,39;0;0;0;0;0;No;Overweight;Middle;High;Normal
65;Female;66;126;73;54,6;140;32;16,33;0;0;0;0;0;No;Underweight;Elderly;Normal;Normal
60;Male;88;146;86;119,8;155;55,1;22,93;0;0;0;0;0;No;Normal;Senior;High;Prediabetes
70;Male;97;136;83;105,9;152;60;25,97;0;0;0;0;0;No;Overweight;Elderly;Normal;Prediabetes
35;Male;87;110;76;61,6;160;45;17,58;0;0;0;0;0;No;Underweight;Middle;Normal;Normal
61;Male;104;103;83;74,4;168;63;22,32;0;0;0;0;0;No;Normal;Elderly;Normal;Normal
60;Male;65;170;92;65,9;163;41,1;15,47;0;0;0;0;0;No;Underweight;Senior;High;Normal
25;Female;60;142;82;69,8;152;48;20,78;0;0;0;0;0;No;Normal;Young;High;Normal
52;Male;77;104;62;65,4;142;39;19,34;0;0;0;0;0;No;Normal;Senior;Normal;Normal
55;Female;100;124;83;88,6;152;50,7;21,94;0;0;0;0;0;No;Normal;Senior;Normal;Normal
50;Female;79;146;91;83,1;157;52;21,1;0;0;0;0;0;No;Normal;Senior;High;Normal
42;Male;67;156;108;117,9;165;64;23,51;0;0;0;0;0;No;Normal;Middle;High;Prediabetes
65;Female;83;168;86;154,8;152;57;24,67;0;0;0;0;0;No;Normal;Elderly;High;Diabetes
50;Female;60;120;74;64,1;152;49;21,21;0;0;0;0;0;No;Normal;Senior;Normal;Normal
30;Female;108;125;96;235,9;152;52;22,51;0;0;0;0;0;Yes;Normal;Young;High;Diabetes
35;Female;129;106;75;280,8;152;42,8;18,52;0;0;0;0;0;No;Normal;Middle;Normal;Diabetes
50;Male;102;143;86;69,2;152;56,4;24,41;0;0;0;0;0;No;Normal;Senior;High;Normal
36;Female;62;123;79;67,9;152;52,8;22,85;0;0;0;0;0;No;Normal;Middle;Normal;Normal
55;Female;76;159;77;59,7;155;67,8;28,22;0;0;0;0;0;No;Overweight;Senior;High;Normal
35;Female;90;90;57;68,2;142;58;28,76;0;0;0;0;0;No;Overweight;Middle;Normal;Normal
40;Female;71;145;80;81,9;147;49,7;23;0;0;0;0;0;No;Normal;Middle;High;Normal
32;Female;77;161;81;76,1;152;60;25,97;0;0;0;0;0;No;Overweight;Middle;High;Normal
45;Female;64;115;71;76,4;147;49;22,68;0;0;0;0;0;No;Normal;Middle;Normal;Normal
50;Male;77;101;64;64,6;152;56,7;24,54;0;0;0;0;0;No;Normal;Senior;Normal;Normal
57;Male;99;124;85;80,4;152;64,5;27,92;0;1;0;0;1;No;Overweight;Senior;Normal;Normal
50;Female;81;129;112;62,6;152;51,3;22,2;0;0;0;0;0;No;Normal;Senior;High;Normal
65;Female;66;154;89;61,3;152;44,4;19,22;0;1;0;0;0;No;Normal;Elderly;High;Normal
45;Female;67;136;86;70,7;157;35;14,2;0;0;0;0;0;No;Underweight;Middle;Normal;Normal
50;Female;53;119;74;91,8;152;52;22,51;0;0;0;0;0;No;Normal;Senior;Normal;Normal
70;Female;65;189;100;58,5;140;36,9;18,83;0;1;0;1;0;No;Normal;Elderly;High;Normal
65;Male;51;199;105;46,2;160;49,4;19,3;0;0;0;0;0;No;Normal;Elderly;High;Normal
50;Male;69;116;69;57,4;152;42;18,18;0;0;0;0;0;No;Underweight;Senior;Normal;Normal
45;Female;62;137;88;91,3;157;52;21,1;0;0;0;0;0;No;Normal;Middle;Normal;Normal
55;Male;64;136;77;58,1;165;50,7;18,62;0;0;0;0;0;No;Normal;Senior;Normal;Normal
70;Male;52;209;119;62,8;152;68,6;29,69;0;1;0;0;0;No;Overweight;Elderly;High;Normal
45;Female;52;164;88;64,6;152;62,7;27,14;0;0;0;0;0;No;Overweight;Middle;High;Normal
50;Female;74;171;92;101,9;150;47,2;20,98;0;0;0;0;0;Yes;Normal;Senior;High;Prediabetes
31;Female;65;154;96;81,4;160;75,2;29,37;0;0;0;0;0;No;Overweight;Middle;High;Normal
50;Female;80;159;102;79,7;145;34;16,17;0;0;0;0;0;No;Underweight;Senior;High;Normal
30;Male;74;130;85;54,3;165;58;21,3;0;0;0;0;0;No;Normal;Young;Normal;Normal
50;Male;81;126;68;74,7;165;59;21,67;0;0;0;0;0;No;Normal;Senior;Normal;Normal
40;Male;62;126;77;57,8;165;59;21,67;0;0;0;0;0;No;Normal;Middle;Normal;Normal
40;Female;77;115;75;61,6;147;42;19,44;0;0;0;0;0;No;Normal;Middle;Normal;Normal
32;Female;80;150;92;50,9;155;52;21,64;0;0;0;0;0;No;Normal;Middle;High;Normal
30;Female;77;131;96;68,5;163;70;26,35;0;0;0;0;0;No;Overweight;Young;High;Normal
50;Female;81;147;76;83,8;155;58;24,14;0;0;0;0;0;No;Normal;Senior;High;Normal
30;Female;80;117;71;64,3;147;42;19,44;0;0;0;0;0;No;Normal;Young;Normal;Normal
55;Female;75;137;77;60;152;52;22,51;0;0;0;0;0;No;Normal;Senior;Normal;Normal
52;Female;85;124;76;77,5;145;45,4;21,59;0;0;0;0;0;No;Normal;Senior;Normal;Normal
33;Male;76;120;78;56,4;163;47,9;18,03;1;0;1;0;0;No;Underweight;Middle;Normal;Normal
26;Female;70;126;76;61,6;152;49,6;21,47;0;0;0;0;0;No;Normal;Young;Normal;Normal
30;Female;81;119;66;55,4;150;39,3;17,47;0;0;0;0;0;No;Underweight;Young;Normal;Normal
48;Male;83;117;81;65,9;157;60,2;24,42;0;0;0;0;0;No;Normal;Senior;Normal;Normal
80;Female;63;148;78;58,2;145;30,3;14,41;0;0;0;0;0;No;Underweight;Elderly;High;Normal
27;Female;76;140;118;101,9;157;60;24,34;1;0;1;0;0;No;Normal;Young;High;Prediabetes
23;Female;88;99;67;64,1;152;46;19,91;1;0;1;0;0;No;Normal;Young;Normal;Normal
70;Female;79;149;88;67,6;147;37,8;17,49;0;0;0;0;0;No;Underweight;Elderly;High;Normal
30;Female;84;127;74;81,4;147;42;19,44;0;0;0;0;0;No;Normal;Young;Normal;Normal
35;Female;66;147;83;69,6;150;65,8;29,24;0;0;0;0;0;No;Overweight;Middle;High;Normal
30;Male;82;136;98;144,9;163;66;24,84;1;0;1;0;0;No;Normal;Young;High;Diabetes
30;Female;82;124;76;58;147;58,5;27,07;0;0;0;0;0;No;Overweight;Young;Normal;Normal
50;Female;59;142;78;80,8;157;56;22,72;0;0;0;0;0;No;Normal;Senior;High;Normal
42;Female;65;126;75;60,8;147;47,7;22,07;0;0;0;0;0;No;Normal;Middle;Normal;Normal
48;Female;76;128;84;59,3;160;63,2;24,69;0;0;0;0;0;No;Normal;Senior;Normal;Normal
70;Female;78;166;85;89,8;150;45;20;0;0;0;0;0;No;Normal;Elderly;High;Normal
60;Female;107;128;75;121,4;147;44;20,36;0;0;0;0;0;Yes;Normal;Senior;Normal;Prediabetes
45;Female;81;120;67;59;152;54;23,37;0;0;0;0;0;No;Normal;Middle;Normal;Normal
50;Female;43;150;107;53,8;152;55,1;23,85;0;0;0;0;0;No;Normal;Senior;High;Normal
50;Female;79;120;65;64,6;152;60,5;26,19;0;0;0;0;0;No;Overweight;Senior;Normal;Normal
75;Female;88;165;85;56,3;122;256;21,9;0;0;0;0;0;No;Normal;Elderly;High;Normal
32;Female;61;161;91;114,5;155;77,3;32,17;0;0;0;0;0;No;Obese;Middle;High;Prediabetes
45;Female;70;139;92;70;152;58;25,1;0;0;0;0;0;No;Overweight;Middle;High;Normal
35;Female;82;117;76;76,3;152;61;26,4;0;0;0;0;0;No;Overweight;Middle;Normal;Normal
22;Female;100;110;59;80,9;152;46,3;20,04;1;0;1;0;0;No;Normal;Young;Normal;Normal
50;Female;86;124;77;100,8;152;58;25,1;0;0;0;0;0;No;Overweight;Senior;Normal;Prediabetes
50;Female;75;130;91;70,5;152;45;19,48;0;1;0;0;0;No;Normal;Senior;High;Normal
60;Female;75;131;72;77,6;152;45;19,48;0;0;0;0;0;No;Normal;Senior;Normal;Normal
52;Female;77;134;93;51,7;152;44;19,04;0;0;0;0;0;No;Normal;Senior;High;Normal
40;Female;82;120;74;84,4;155;50;20,81;0;0;0;0;0;No;Normal;Middle;Normal;Normal
45;Female;82;124;87;61;152;74;32,03;0;0;0;0;0;No;Obese;Middle;Normal;Normal
30;Male;72;115;69;68,2;173;60,6;20,25;1;0;1;0;0;No;Normal;Young;Normal;Normal
80;Female;95;181;99;67,6;155;40;16,65;0;0;0;0;0;No;Underweight;Elderly;High;Normal
25;Female;66;133;82;64,2;150;48;21,33;0;0;0;0;0;No;Normal;Young;Normal;Normal
65;Female;76;128;72;81,7;152;49;21,21;0;0;0;0;0;No;Normal;Elderly;Normal;Normal
55;Male;81;144;84;77,6;152;60;25,97;0;0;0;0;0;No;Overweight;Senior;High;Normal
50;Female;58;167;96;64,9;155;74,4;30,97;0;1;0;1;0;No;Obese;Senior;High;Normal
55;Female;79;159;89;73,2;152;38;16,45;0;0;0;0;0;No;Underweight;Senior;High;Normal
26;Female;92;110;84;57,4;152;40,2;17,4;0;0;0;0;0;No;Underweight;Young;Normal;Normal
60;Female;71;193;79;58,7;152;45;19,48;0;0;0;0;0;No;Normal;Senior;High;Normal
50;Female;73;157;105;58,1;152;38;16,45;0;0;0;0;0;No;Underweight;Senior;High;Normal
80;Female;70;182;75;78,9;142;45;22,32;0;1;0;0;0;No;Normal;Elderly;High;Normal
45;Female;87;116;77;70,6;157;50;20,28;0;0;0;0;0;No;Normal;Middle;Normal;Normal
45;Female;92;135;93;63,4;152;52;22,51;0;0;0;0;0;No;Normal;Middle;High;Normal
40;Female;76;127;71;57,5;152;62,5;27,05;0;0;0;0;0;No;Overweight;Middle;Normal;Normal
35;Female;67;118;58;66,6;142;32,2;15,97;0;0;0;0;0;No;Underweight;Middle;Normal;Normal
35;Female;69;148;94;107,9;155;80,8;33,63;0;0;0;0;0;No;Obese;Middle;High;Prediabetes
40;Female;74;126;75;73,9;157;56;22,72;0;0;0;0;0;No;Normal;Middle;Normal;Normal
70;Male;94;129;73;151,2;165;62;22,77;0;1;0;0;0;No;Normal;Elderly;Normal;Diabetes
50;Female;91;138;96;94,6;152;58;25,1;0;0;0;0;0;No;Overweight;Senior;High;Normal
50;Female;68;164;94;78,2;152;47,4;20,52;0;0;0;0;0;No;Normal;Senior;High;Normal
28;Female;76;126;92;46,8;150;59;26,22;0;0;0;0;0;No;Overweight;Young;High;Normal
58;Male;75;141;78;85,8;160;46,5;18,16;0;0;0;0;0;No;Underweight;Senior;High;Normal
65;Female;56;180;85;58;152;56,4;24,41;0;0;0;0;0;No;Normal;Elderly;High;Normal
35;Male;57;134;88;50,4;157;57,8;23,45;1;0;1;0;0;No;Normal;Middle;Normal;Normal
24;Female;88;127;75;56,8;157;52;21,1;0;0;0;0;0;No;Normal;Young;Normal;Normal
30;Female;72;112;78;66,3;152;57;24,67;0;0;0;0;0;No;Normal;Young;Normal;Normal
80;Male;69;193;106;85,2;147;41,5;19,2;0;0;0;0;0;No;Normal;Elderly;High;Normal
75;Female;85;171;87;72,8;150;41;18,22;0;0;0;0;0;No;Underweight;Elderly;High;Normal
70;Female;90;148;87;91,7;147;42;19,44;0;1;0;0;0;Yes;Normal;Elderly;High;Normal
59;Female;73;99;72;60,6;152;48;20,78;0;0;0;0;0;No;Normal;Senior;Normal;Normal
30;Female;63;124;79;84,7;145;44;20,93;0;0;0;0;0;No;Normal;Young;Normal;Normal
60;Female;68;167;86;66,4;145;46;21,88;0;0;0;0;0;No;Normal;Senior;High;Normal
35;Female;86;111;74;63;152;51;22,07;0;0;0;0;0;No;Normal;Middle;Normal;Normal
35;Female;75;115;60;43,8;155;55,7;23,18;0;0;0;0;0;No;Normal;Middle;Normal;Normal
25;Female;80;123;74;97,9;152;55;23,81;0;0;0;0;0;No;Normal;Young;Normal;Normal
50;Female;72;143;82;69,6;157;52,3;21,22;0;0;0;0;0;No;Normal;Senior;High;Normal
40;Female;71;168;90;62,5;145;60,8;28,92;0;0;0;0;0;No;Overweight;Middle;High;Normal
42;Female;82;143;101;97,3;152;59,1;25,58;0;0;0;0;0;No;Overweight;Middle;High;Normal
30;Female;87;98;67;75,3;147;35;16,2;0;0;0;0;0;No;Underweight;Young;Normal;Normal
35;Female;73;127;71;67,9;152;43,2;18,7;0;0;0;0;0;No;Normal;Middle;Normal;Normal
55;Female;62;158;109;80,3;150;44;19,56;0;0;0;0;0;No;Normal;Senior;High;Normal
50;Female;81;131;81;58,6;152;52;22,51;0;0;0;0;0;No;Normal;Senior;Normal;Normal
39;Female;83;99;67;77,9;147;54,4;25,17;0;0;0;0;0;No;Overweight;Middle;Normal;Normal
32;Female;69;152;83;52,7;150;43,2;19,2;0;0;0;0;0;No;Normal;Middle;High;Normal
30;Female;93;118;81;59;155;47;19,56;1;0;1;0;0;No;Normal;Young;Normal;Normal
40;Male;79;95;69;73,3;157;55;22,31;0;0;0;0;0;No;Normal;Middle;Normal;Normal
35;Female;81;103;68;79,4;132;45;25,83;0;0;0;0;0;No;Overweight;Middle;Normal;Normal
30;Male;83;123;69;66,3;157;49;19,88;0;0;0;0;0;No;Normal;Young;Normal;Normal
45;Male;61;179;117;67,8;163;55;20,7;0;1;0;0;1;No;Normal;Middle;High;Normal
59;Male;83;127;85;55,5;173;59;19,71;0;1;0;0;0;No;Normal;Senior;Normal;Normal
30;Male;83;116;67;62;157;57;23,12;0;0;0;0;0;No;Normal;Young;Normal;Normal
46;Female;104;100;59;120;157;30;12,17;0;0;0;0;0;No;Underweight;Senior;Normal;Prediabetes
55;Female;100;128;85;70;157;52;21,1;0;0;0;0;0;No;Normal;Senior;Normal;Normal
35;Male;64;125;68;75,5;155;52;21,64;0;0;0;0;0;No;Normal;Middle;Normal;Normal
32;Male;74;120;74;52,8;163;74,7;28,12;0;0;0;0;0;No;Overweight;Middle;Normal;Normal
45;Female;79;111;70;70,5;152;42,9;18,57;0;0;0;0;0;No;Normal;Middle;Normal;Normal
40;Female;54;142;78;60,3;152;42;18,18;0;0;0;0;0;No;Underweight;Middle;High;Normal
27;Female;84;127;78;71,7;147;49,2;22,77;0;0;0;0;0;No;Normal;Young;Normal;Normal
65;Male;50;159;89;84,5;160;65;25,39;0;1;0;0;0;No;Overweight;Elderly;High;Normal
37;Male;88;127;87;62,6;168;56;19,84;0;0;0;0;0;No;Normal;Middle;Normal;Normal
30;Female;91;123;81;73,8;155;53;22,06;0;0;0;0;0;No;Normal;Young;Normal;Normal
50;Male;67;129;80;102,9;160;56,8;22,19;0;1;0;0;0;No;Normal;Senior;Normal;Prediabetes
45;Female;74;147;111;65,8;145;72,1;34,29;0;0;0;0;0;No;Obese;Middle;High;Normal
70;Female;62;153;71;64,1;130;50,7;30;0;1;0;0;0;No;Overweight;Elderly;High;Normal
52;Male;75;159;92;81,9;163;51,1;19,23;0;1;0;1;0;Yes;Normal;Senior;High;Normal
45;Female;66;142;92;67,9;150;72;32;0;1;0;0;0;No;Obese;Middle;High;Normal
46;Female;70;163;100;57;145;51;24,26;0;1;0;0;0;No;Normal;Senior;High;Normal
70;Female;66;148;86;61;145;33,8;16,08;0;0;0;0;0;No;Underweight;Elderly;High;Normal
35;Female;71;130;83;90,1;155;45,7;19,02;0;0;0;0;0;No;Normal;Middle;Normal;Normal
21;Female;107;122;80;74,9;160;72;28,12;0;0;0;0;0;No;Overweight;Young;Normal;Normal
56;Female;63;138;70;187,8;152;38;16,45;0;1;0;0;0;No;Underweight;Senior;Normal;Diabetes
58;Male;74;120;81;48,4;160;64,7;25,27;0;0;0;0;0;No;Overweight;Senior;Normal;Normal
48;Female;55;131;78;71;155;54,8;22,81;0;0;0;0;0;No;Normal;Senior;Normal;Normal
39;Female;72;98;62;54,6;145;34,3;16,31;0;0;0;0;0;No;Underweight;Middle;Normal;Normal
59;Male;78;128;77;83,9;160;57;22,27;0;0;0;0;0;No;Normal;Senior;Normal;Normal
53;Male;63;129;63;98,6;152;44;19,04;0;0;0;0;0;No;Normal;Senior;Normal;Normal
35;Male;70;122;87;72,1;157;65;26,37;1;0;1;0;0;No;Overweight;Middle;Normal;Normal
51;Female;57;121;78;60,7;157;42,6;17,28;0;0;0;0;0;No;Underweight;Senior;Normal;Normal
34;Female;61;134;83;99,6;155;46,1;19,19;0;0;0;0;0;No;Normal;Middle;Normal;Normal
65;Male;69;111;64;94;152;44,2;19,13;0;0;0;0;0;No;Normal;Elderly;Normal;Normal
50;Female;89;130;89;84;152;54,1;23,42;0;0;0;0;0;No;Normal;Senior;Normal;Normal
32;Female;84;134;93;70,5;157;51;20,69;0;0;0;0;0;No;Normal;Middle;High;Normal
60;Female;76;108;63;82,5;150;45;20;0;0;0;0;0;No;Normal;Senior;Normal;Normal
50;Female;65;184;119;78,8;152;69,5;30,08;0;0;0;0;0;Yes;Obese;Senior;High;Normal
50;Female;53;128;70;58,9;165;52,1;19,14;0;0;0;0;0;No;Normal;Senior;Normal;Normal
30;Female;83;110;78;60,3;163;47,7;17,95;0;0;0;0;0;No;Underweight;Young;Normal;Normal
32;Female;85;128;82;114,3;150;45;20;0;0;0;0;0;No;Normal;Middle;Normal;Prediabetes
32;Female;84;117;70;59,1;152;63,3;27,4;0;0;0;0;0;No;Overweight;Middle;Normal;Normal
60;Female;71;160;93;53,9;147;41,2;19,07;0;0;0;0;0;No;Normal;Senior;High;Normal
60;Female;63;190;99;51,6;152;40;17,31;0;1;0;0;0;No;Underweight;Senior;High;Normal
25;Female;95;129;73;59,9;160;75;29,3;0;0;0;0;0;No;Overweight;Young;Normal;Normal
62;Male;56;172;95;76,6;163;63;23,71;0;1;0;0;0;No;Normal;Elderly;High;Normal
50;Female;87;154;90;120;155;39,7;16,52;0;0;0;1;0;No;Underweight;Senior;High;Prediabetes
60;Female;103;119;75;185,4;160;69;26,95;0;0;0;0;0;Yes;Overweight;Senior;Normal;Diabetes
37;Male;83;123;87;45,2;165;58,6;21,52;1;0;1;0;0;No;Normal;Middle;Normal;Normal
55;Male;66;122;65;63,4;183;83;24,78;0;0;0;0;0;No;Normal;Senior;Normal;Normal
45;Female;77;148;86;70,1;157;45;18,26;0;0;0;0;0;No;Underweight;Middle;High;Normal
50;Female;75;149;92;55,7;142;45;22,32;0;0;0;0;0;No;Normal;Senior;High;Normal
45;Male;61;143;79;67,9;163;61,8;23,26;0;0;0;0;0;No;Normal;Middle;High;Normal
35;Female;65;122;78;57,7;155;50,6;21,06;0;0;0;0;0;No;Normal;Middle;Normal;Normal
40;Female;80;151;85;59,8;150;47,1;20,93;0;0;0;0;0;No;Normal;Middle;High;Normal
40;Male;76;120;75;55,7;157;50;20,28;0;0;0;0;0;No;Normal;Middle;Normal;Normal
33;Male;78;126;87;133,2;163;72;27,1;0;0;0;0;0;No;Overweight;Middle;Normal;Diabetes
60;Female;66;139;79;67,3;155;47,1;19,6;0;0;0;0;0;No;Normal;Senior;Normal;Normal
30;Female;86;122;83;72,9;155;90;37,46;0;0;0;0;0;No;Obese;Young;Normal;Normal
80;Male;58;161;76;63,9;152;42,6;18,44;0;0;0;0;0;No;Underweight;Elderly;High;Normal
75;Female;72;132;87;51,7;152;46,9;20,3;0;0;0;0;0;No;Normal;Elderly;Normal;Normal
45;Female;89;122;85;56,5;145;38;18,07;0;0;0;0;0;No;Underweight;Middle;Normal;Normal
63;Female;81;186;100;69,1;155;60,8;25,31;0;1;0;0;0;No;Overweight;Elderly;High;Normal
55;Female;54;163;87;70,2;155;50,1;20,85;0;0;0;0;0;No;Normal;Senior;High;Normal
55;Female;60;122;73;72,4;152;55,1;23,85;0;0;0;0;0;No;Normal;Senior;Normal;Normal
60;Male;75;130;90;67;155;65,1;27,1;0;0;0;0;0;No;Overweight;Senior;High;Normal
25;Female;77;145;109;68,2;137;49;26,11;0;0;0;0;0;No;Overweight;Young;High;Normal
39;Female;74;105;75;75,8;150;47;20,89;0;0;0;0;0;No;Normal;Middle;Normal;Normal
44;Female;84;156;99;87,1;135;49;26,89;0;0;0;0;0;No;Overweight;Middle;High;Normal
48;Female;89;116;79;75,3;142;42;20,83;0;0;0;0;0;No;Normal;Senior;Normal;Normal
64;Male;61;161;77;75,6;173;54;18,04;0;0;0;0;0;No;Underweight;Elderly;High;Normal
58;Female;74;135;98;60,7;145;40;19,02;0;0;0;0;0;No;Normal;Senior;High;Normal
25;Female;80;128;85;67,4;147;49;22,68;0;0;0;0;0;No;Normal;Young;Normal;Normal
40;Female;83;176;108;66,9;147;50;23,14;0;0;0;0;0;No;Normal;Middle;High;Normal
30;Male;55;125;70;64,5;163;44,2;16,64;0;0;0;0;0;No;Underweight;Young;Normal;Normal
65;Female;74;114;71;58,6;145;43,2;20,55;0;0;0;0;0;No;Normal;Elderly;Normal;Normal
70;Female;71;167;83;80,1;147;45,2;20,92;0;1;0;0;0;Yes;Normal;Elderly;High;Normal
52;Male;58;114;72;69;163;55,9;21,04;0;0;0;0;0;No;Normal;Senior;Normal;Normal
40;Female;80;134;75;166,3;152;62;26,84;0;0;0;0;0;Yes;Overweight;Middle;Normal;Diabetes
40;Male;65;127;75;80,5;163;57,7;21,72;0;0;0;0;0;No;Normal;Middle;Normal;Normal
36;Female;60;110;66;61;147;44,1;20,41;0;0;0;0;0;No;Normal;Middle;Normal;Normal
60;Male;72;149;89;76;163;56,1;21,11;0;0;0;0;0;No;Normal;Senior;High;Normal
60;Female;89;158;106;76,7;155;43,8;18,23;0;0;0;0;0;No;Underweight;Senior;High;Normal
58;Male;72;146;89;149,9;168;79,5;28,17;0;1;0;0;0;Yes;Overweight;Senior;High;Diabetes
45;Female;64;111;70;74,1;163;57;21,45;0;0;0;0;0;No;Normal;Middle;Normal;Normal
40;Female;76;121;78;69,1;163;59,7;22,47;0;0;0;0;0;No;Normal;Middle;Normal;Normal
32;Female;90;106;74;80,2;157;57,2;23,21;0;0;0;0;0;No;Normal;Middle;Normal;Normal
23;Female;96;111;71;80,4;160;64;25;1;0;1;0;0;No;Normal;Young;Normal;Normal
50;Male;61;156;81;63,7;152;50;21,64;0;0;0;0;0;No;Normal;Senior;High;Normal
24;Female;86;104;72;57,9;122;40;26,87;0;0;0;0;0;No;Overweight;Young;Normal;Normal
48;Female;73;125;84;70,3;152;55;23,81;0;0;0;0;0;No;Normal;Senior;Normal;Normal
40;Female;84;143;85;88,9;152;43;18,61;0;0;0;0;0;No;Normal;Middle;High;Normal
25;Female;78;128;79;64,2;152;55;23,81;0;0;0;0;0;No;Normal;Young;Normal;Normal
40;Female;65;111;65;82,2;150;48;21,33;0;0;0;0;0;No;Normal;Middle;Normal;Normal
61;Female;98;138;95;80,6;150;38;16,89;0;0;0;0;0;No;Underweight;Elderly;High;Normal
25;Female;98;147;100;54,4;152;57,3;24,8;0;0;0;0;0;No;Normal;Young;High;Normal
50;Female;80;115;72;59,1;150;44;19,56;0;0;0;0;0;No;Normal;Senior;Normal;Normal
55;Female;63;154;90;79,7;152;45,1;19,52;0;0;0;0;0;No;Normal;Senior;High;Normal
32;Female;80;128;85;63,4;150;41;18,22;0;0;0;0;0;No;Underweight;Middle;Normal;Normal
28;Female;71;128;75;93,9;152;58,7;25,41;0;0;0;0;0;No;Overweight;Young;Normal;Normal
32;Female;77;112;71;69,9;152;69,8;30,21;0;0;0;0;0;No;Obese;Middle;Normal;Normal
48;Male;92;139;92;100,5;173;73,5;24,56;0;1;0;0;0;No;Normal;Senior;High;Prediabetes
42;Female;72;103;66;102,2;160;76,4;29,84;0;0;0;0;0;No;Overweight;Middle;Normal;Prediabetes
50;Female;68;161;89;83,7;152;45,3;19,61;0;1;0;0;0;No;Normal;Senior;High;Normal
35;Female;68;129;89;77,4;157;60;24,34;0;0;0;0;0;No;Normal;Middle;Normal;Normal
51;Female;82;140;80;81,6;150;46,7;20,76;0;0;0;0;0;No;Normal;Senior;High;Normal
50;Female;82;143;84;61,1;155;45,8;19,06;0;1;0;0;0;No;Normal;Senior;High;Normal
27;Female;80;123;79;66,6;157;48,1;19,51;1;0;1;0;0;No;Normal;Young;Normal;Normal
33;Female;81;104;80;60;147;59;27,3;0;0;0;0;0;No;Overweight;Middle;Normal;Normal
41;Female;133;125;76;130;147;60;27,77;0;0;0;1;0;No;Overweight;Middle;Normal;Diabetes
75;Female;68;143;79;56,8;147;37,8;17,49;0;0;0;0;0;No;Underweight;Elderly;High;Normal
48;Female;61;159;85;79,8;155;56,7;23,6;0;0;0;0;0;No;Normal;Senior;High;Normal
38;Female;81;96;68;90;144;66;31,83;0;0;0;0;0;No;Obese;Middle;Normal;Normal
45;Female;72;142;79;69,3;157;55;22,31;0;0;0;0;0;No;Normal;Middle;High;Normal
60;Female;71;153;83;89,7;157;55;22,31;0;0;0;0;0;No;Normal;Senior;High;Normal
60;Male;65;153;88;106,6;157;51,6;20,93;0;0;0;0;0;No;Normal;Senior;High;Prediabetes
60;Female;72;139;72;57,8;150;52,1;23,16;0;0;0;0;0;No;Normal;Senior;Normal;Normal
26;Female;67;120;84;48,2;152;65,9;28,52;0;0;0;0;0;No;Overweight;Young;Normal;Normal
55;Female;75;149;102;89,9;152;50,1;21,68;0;0;0;0;0;No;Normal;Senior;High;Normal
60;Female;86;160;86;87,3;152;46,7;20,21;0;0;0;0;0;No;Normal;Senior;High;Normal
70;Male;68;196;93;78,2;155;39,2;16,32;0;0;0;0;0;No;Underweight;Elderly;High;Normal
59;Male;91;158;82;71,2;155;60,7;25,27;0;0;0;0;0;No;Overweight;Senior;High;Normal
25;Female;86;118;64;62,7;160;74,5;29,1;0;0;0;0;0;No;Overweight;Young;Normal;Normal
61;Male;75;121;81;76,5;165;57,2;21,01;0;0;0;0;0;No;Normal;Elderly;Normal;Normal
54;Male;76;131;79;76,5;168;53;18,78;0;0;0;0;0;No;Normal;Senior;Normal;Normal
50;Female;73;150;99;71,9;155;55;22,89;0;0;0;0;0;No;Normal;Senior;High;Normal
56;Female;82;135;113;56,3;144;55;26,52;0;0;0;0;0;No;Overweight;Senior;High;Normal
40;Male;92;173;107;72;168;62;21,97;0;1;0;0;0;No;Normal;Middle;High;Normal
40;Male;77;155;90;67;155;55,7;23,18;0;0;0;0;0;No;Normal;Middle;High;Normal
56;Male;61;167;73;86,7;157;57;23,12;0;0;0;0;0;No;Normal;Senior;High;Normal
35;Male;100;121;76;73,2;163;54;20,32;0;0;0;0;0;No;Normal;Middle;Normal;Normal
52;Male;72;182;114;65,1;150;37,3;16,58;0;0;0;0;0;No;Underweight;Senior;High;Normal
59;Male;83;134;87;69;163;72;27,1;0;0;0;0;0;No;Overweight;Senior;Normal;Normal
32;Male;70;130;77;65,6;157;51;20,69;0;0;0;0;0;No;Normal;Middle;Normal;Normal
40;Female;72;104;64;49,3;160;64,3;25,12;0;0;0;0;0;No;Overweight;Middle;Normal;Normal
40;Female;88;156;82;89,7;163;51,7;19,46;0;1;0;0;0;Yes;Normal;Middle;High;Normal
65;Male;62;136;85;77,2;165;60;22,04;0;0;0;0;0;No;Normal;Elderly;Normal;Normal
60;Female;84;172;99;249,1;155;54,3;22,6;0;0;0;0;0;Yes;Normal;Senior;High;Diabetes
32;Male;90;170;99;63,9;155;58;24,14;0;1;0;0;0;No;Normal;Middle;High;Normal
35;Female;90;138;99;68,7;152;54;23,37;0;0;0;0;0;No;Normal;Middle;High;Normal
40;Male;81;122;82;62;157;69;27,99;0;0;0;0;0;No;Overweight;Middle;Normal;Normal
33;Female;73;137;81;51,9;155;63;26,22;0;0;0;0;0;No;Overweight;Middle;Normal;Normal
51;Male;73;142;88;79,3;163;62,1;23,37;0;0;0;0;0;No;Normal;Senior;High;Normal
23;Female;98;151;77;120;162;56;21,34;0;0;0;0;0;No;Normal;Young;High;Prediabetes
60;Female;67;142;82;90;165;55;20,2;0;1;0;0;0;Yes;Normal;Senior;High;Normal
55;Female;56;169;103;100;165;56;20,57;0;1;0;0;0;Yes;Normal;Senior;High;Normal
22;Female;63;119;67;50;160;56;21,87;0;0;0;0;0;No;Normal;Young;Normal;Normal
50;Female;81;145;89;250;160;45;17,58;0;1;0;0;0;Yes;Underweight;Senior;High;Diabetes
39;Female;100;129;95;80;157;45;18,26;0;0;0;0;0;No;Underweight;Middle;High;Normal
46;Female;75;110;69;190;160;55;21,48;0;0;0;0;0;No;Normal;Senior;Normal;Diabetes
35;Female;71;95;55;70;154;44;18,55;0;0;0;0;0;Yes;Normal;Middle;Normal;Normal
35;Female;85;122;80;100;160;45;17,58;0;0;0;0;0;No;Underweight;Middle;Normal;Normal
58;Female;82;140;117;150;162;67;25,53;0;1;0;0;0;Yes;Overweight;Senior;High;Diabetes
42;Female;92;148;91;170;157;45;18,26;0;1;0;0;0;Yes;Underweight;Middle;High;Diabetes
59;Female;64;139;82;54,1;152;58,5;25,32;0;0;0;0;0;No;Overweight;Senior;Normal;Normal
50;Female;73;154;86;59,9;152;45;19,48;0;0;0;0;0;No;Normal;Senior;High;Normal
55;Female;78;124;86;60;160;45;17,58;0;0;0;0;0;No;Underweight;Senior;Normal;Normal
44;Female;68;119;78;121,5;152;49,8;21,55;0;0;0;0;0;No;Normal;Middle;Normal;Prediabetes
70;Female;77;177;91;56,3;147;41;18,97;0;0;0;0;0;No;Normal;Elderly;High;Normal
25;Male;91;157;109;84,8;163;66,9;25,18;1;0;1;0;0;No;Overweight;Young;High;Normal
45;Female;61;175;96;65,9;150;48,5;21,56;0;0;0;0;0;No;Normal;Middle;High;Normal
67;Female;64;206;91;70;154;39;16,44;0;0;0;0;0;No;Underweight;Elderly;High;Normal
45;Female;90;145;85;100;157;55;22,31;0;1;0;0;0;Yes;Normal;Middle;High;Normal
22;Female;90;130;85;44,8;150;69,6;30,93;0;0;0;0;0;No;Obese;Young;Normal;Normal
40;Female;85;139;83;63,4;155;38,4;15,98;0;0;0;0;0;No;Underweight;Middle;Normal;Normal
35;Female;82;126;81;70,4;152;52,2;22,59;0;0;0;0;0;No;Normal;Middle;Normal;Normal
50;Male;76;112;59;91,6;165;49,2;18,07;0;0;0;0;0;No;Underweight;Senior;Normal;Normal
26;Male;75;130;81;78,7;170;89,9;31,11;0;0;0;0;0;No;Obese;Young;Normal;Normal
55;Female;59;163;87;52,2;152;53;22,94;0;0;0;0;0;No;Normal;Senior;High;Normal
40;Female;78;113;77;74,3;150;47,6;21,16;0;0;0;0;0;No;Normal;Middle;Normal;Normal
50;Female;82;197;115;83,3;152;50;21,64;0;1;0;0;0;No;Normal;Senior;High;Normal
27;Female;74;121;79;44,8;157;95,4;38,7;0;0;0;0;0;No;Obese;Young;Normal;Normal
58;Male;64;164;104;59,7;163;66,1;24,88;0;0;0;0;0;No;Normal;Senior;High;Normal
58;Female;76;165;101;64,9;150;68,9;30,62;0;0;0;0;0;No;Obese;Senior;High;Normal
22;Female;72;132;76;57,4;155;65,1;27,1;1;0;1;0;0;No;Overweight;Young;Normal;Normal
30;Female;68;119;67;59,2;163;62,8;23,64;1;0;1;0;0;No;Normal;Young;Normal;Normal
72;Male;54;116;67;75,1;160;68,3;26,68;0;0;0;0;0;No;Overweight;Elderly;Normal;Normal
60;Male;90;120;79;57;160;45,8;17,89;0;0;0;0;0;No;Underweight;Senior;Normal;Normal
35;Male;74;139;91;57;178;80,7;25,47;0;0;0;0;0;No;Overweight;Middle;High;Normal
61;Female;77;95;68;103,1;155;59,8;24,89;0;0;0;0;0;No;Normal;Elderly;Normal;Prediabetes
48;Male;68;173;105;90;160;54,4;21,25;0;1;0;0;0;Yes;Normal;Senior;High;Normal
35;Female;64;135;91;99,6;155;58,2;24,22;0;0;0;0;0;No;Normal;Middle;High;Normal
65;Female;68;157;77;75,4;152;52,4;22,68;0;0;0;0;0;No;Normal;Elderly;High;Normal
35;Female;103;132;88;180,9;155;44,7;18,61;0;0;0;0;0;No;Normal;Middle;Normal;Diabetes
67;Female;96;190;107;90;160;60;23,44;0;1;0;1;0;No;Normal;Elderly;High;Normal
33;Female;81;122;81;49;157;54,1;21,95;0;0;0;0;0;No;Normal;Middle;Normal;Normal
60;Male;86;140;90;56,9;145;64,5;30,68;0;0;0;0;0;No;Obese;Senior;High;Normal
58;Male;84;129;91;70,9;155;42,7;17,77;0;0;0;0;0;No;Underweight;Senior;High;Normal
63;Male;88;117;72;92,6;163;71,1;26,76;0;0;0;1;0;No;Overweight;Elderly;Normal;Normal
40;Male;90;160;92;56,3;145;76,7;36,48;0;0;0;0;0;No;Obese;Middle;High;Normal
54;Male;65;126;68;67,6;157;44,1;17,89;0;0;0;0;0;No;Underweight;Senior;Normal;Normal
40;Male;78;175;94;89,6;168;57,3;20,3;0;0;0;0;0;No;Normal;Middle;High;Normal
52;Female;68;111;68;78,5;142;49,2;24,4;0;0;0;0;0;No;Normal;Senior;Normal;Normal
35;Male;68;103;65;80,1;168;59,9;21,22;1;0;1;0;0;No;Normal;Middle;Normal;Normal
25;Female;85;122;84;76,4;152;70,5;30,51;0;0;0;0;0;No;Obese;Young;Normal;Normal
31;Male;70;145;102;113,3;173;75,6;25,26;0;0;0;0;0;No;Overweight;Middle;High;Prediabetes
40;Male;78;103;71;69,8;152;40;17,31;0;0;0;0;0;No;Underweight;Middle;Normal;Normal
25;Female;82;124;89;123,4;147;53,9;24,94;0;0;0;0;0;Yes;Normal;Young;Normal;Prediabetes
35;Female;74;119;71;70;157;46,9;19,03;0;0;0;0;0;No;Normal;Middle;Normal;Normal
25;Female;70;130;98;61,5;152;58,2;25,19;1;0;1;0;0;No;Overweight;Young;High;Normal
46;Male;53;146;87;71,1;157;66,4;26,94;0;0;0;0;0;No;Overweight;Senior;High;Normal
60;Male;85;129;85;80,4;152;56;24,24;0;0;0;0;0;No;Normal;Senior;Normal;Normal
40;Female;71;139;85;65,1;152;42,4;18,35;0;0;0;0;0;No;Underweight;Middle;Normal;Normal
40;Female;88;126;84;77;152;45,7;19,78;0;0;0;0;0;No;Normal;Middle;Normal;Normal
50;Female;81;122;71;84,4;145;56,2;26,73;0;0;0;0;0;No;Overweight;Senior;Normal;Normal
55;Male;66;90;52;80;155;48,1;20,02;0;0;0;0;0;No;Normal;Senior;Normal;Normal
38;Female;75;134;101;61,7;124;46,2;30,05;0;0;0;0;0;No;Obese;Middle;High;Normal
55;Male;61;172;84;61,1;142;40,6;20,13;0;0;0;0;0;No;Normal;Senior;High;Normal
50;Female;52;172;92;73,9;147;37,5;17,35;0;0;0;0;0;No;Underweight;Senior;High;Normal
32;Male;68;130;78;91,2;155;59,6;24,81;0;0;0;0;0;No;Normal;Middle;Normal;Normal
42;Female;77;142;84;82,5;155;68;28,3;0;0;0;0;0;No;Overweight;Middle;High;Normal
74;Male;54;128;88;49,8;152;62;26,84;0;1;0;1;0;Yes;Overweight;Elderly;Normal;Normal
60;Female;57;149;96;47;142;58,6;29,06;0;0;0;0;0;No;Overweight;Senior;High;Normal
30;Female;81;100;68;56,8;152;51,4;22,25;0;0;0;0;0;No;Normal;Young;Normal;Normal
60;Female;59;195;110;55;122;36;24,19;0;0;0;0;0;No;Normal;Senior;High;Normal
39;Female;64;126;77;52,4;157;36,8;14,93;0;0;0;0;0;No;Underweight;Middle;Normal;Normal
50;Female;83;134;72;56,9;152;60,8;26,32;0;0;0;0;0;No;Overweight;Senior;Normal;Normal
59;Male;75;125;84;52,1;163;52;19,57;0;0;0;0;0;No;Normal;Senior;Normal;Normal
50;Female;55;150;95;72,8;150;51,1;22,71;0;1;0;0;0;Yes;Normal;Senior;High;Normal
45;Female;76;158;101;78,5;155;57,1;23,77;0;0;0;0;0;No;Normal;Middle;High;Normal
80;Female;62;182;105;51,7;145;41,6;19,79;0;1;0;0;0;Yes;Normal;Elderly;High;Normal
35;Female;59;148;86;142;140;70;35,71;0;0;0;0;0;No;Obese;Middle;High;Diabetes
45;Female;68;157;91;53,7;152;71;30,73;1;1;1;0;0;No;Obese;Middle;High;Normal
54;Male;65;138;77;99,4;160;68,4;26,72;0;0;0;0;0;No;Overweight;Senior;Normal;Normal
45;Female;64;178;91;55,4;152;44,1;19,09;0;1;0;0;0;No;Normal;Middle;High;Normal
70;Female;72;163;90;67,8;157;56,4;22,88;0;1;0;0;0;No;Normal;Elderly;High;Normal
56;Male;76;131;96;77,3;155;51,6;21,48;0;0;0;0;0;No;Normal;Senior;High;Normal
35;Female;73;147;108;71,9;152;45;19,48;0;0;0;0;0;No;Normal;Middle;High;Normal
25;Female;77;113;69;54,5;152;57;24,67;1;0;1;0;0;No;Normal;Young;Normal;Normal
50;Male;85;121;79;48,6;160;54,5;21,29;0;0;0;0;0;No;Normal;Senior;Normal;Normal
24;Male;89;116;73;75,8;163;53,5;20,14;0;0;0;0;0;No;Normal;Young;Normal;Normal
55;Female;75;130;67;76,6;155;47;19,56;0;1;0;0;0;No;Normal;Senior;Normal;Normal
41;Female;38;112;74;58,4;152;46,6;20,17;0;0;0;0;0;No;Normal;Middle;Normal;Normal
55;Male;69;164;96;69,2;152;56,4;24,41;0;0;0;0;0;No;Normal;Senior;High;Normal
48;Female;72;136;82;63,6;155;62,7;26,1;0;0;0;0;0;No;Overweight;Senior;Normal;Normal
45;Female;72;115;77;69,3;157;49,9;20,24;0;0;0;0;0;No;Normal;Middle;Normal;Normal
55;Male;72;136;96;88,7;160;53,2;20,78;0;0;0;0;0;No;Normal;Senior;High;Normal
65;Male;77;166;87;139,6;160;58;22,66;0;1;0;0;0;Yes;Normal;Elderly;High;Diabetes
58;Female;85;149;96;93,6;150;59,9;26,62;0;1;0;0;0;No;Overweight;Senior;High;Normal
59;Female;76;158;94;70,1;155;56,9;23,68;0;1;0;0;0;No;Normal;Senior;High;Normal
69;Female;56;192;87;58,4;152;38;16,45;0;1;0;0;0;No;Underweight;Elderly;High;Normal
30;Female;91;121;71;76,6;142;40,5;20,09;0;0;0;0;0;No;Normal;Young;Normal;Normal
72;Female;90;153;85;94,9;140;49,7;25,36;0;1;0;0;0;No;Overweight;Elderly;High;Normal
70;Male;54;151;86;62;150;41;18,22;0;0;0;0;0;No;Underweight;Elderly;High;Normal
55;Male;87;116;71;93;168;50,3;17,82;0;0;0;0;0;No;Underweight;Senior;Normal;Normal
45;Male;73;137;93;75;152;69,1;29,91;1;1;1;0;0;No;Overweight;Middle;High;Normal
36;Female;94;115;75;190;152;55,4;23,98;0;0;0;0;0;No;Normal;Middle;Normal;Diabetes
60;Female;81;126;72;56,1;150;41,3;18,36;0;0;0;0;0;No;Underweight;Senior;Normal;Normal
35;Male;55;149;91;60,5;157;83,4;33,84;0;1;0;1;0;No;Obese;Middle;High;Normal
25;Female;63;118;78;43,8;152;58,1;25,15;0;0;0;0;0;No;Overweight;Young;Normal;Normal
35;Female;69;125;100;73,6;157;51,4;20,85;0;0;0;0;0;No;Normal;Middle;High;Normal
54;Female;76;121;67;63,1;135;32,3;17,72;0;0;0;0;0;No;Underweight;Senior;Normal;Normal
40;Female;76;133;90;61,3;147;39,6;18,33;0;0;0;0;0;No;Underweight;Middle;High;Normal
60;Female;79;107;80;118,7;135;34,6;18,98;0;0;0;0;0;No;Normal;Senior;Normal;Prediabetes
45;Female;77;110;65;55,7;152;41,6;18,01;0;0;0;0;0;No;Underweight;Middle;Normal;Normal
44;Female;50;143;85;97,5;168;45,7;16,19;0;0;0;0;0;No;Underweight;Middle;High;Normal
34;Female;65;135;80;56,4;152;56,4;24,41;0;0;0;0;0;No;Normal;Middle;Normal;Normal
38;Female;87;122;79;62,5;152;52;22,51;0;0;0;0;0;No;Normal;Middle;Normal;Normal
37;Male;65;121;82;80,4;168;70;24,8;0;0;0;0;0;No;Normal;Middle;Normal;Normal
30;Female;64;126;73;114,8;160;64,5;25,2;0;0;0;0;0;No;Overweight;Young;Normal;Prediabetes
52;Male;50;146;85;68,5;165;49,1;18,03;0;0;0;0;0;No;Underweight;Senior;High;Normal
35;Female;54;123;77;63,7;145;41,2;19,6;0;0;0;0;0;No;Normal;Middle;Normal;Normal
50;Male;63;197;92;57;163;54;20,32;0;0;0;0;0;No;Normal;Senior;High;Normal
60;Female;66;125;86;73,6;150;41,6;18,49;0;0;0;0;0;No;Underweight;Senior;Normal;Normal
46;Female;84;118;74;59,6;152;46,7;20,21;0;0;0;0;0;No;Normal;Senior;Normal;Normal
67;Male;64;125;76;81,5;157;48,4;19,64;0;0;0;0;0;No;Normal;Elderly;Normal;Normal
64;Female;58;149;90;68,1;152;51,4;22,25;0;0;0;0;0;No;Normal;Elderly;High;Normal
32;Female;81;134;84;51,4;155;75,4;31,38;0;0;0;0;0;No;Obese;Middle;Normal;Normal
70;Male;62;159;87;41,7;165;58;21,3;0;0;0;0;0;No;Normal;Elderly;High;Normal
38;Male;79;93;62;94,3;165;55,6;20,42;0;0;0;0;0;No;Normal;Middle;Normal;Normal
60;Male;74;125;68;102,7;157;45;18,26;0;0;0;0;0;No;Underweight;Senior;Normal;Prediabetes
40;Female;81;130;68;68,4;150;41,9;18,62;0;0;0;0;0;No;Normal;Middle;Normal;Normal
34;Female;80;132;89;52,6;155;55,5;23,1;0;0;0;0;0;No;Normal;Middle;Normal;Normal
50;Female;80;128;69;78,8;152;46;19,91;0;0;0;0;0;No;Normal;Senior;Normal;Normal
35;Female;86;128;83;78,1;160;64,4;25,16;0;0;0;0;0;No;Overweight;Middle;Normal;Normal
25;Female;89;110;83;74,1;155;72;29,97;0;0;0;0;0;No;Overweight;Young;Normal;Normal
27;Female;68;112;70;82,3;147;61,2;28,32;0;0;0;0;0;No;Overweight;Young;Normal;Normal
50;Female;88;149;77;243,1;160;57;22,27;0;0;0;0;0;No;Normal;Senior;High;Diabetes
30;Female;66;145;81;75,3;152;46;19,91;0;0;0;0;0;No;Normal;Young;High;Normal
24;Female;83;100;69;59,2;160;57,7;22,54;1;0;1;0;0;No;Normal;Young;Normal;Normal
60;Male;104;110;68;66,5;165;48;17,63;0;0;0;0;0;No;Underweight;Senior;Normal;Normal
79;Male;84;128;85;55,4;165;48;17,63;0;0;0;0;0;No;Underweight;Elderly;Normal;Normal
43;Female;85;136;85;78,1;152;45;19,48;0;0;0;0;0;No;Normal;Middle;Normal;Normal
68;Female;75;144;75;56,1;147;35,2;16,29;0;1;0;0;0;No;Underweight;Elderly;High;Normal
59;Female;61;171;91;64,4;142;47,1;23,36;0;1;0;0;0;No;Normal;Senior;High;Normal
50;Female;50;164;110;57,2;155;45,1;18,77;0;1;0;0;0;No;Normal;Senior;High;Normal
42;Male;67;131;86;67,1;163;52,4;19,72;0;0;0;0;0;No;Normal;Middle;Normal;Normal
60;Female;80;106;64;69,5;152;60;25,97;0;0;0;0;0;No;Overweight;Senior;Normal;Normal
43;Male;82;139;84;143,6;160;56,3;21,99;0;0;0;0;0;Yes;Normal;Middle;Normal;Diabetes
60;Male;85;89;59;85,5;168;51,5;18,25;0;0;0;0;0;No;Underweight;Senior;Normal;Normal
30;Female;83;114;90;61,9;152;52,5;22,72;0;0;0;0;0;No;Normal;Young;High;Normal
35;Female;78;128;84;58,8;157;57,2;23,21;0;0;0;0;0;No;Normal;Middle;Normal;Normal
52;Female;77;154;95;54,8;150;49;21,78;0;0;0;0;0;No;Normal;Senior;High;Normal
30;Female;75;118;69;64,4;147;43,8;20,27;0;0;0;0;0;No;Normal;Young;Normal;Normal
47;Female;84;126;70;94,1;152;45,9;19,87;0;0;0;0;0;No;Normal;Senior;Normal;Normal
64;Male;73;122;73;60,1;157;62,4;25,32;0;0;0;0;0;No;Overweight;Elderly;Normal;Normal
59;Male;66;133;79;65,8;157;41,7;16,92;0;0;0;0;0;No;Underweight;Senior;Normal;Normal
40;Female;75;150;91;137,3;157;57,4;23,29;0;1;0;0;0;No;Normal;Middle;High;Diabetes
55;Female;82;191;117;73,2;152;54,6;23,63;0;1;0;0;0;No;Normal;Senior;High;Normal
56;Female;86;169;93;67,7;155;41,9;17,44;0;1;0;0;0;No;Underweight;Senior;High;Normal
62;Female;75;189;100;137,3;152;50,9;22,03;0;1;0;0;0;Yes;Normal;Elderly;High;Diabetes
49;Female;87;138;90;81,1;157;56,2;22,8;0;1;0;0;0;No;Normal;Senior;High;Normal
37;Female;72;124;84;64,3;155;53;22,06;0;0;0;0;0;No;Normal;Middle;Normal;Normal
35;Female;78;151;96;75,7;152;52;22,51;0;0;0;0;0;No;Normal;Middle;High;Normal
68;Female;84;224;86;90;147;48;22,21;0;1;0;0;0;No;Normal;Elderly;High;Normal
50;Female;82;133;86;70,3;155;54,2;22,56;0;0;0;0;0;No;Normal;Senior;Normal;Normal
60;Male;75;126;61;69,5;160;43,4;16,95;0;0;0;0;0;No;Underweight;Senior;Normal;Normal
50;Female;81;131;79;72,3;147;35,2;16,29;0;0;0;0;0;No;Underweight;Senior;Normal;Normal
35;Female;77;130;84;67,4;150;45,4;20,18;0;0;0;0;0;No;Normal;Middle;Normal;Normal
30;Female;72;120;75;62,7;163;62;23,34;0;0;0;0;0;No;Normal;Young;Normal;Normal
44;Female;94;102;75;60,6;155;50,2;20,89;0;0;0;0;0;No;Normal;Middle;Normal;Normal
25;Female;76;115;75;50,2;147;45,5;21,06;0;0;0;0;0;No;Normal;Young;Normal;Normal
30;Female;91;107;71;86,4;150;36;16;0;0;0;0;0;No;Underweight;Young;Normal;Normal
40;Female;62;134;95;147,9;147;50;23,14;0;0;0;0;0;No;Normal;Middle;High;Diabetes
35;Male;80;125;75;107,4;163;54,6;20,55;0;0;0;0;0;No;Normal;Middle;Normal;Prediabetes
45;Male;80;118;66;75,1;150;65;28,89;0;0;0;0;0;No;Overweight;Middle;Normal;Normal
55;Male;78;129;78;83,9;163;41,9;15,77;0;0;0;0;0;No;Underweight;Senior;Normal;Normal
67;Male;67;191;93;87,6;157;66,9;27,14;0;0;0;0;0;No;Overweight;Elderly;High;Normal
60;Male;54;118;71;86,7;155;59,5;24,77;0;0;0;0;0;No;Normal;Senior;Normal;Normal
60;Male;95;93;71;86,1;160;51,2;20;0;0;0;0;0;No;Normal;Senior;Normal;Normal
35;Male;76;113;69;75,2;160;59,9;23,4;0;0;0;0;0;Yes;Normal;Middle;Normal;Normal
45;Female;64;118;73;54,4;152;45,5;19,69;0;0;0;0;0;No;Normal;Middle;Normal;Normal
30;Female;86;125;72;155,8;152;56,8;24,58;0;0;0;0;0;No;Normal;Young;Normal;Diabetes
45;Female;70;126;61;73,7;152;55,5;24,02;0;0;0;0;0;No;Normal;Middle;Normal;Normal
30;Female;67;151;88;66,8;152;49;21,21;0;0;0;0;0;No;Normal;Young;High;Normal
25;Female;74;144;94;140,7;152;63;27,27;0;0;0;0;0;No;Overweight;Young;High;Diabetes
25;Female;62;129;104;62,2;147;45,5;21,06;0;0;0;0;0;No;Normal;Young;High;Normal
45;Female;74;146;95;64,8;152;55,2;23,89;0;0;0;0;0;No;Normal;Middle;High;Normal
50;Female;75;138;92;75,3;147;40,8;18,88;0;0;0;0;0;No;Normal;Senior;High;Normal
58;Male;68;130;71;60,8;165;65,3;23,99;0;0;0;0;0;No;Normal;Senior;Normal;Normal
57;Male;92;124;72;46,7;152;45,6;19,74;0;0;0;0;0;No;Normal;Senior;Normal;Normal
40;Male;91;126;72;133,1;160;56,2;21,95;0;0;0;0;0;No;Normal;Middle;Normal;Diabetes
45;Female;89;126;80;57,4;147;42,2;19,53;0;0;0;0;0;No;Normal;Middle;Normal;Normal
60;Female;75;167;117;76,8;152;41;17,75;0;0;0;0;0;No;Underweight;Senior;High;Normal
35;Female;110;144;77;64,2;155;53;22,06;0;0;0;0;0;No;Normal;Middle;High;Normal
35;Female;79;126;77;72,5;142;35,5;17,61;0;0;0;0;0;No;Underweight;Middle;Normal;Normal
35;Female;73;104;67;58,7;152;41;17,75;0;0;0;0;0;No;Underweight;Middle;Normal;Normal
50;Female;83;130;79;59,9;163;67,3;25,33;0;0;0;0;0;No;Overweight;Senior;Normal;Normal
30;Female;51;127;62;64,9;155;49,7;20,69;0;0;0;0;0;No;Normal;Young;Normal;Normal
65;Female;70;129;74;73,2;145;47;22,35;0;0;0;0;0;No;Normal;Elderly;Normal;Normal
40;Female;80;136;88;63,4;160;74,7;29,18;0;0;0;0;0;No;Overweight;Middle;Normal;Normal
30;Female;80;119;71;46,2;163;67,4;25,37;0;0;0;0;0;No;Overweight;Young;Normal;Normal
35;Female;79;120;69;50,4;157;55,2;22,39;0;0;0;0;0;No;Normal;Middle;Normal;Normal
40;Female;91;128;84;82,2;157;39;15,82;0;0;0;0;0;No;Underweight;Middle;Normal;Normal
60;Female;67;142;69;99,2;155;47,5;19,77;0;0;0;0;0;No;Normal;Senior;High;Normal
22;Female;78;126;87;54,9;152;48,4;20,95;0;0;0;0;0;No;Normal;Young;Normal;Normal
30;Male;67;135;119;63,8;165;64,4;23,65;0;0;0;0;0;No;Normal;Young;High;Normal
60;Female;71;155;87;62,3;157;55;22,31;0;1;0;0;0;No;Normal;Senior;High;Normal
30;Female;74;133;110;52,9;155;60,5;25,18;0;0;0;0;0;No;Overweight;Young;High;Normal
45;Female;59;103;72;64,4;155;54,1;22,52;0;0;0;0;0;No;Normal;Middle;Normal;Normal
33;Female;70;142;110;78,1;152;52,6;22,77;0;0;0;0;0;No;Normal;Middle;High;Normal
35;Female;75;151;98;104,2;155;67,5;28,1;0;0;0;0;0;No;Overweight;Middle;High;Prediabetes
40;Female;80;121;85;54,5;157;65;26,37;0;0;0;1;0;No;Overweight;Middle;Normal;Normal
60;Female;74;178;101;61,8;152;46;19,91;0;0;0;0;0;No;Normal;Senior;High;Normal
32;Female;73;97;63;53,6;152;45,9;19,87;0;0;0;0;0;No;Normal;Middle;Normal;Normal
38;Female;79;161;92;77,5;152;61,4;26,58;0;0;0;0;0;No;Overweight;Middle;High;Normal
25;Female;83;102;57;68,1;157;57,6;23,37;0;0;0;0;0;No;Normal;Young;Normal;Normal
29;Female;53;119;74;52,6;160;49,5;19,34;0;0;0;0;0;No;Normal;Young;Normal;Normal
55;Male;74;179;92;63,1;157;53,5;21,7;0;0;0;0;0;No;Normal;Senior;High;Normal
50;Female;92;116;67;91,7;152;42,1;18,22;0;0;0;0;0;No;Underweight;Senior;Normal;Normal
60;Female;84;124;77;62,3;152;42;18,18;0;0;0;0;0;No;Underweight;Senior;Normal;Normal
70;Female;67;176;92;61,8;130;58,4;34,56;0;0;0;0;0;No;Obese;Elderly;High;Normal
35;Male;67;127;78;60,3;168;56;19,84;0;0;0;0;0;No;Normal;Middle;Normal;Normal
60;Male;75;136;87;90,6;183;67,8;20,25;0;0;0;0;0;No;Normal;Senior;Normal;Normal
60;Female;89;134;102;55,6;155;51;21,23;0;1;0;0;0;No;Normal;Senior;High;Normal
55;Female;73;152;87;71,6;155;66,3;27,6;0;0;0;0;0;No;Overweight;Senior;High;Normal
35;Female;91;112;69;63,8;145;58,9;28,01;0;0;0;0;0;No;Overweight;Middle;Normal;Normal
30;Female;83;147;102;41,8;150;66,4;29,51;0;0;0;0;0;No;Overweight;Young;High;Normal
50;Female;97;137;78;171,6;160;62,4;24,37;0;0;0;0;0;Yes;Normal;Senior;Normal;Diabetes
79;Male;54;146;84;60;157;46,7;18,95;0;0;0;0;0;No;Normal;Elderly;High;Normal
35;Female;95;140;90;72,4;155;61;25,39;0;1;0;0;0;No;Overweight;Middle;High;Normal
34;Female;75;101;73;62,4;157;68,2;27,67;1;0;1;0;0;No;Overweight;Middle;Normal;Normal
55;Female;62;157;85;55,2;155;50;20,81;0;1;0;0;0;No;Normal;Senior;High;Normal
49;Female;74;165;106;82,1;150;42;18,67;0;0;0;0;0;No;Normal;Senior;High;Normal
45;Female;53;131;75;59,8;152;50;21,64;0;0;0;0;0;No;Normal;Middle;Normal;Normal
40;Female;80;107;67;48,8;145;45,1;21,45;0;0;0;0;0;No;Normal;Middle;Normal;Normal
55;Female;67;144;113;62,3;150;37,4;16,62;0;0;0;0;0;No;Underweight;Senior;High;Normal
30;Female;84;122;82;56,3;160;59;23,05;0;0;0;0;0;No;Normal;Young;Normal;Normal
59;Male;76;139;79;50,9;155;42,6;17,73;0;0;0;0;0;No;Underweight;Senior;Normal;Normal
50;Female;69;130;80;54,6;147;40,8;18,88;0;0;0;0;0;No;Normal;Senior;Normal;Normal
45;Female;70;113;79;83;155;58,7;24,43;0;0;0;0;0;No;Normal;Middle;Normal;Normal
55;Male;75;103;68;63,3;150;45;20;0;0;0;0;0;No;Normal;Senior;Normal;Normal
33;Female;85;126;83;97,6;152;59,8;25,88;0;0;0;0;0;No;Overweight;Middle;Normal;Normal
51;Female;81;171;102;136;152;45,1;19,52;1;0;1;0;0;No;Normal;Senior;High;Diabetes
69;Male;84;128;77;56,8;165;37,9;13,92;0;0;0;0;0;No;Underweight;Elderly;Normal;Normal
33;Female;93;112;80;91,2;157;63,9;25,92;0;0;0;0;0;No;Overweight;Middle;Normal;Normal
32;Female;84;130;95;61,9;145;61,2;29,11;0;0;0;0;0;No;Overweight;Middle;High;Normal
69;Female;99;165;86;229,1;152;49,9;21,6;0;1;0;0;0;Yes;Normal;Elderly;High;Diabetes
40;Female;83;143;81;97,2;142;42,4;21,03;0;0;0;0;0;No;Normal;Middle;High;Normal
55;Female;77;119;67;113,7;142;44;21,82;0;0;0;0;0;No;Normal;Senior;Normal;Prediabetes
32;Female;80;121;88;63,1;142;61,8;30,65;0;0;0;0;0;No;Obese;Middle;Normal;Normal
39;Female;109;110;95;69,8;152;61;26,4;1;0;1;0;0;No;Overweight;Middle;High;Normal
30;Female;71;143;72;69,7;142;48;23,8;0;0;0;0;0;No;Normal;Young;High;Normal
34;Female;83;132;87;84,8;152;57;24,67;0;0;0;0;0;No;Normal;Middle;Normal;Normal
50;Female;88;125;82;61,7;142;45;22,32;0;0;0;0;0;No;Normal;Senior;Normal;Normal
42;Female;78;110;68;66,6;145;45,4;21,59;0;0;0;0;0;No;Normal;Middle;Normal;Normal
55;Female;81;137;82;69,4;152;56,1;24,28;0;0;0;0;0;No;Normal;Senior;Normal;Normal
25;Female;75;130;79;62,8;150;53,2;23,64;0;0;0;0;0;No;Normal;Young;Normal;Normal
70;Female;89;161;89;72,6;150;34,1;15,16;0;0;0;0;0;No;Underweight;Elderly;High;Normal
50;Female;93;121;86;159,9;157;53;21,5;0;0;0;0;0;No;Normal;Senior;Normal;Diabetes
65;Male;63;168;87;62,3;157;52,2;21,18;0;1;0;0;0;No;Normal;Elderly;High;Normal
52;Female;65;173;100;156,9;142;61,5;30,5;0;1;0;0;0;Yes;Obese;Senior;High;Diabetes
60;Female;65;178;79;72,8;157;55;22,31;0;0;0;0;0;No;Normal;Senior;High;Normal
55;Female;88;152;80;260,7;147;46;21,29;0;0;0;0;0;Yes;Normal;Senior;High;Diabetes
45;Female;65;175;105;78,1;147;48,8;22,58;0;0;0;0;0;No;Normal;Middle;High;Normal
65;Female;70;116;73;72,6;147;35,4;16,38;0;0;0;0;0;No;Underweight;Elderly;Normal;Normal
40;Male;70;167;103;79,9;157;72;29,21;1;0;1;0;0;No;Overweight;Middle;High;Normal
45;Female;84;132;88;101,1;157;70;28,4;0;0;0;0;0;No;Overweight;Middle;Normal;Prediabetes
60;Female;64;176;90;71;145;47;22,35;0;0;0;0;0;No;Normal;Senior;High;Normal
29;Female;73;113;66;85;152;62,7;27,14;1;0;1;0;0;No;Overweight;Young;Normal;Normal
56;Female;75;147;88;54,2;145;38,6;18,36;0;0;0;0;0;No;Underweight;Senior;High;Normal
50;Female;66;116;65;108,8;145;52,3;24,88;0;0;0;0;0;No;Normal;Senior;Normal;Prediabetes
22;Female;112;116;78;49,5;157;52;21,1;0;0;0;0;0;No;Normal;Young;Normal;Normal
30;Female;81;115;70;56,4;155;57,9;24,1;0;0;0;0;0;No;Normal;Young;Normal;Normal
22;Female;80;153;88;97,1;152;48,2;20,86;1;0;1;0;0;No;Normal;Young;High;Normal
55;Male;70;147;81;72,4;160;59,2;23,12;0;0;0;0;0;No;Normal;Senior;High;Normal
60;Female;65;144;74;103,4;145;44,7;21,26;0;0;0;0;0;No;Normal;Senior;High;Prediabetes
60;Female;84;140;78;71,3;152;55;23,81;0;0;0;0;0;No;Normal;Senior;High;Normal
40;Female;81;134;78;69;150;45;20;0;0;0;0;0;No;Normal;Middle;Normal;Normal
50;Female;72;105;67;53,5;147;46,9;21,7;0;0;0;0;0;No;Normal;Senior;Normal;Normal
25;Female;68;123;83;59,6;157;55,1;22,35;0;0;0;0;0;No;Normal;Young;Normal;Normal
45;Female;82;130;74;214,5;152;55;23,81;0;0;0;0;0;No;Normal;Middle;Normal;Diabetes
45;Female;86;111;83;66,2;152;57,4;24,84;0;0;0;0;0;No;Normal;Middle;Normal;Normal
55;Male;85;102;70;52,4;152;49,1;21,25;0;0;0;0;0;No;Normal;Senior;Normal;Normal
45;Male;115;126;86;87,7;170;72,2;24,98;0;0;0;0;0;No;Normal;Middle;Normal;Normal
25;Male;64;103;61;45,5;155;42,7;17,77;1;0;1;0;0;No;Underweight;Young;Normal;Normal
30;Female;89;101;63;74,3;157;41,1;16,67;0;0;0;0;0;No;Underweight;Young;Normal;Normal
24;Female;81;128;86;53,5;160;66,3;25,9;0;0;0;0;0;No;Overweight;Young;Normal;Normal
30;Female;93;110;79;98;150;43,3;19,24;0;0;0;0;0;No;Normal;Young;Normal;Normal
55;Female;79;129;83;69,8;152;50;21,64;0;0;0;0;0;No;Normal;Senior;Normal;Normal
50;Female;62;121;66;67,8;150;43,5;19,33;0;0;0;0;0;No;Normal;Senior;Normal;Normal
50;Female;84;125;79;52,3;157;55,9;22,68;0;0;0;0;0;No;Normal;Senior;Normal;Normal
55;Female;88;163;87;64,5;142;52,9;26,23;0;0;0;0;0;No;Overweight;Senior;High;Normal
65;Female;91;156;92;63,8;155;49,9;20,77;0;0;0;0;0;No;Normal;Elderly;High;Normal
30;Female;76;91;54;62,9;145;63,8;30,34;0;0;0;0;0;No;Obese;Young;Normal;Normal
35;Female;96;104;73;67,5;152;48,3;20,91;0;0;0;0;0;No;Normal;Middle;Normal;Normal
39;Male;66;122;85;56,2;183;83;24,78;0;0;0;0;0;No;Normal;Middle;Normal;Normal
35;Female;86;151;87;82;157;63;25,56;0;0;0;0;0;No;Overweight;Middle;High;Normal
32;Female;107;130;86;72,4;150;52;23,11;0;0;0;0;0;No;Normal;Middle;Normal;Normal
50;Female;87;130;80;75,2;160;69,7;27,23;0;0;0;0;0;No;Overweight;Senior;Normal;Normal
26;Female;94;129;80;80,2;152;56;24,24;0;0;0;0;0;No;Normal;Young;Normal;Normal
30;Female;77;118;90;165,8;152;48;20,78;0;0;0;0;0;No;Normal;Young;High;Diabetes
60;Female;72;176;102;58,4;152;60;25,97;0;1;0;0;0;Yes;Overweight;Senior;High;Normal
55;Female;79;172;80;67,1;150;48;21,33;0;0;0;0;0;No;Normal;Senior;High;Normal
55;Female;85;128;70;96,2;152;52;22,51;0;0;0;0;0;No;Normal;Senior;Normal;Normal
33;Female;86;125;79;67;152;52;22,51;0;0;0;0;0;No;Normal;Middle;Normal;Normal
28;Female;84;128;87;53,6;150;48;21,33;0;0;0;0;0;No;Normal;Young;Normal;Normal
70;Male;70;154;84;57;173;75,5;25,23;0;0;0;0;0;Yes;Overweight;Elderly;High;Normal
32;Female;78;127;88;75,5;150;45;20;0;0;0;0;0;No;Normal;Middle;Normal;Normal
30;Female;87;140;81;56,4;157;78;31,64;0;0;0;0;0;No;Obese;Young;High;Normal
35;Male;85;141;84;57,3;157;57;23,12;1;0;1;0;0;No;Normal;Middle;High;Normal
56;Female;81;147;80;68,5;152;56;24,24;0;0;0;0;0;No;Normal;Senior;High;Normal
73;Male;78;134;78;84,5;160;58;22,66;0;0;0;0;0;No;Normal;Elderly;Normal;Normal
65;Male;74;148;78;58;157;33,5;13,59;0;0;0;0;0;No;Underweight;Elderly;High;Normal
29;Male;64;119;69;79,2;170;71,1;24,6;0;0;0;0;0;No;Normal;Young;Normal;Normal
70;Male;91;110;64;60,4;157;43,5;17,65;0;0;0;0;0;No;Underweight;Elderly;Normal;Normal
49;Female;70;149;89;69,7;152;55,9;24,19;0;0;0;0;0;No;Normal;Senior;High;Normal
70;Male;65;149;98;104,3;163;219;21,9;0;0;0;0;0;No;Normal;Elderly;High;Prediabetes
60;Female;92;154;79;70;152;55,8;24,15;0;0;0;0;0;No;Normal;Senior;High;Normal
60;Female;74;127;77;105,4;145;53;25,21;0;0;0;0;0;No;Overweight;Senior;Normal;Prediabetes
26;Female;94;136;84;89,1;168;83,4;29,55;0;0;0;0;0;No;Overweight;Young;Normal;Normal
72;Female;89;148;85;84;157;56;22,72;0;0;0;0;0;No;Normal;Elderly;High;Normal
55;Female;78;129;85;98,8;157;53;21,5;0;0;0;0;0;No;Normal;Senior;Normal;Normal
40;Female;103;124;85;71,3;155;70;29,14;0;0;0;0;0;No;Overweight;Middle;Normal;Normal
42;Male;67;160;96;53,8;163;80,4;30,26;0;0;0;0;0;No;Obese;Middle;High;Normal
32;Female;68;167;98;60,9;157;72;29,21;0;0;0;0;0;Yes;Overweight;Middle;High;Normal
35;Female;68;124;76;77,9;150;52;23,11;0;0;0;0;0;No;Normal;Middle;Normal;Normal
30;Female;91;116;73;83,9;152;47;20,34;0;0;0;0;0;No;Normal;Young;Normal;Normal
44;Female;113;125;74;90,4;152;54;23,37;0;0;0;0;0;No;Normal;Middle;Normal;Normal
21;Female;88;115;64;54,8;152;50;21,64;0;0;0;0;0;No;Normal;Young;Normal;Normal
30;Female;82;126;81;79,6;150;54;24;0;0;0;0;0;No;Normal;Young;Normal;Normal
35;Female;79;148;78;83,9;145;47,5;22,59;0;0;0;0;0;No;Normal;Middle;High;Normal
32;Female;100;125;78;80,5;155;85,2;35,46;0;0;0;0;0;No;Obese;Middle;Normal;Normal
55;Female;69;118;80;119,5;147;35,3;16,34;0;0;0;0;0;No;Underweight;Senior;Normal;Prediabetes
50;Female;78;125;83;78,3;157;60;24,34;0;0;0;0;0;No;Normal;Senior;Normal;Normal
30;Male;81;115;69;55,5;147;50,9;23,56;0;0;0;0;0;No;Normal;Young;Normal;Normal
35;Female;78;127;82;57,8;147;43,3;20,04;0;0;0;0;0;No;Normal;Middle;Normal;Normal
45;Female;73;119;79;73,5;163;49,2;18,52;0;0;0;0;0;No;Normal;Middle;Normal;Normal
49;Female;81;104;63;50,9;163;37,5;14,11;0;0;0;0;0;No;Underweight;Senior;Normal;Normal
50;Female;101;120;88;68,5;150;45,6;20,27;0;0;0;0;0;No;Normal;Senior;Normal;Normal
40;Female;77;134;87;57,1;155;62,1;25,85;0;0;0;0;0;No;Overweight;Middle;Normal;Normal
47;Female;73;150;94;46,4;152;43;18,61;0;0;0;0;0;No;Normal;Senior;High;Normal
45;Female;85;130;78;71,6;152;44;19,04;0;0;0;0;0;No;Normal;Middle;Normal;Normal
40;Female;80;145;96;49,3;152;58;25,1;0;0;0;0;0;No;Overweight;Middle;High;Normal
40;Female;77;132;80;57,7;150;44;19,56;0;0;0;0;0;No;Normal;Middle;Normal;Normal
30;Male;70;95;78;62,6;155;53;22,06;1;0;1;0;0;No;Normal;Young;Normal;Normal
40;Male;88;104;59;116,8;160;54,2;21,17;0;0;0;0;0;No;Normal;Middle;Normal;Prediabetes
49;Female;78;126;77;81,2;152;49;21,21;0;0;0;0;0;No;Normal;Senior;Normal;Normal
60;Female;82;163;89;86,1;147;45,2;20,92;0;0;0;0;0;No;Normal;Senior;High;Normal
35;Female;81;139;76;120,4;155;53,7;22,35;0;0;0;0;0;No;Normal;Middle;Normal;Prediabetes
37;Female;98;145;99;110,5;155;56,6;23,56;0;0;0;0;0;No;Normal;Middle;High;Prediabetes
39;Female;103;98;72;70,4;155;40,4;16,82;0;0;0;0;0;No;Underweight;Middle;Normal;Normal
21;Female;76;105;67;63;157;71;28,8;0;0;0;0;0;No;Overweight;Young;Normal;Normal
44;Female;62;137;74;71,7;150;47,9;21,29;0;0;0;0;0;No;Normal;Middle;Normal;Normal
56;Female;88;132;78;104,1;152;53;22,94;0;0;0;0;0;No;Normal;Senior;Normal;Prediabetes
34;Male;76;115;75;63,9;157;56;22,72;0;0;0;0;0;No;Normal;Middle;Normal;Normal
70;Female;88;121;63;73,1;147;40;18,51;0;1;0;0;0;No;Normal;Elderly;Normal;Normal
48;Female;94;129;76;70,6;150;46;20,44;0;0;0;0;0;No;Normal;Senior;Normal;Normal
55;Female;96;113;75;53,4;145;46;21,88;0;0;0;0;0;No;Normal;Senior;Normal;Normal
50;Female;85;174;109;69,4;152;62;26,84;0;0;0;0;0;No;Overweight;Senior;High;Normal
40;Female;86;100;63;82,8;152;57;24,67;0;0;0;0;0;No;Normal;Middle;Normal;Normal
26;Female;92;101;78;72,9;152;47,3;20,47;0;0;0;0;0;No;Normal;Young;Normal;Normal
60;Female;79;110;63;64,2;145;39,4;18,74;0;0;0;0;0;No;Normal;Senior;Normal;Normal
50;Female;82;115;67;77,4;152;51,7;22,38;0;0;0;0;0;No;Normal;Senior;Normal;Normal
80;Female;91;160;76;85,6;152;44;19,04;0;0;0;0;0;No;Normal;Elderly;High;Normal
60;Male;84;151;88;62;170;60,3;20,87;0;1;0;0;0;Yes;Normal;Senior;High;Normal
54;Female;75;147;92;49,9;160;55,1;21,52;0;1;0;0;0;No;Normal;Senior;High;Normal
42;Female;102;100;71;54,1;147;37,4;17,31;0;0;0;0;0;No;Underweight;Middle;Normal;Normal
22;Male;77;126;79;61,2;163;82,8;31,16;1;0;1;0;0;No;Obese;Young;Normal;Normal
30;Female;87;142;96;134,8;147;55,7;25,78;0;0;0;0;0;No;Overweight;Young;High;Diabetes
65;Female;62;171;77;72,7;150;48,7;21,64;0;0;0;0;0;No;Normal;Elderly;High;Normal
25;Female;93;128;58;96,8;157;75,8;30,75;0;0;0;0;0;No;Obese;Young;Normal;Normal
35;Female;92;101;51;82,6;150;45,1;20,04;0;0;0;0;0;No;Normal;Middle;Normal;Normal
70;Male;69;156;85;92,5;150;33,9;15,07;0;0;0;0;0;No;Underweight;Elderly;High;Normal
65;Female;95;165;102;129,7;152;47,5;20,56;0;0;0;0;0;No;Normal;Elderly;High;Diabetes
60;Female;82;112;79;58,7;145;38,6;18,36;0;0;0;0;0;No;Underweight;Senior;Normal;Normal
40;Female;74;119;88;55,2;135;55;30,18;1;0;1;0;0;No;Obese;Middle;Normal;Normal
55;Female;61;129;75;92,4;145;59,8;28,44;0;0;0;0;0;No;Overweight;Senior;Normal;Normal
32;Female;93;126;85;61,5;157;58;23,53;0;0;0;0;0;No;Normal;Middle;Normal;Normal
27;Female;84;120;80;65,2;137;47;25,04;0;0;0;0;0;No;Overweight;Young;Normal;Normal
59;Male;57;122;68;59,2;163;48,7;18,33;0;0;0;0;0;No;Underweight;Senior;Normal;Normal
50;Female;73;146;85;74,7;155;56,4;23,48;0;0;0;0;0;No;Normal;Senior;High;Normal
45;Male;83;122;71;62,6;155;54;22,48;0;0;0;0;0;No;Normal;Middle;Normal;Normal
65;Female;86;117;62;89,9;145;39;18,55;0;0;0;0;0;No;Normal;Elderly;Normal;Normal
32;Female;108;127;89;80,4;152;50;21,64;0;0;0;0;0;No;Normal;Middle;Normal;Normal
50;Female;64;140;80;56,7;150;38,5;17,11;0;0;0;0;0;No;Underweight;Senior;High;Normal
35;Female;84;118;79;81,7;150;52;23,11;0;0;0;0;0;No;Normal;Middle;Normal;Normal
32;Female;90;103;72;61,4;152;44;19,04;0;0;0;0;0;No;Normal;Middle;Normal;Normal
53;Female;66;163;88;85,4;152;58;25,1;0;0;0;0;0;No;Overweight;Senior;High;Normal
70;Female;93;164;83;154,5;147;49;22,68;0;0;0;0;0;No;Normal;Elderly;High;Diabetes
35;Female;74;122;78;68,6;157;52;21,1;0;0;0;0;0;No;Normal;Middle;Normal;Normal
50;Female;82;176;87;70,8;155;63;26,22;0;1;0;0;0;No;Overweight;Senior;High;Normal
40;Female;82;120;72;84,4;160;62;24,22;0;0;0;0;0;No;Normal;Middle;Normal;Normal
75;Female;87;143;73;67,1;147;43;19,9;0;0;0;0;0;No;Normal;Elderly;High;Normal
30;Male;72;120;76;62,6;160;58,8;22,97;0;0;0;0;0;No;Normal;Young;Normal;Normal
60;Female;83;127;76;278,5;157;37;15,01;0;0;0;0;0;No;Underweight;Senior;Normal;Diabetes
35;Male;98;127;85;73;160;58,4;22,81;0;0;0;0;0;No;Normal;Middle;Normal;Normal
75;Male;75;100;64;57,8;168;36,9;13,07;0;0;0;0;0;No;Underweight;Elderly;Normal;Normal
50;Female;80;88;62;65,9;150;43,7;19,42;0;0;0;0;0;No;Normal;Senior;Normal;Normal
32;Female;78;117;71;81,9;165;76,1;27,95;0;0;0;0;0;No;Overweight;Middle;Normal;Normal
27;Female;87;120;72;89,8;157;61,4;24,91;0;0;0;0;0;No;Normal;Young;Normal;Normal
70;Female;103;184;96;76;145;33,3;15,84;0;0;0;0;0;No;Underweight;Elderly;High;Normal
55;Female;80;148;78;71,9;155;47,4;19,73;0;0;0;0;0;No;Normal;Senior;High;Normal
65;Female;74;149;82;68,8;160;58,8;22,97;0;0;0;0;0;No;Normal;Elderly;High;Normal
25;Female;79;118;82;54,3;150;50,1;22,27;0;0;0;0;0;No;Normal;Young;Normal;Normal
49;Female;53;135;82;75,7;157;39;15,82;0;0;0;0;0;No;Underweight;Senior;Normal;Normal
55;Female;75;155;80;80,4;152;53;22,94;0;0;0;0;0;No;Normal;Senior;High;Normal
65;Male;77;113;71;65,2;152;37,4;16,19;0;0;0;0;0;No;Underweight;Elderly;Normal;Normal
35;Female;77;99;66;61,4;152;48,3;20,91;0;0;0;0;0;No;Normal;Middle;Normal;Normal
38;Female;86;121;75;92,5;157;54,2;21,99;0;0;0;0;0;No;Normal;Middle;Normal;Normal
50;Female;90;153;96;111,9;155;56,4;23,48;0;0;0;0;0;No;Normal;Senior;High;Prediabetes
40;Female;90;155;119;111,4;142;67,3;33,38;0;0;0;0;0;No;Obese;Middle;High;Prediabetes
35;Female;76;122;80;72,2;145;58,1;27,63;0;0;0;0;0;No;Overweight;Middle;Normal;Normal
60;Female;74;134;64;64,8;152;55,5;24,02;0;0;0;0;0;No;Normal;Senior;Normal;Normal
30;Female;98;98;70;79,5;155;49,4;20,56;0;0;0;0;0;No;Normal;Young;Normal;Normal
40;Female;75;110;67;53,4;160;55;21,48;0;0;0;0;0;No;Normal;Middle;Normal;Normal
70;Female;79;113;76;70,8;152;41,4;17,92;0;0;0;0;0;No;Underweight;Elderly;Normal;Normal
60;Male;67;102;59;65,4;163;56;21,08;0;0;0;0;0;No;Normal;Senior;Normal;Normal
55;Female;59;131;79;64,6;152;53;22,94;0;0;0;0;0;No;Normal;Senior;Normal;Normal
35;Female;69;122;77;74,1;152;52;22,51;0;0;0;0;0;No;Normal;Middle;Normal;Normal
55;Female;80;137;86;58,1;152;48;20,78;0;0;0;0;0;No;Normal;Senior;Normal;Normal
70;Male;76;163;79;74;157;56;22,72;0;1;0;0;0;No;Normal;Elderly;High;Normal
35;Female;96;124;84;80;160;58;22,66;0;0;0;0;0;No;Normal;Middle;Normal;Normal
50;Female;88;118;71;88,2;152;48;20,78;0;0;0;0;0;No;Normal;Senior;Normal;Normal
45;Female;109;151;108;81,2;152;72;31,16;0;0;0;0;0;No;Obese;Middle;High;Normal
55;Female;105;208;109;69,3;152;50;21,64;0;0;0;0;0;No;Normal;Senior;High;Normal
30;Female;123;137;92;59,6;152;66;28,57;0;0;0;0;0;No;Overweight;Young;High;Normal
38;Female;80;120;71;68,7;157;55;22,31;0;0;0;0;0;No;Normal;Middle;Normal;Normal
62;Female;64;132;74;99,9;155;36;14,98;0;0;0;0;0;No;Underweight;Elderly;Normal;Normal
32;Female;68;114;71;56,3;152;59;25,54;0;0;0;0;0;No;Overweight;Middle;Normal;Normal
28;Male;84;135;94;48,8;163;55;20,7;1;1;1;0;0;No;Normal;Young;High;Normal
45;Female;83;119;80;74,4;155;47;19,56;0;0;0;0;0;No;Normal;Middle;Normal;Normal
55;Female;86;125;79;77,7;152;55;23,81;0;0;0;0;0;No;Normal;Senior;Normal;Normal
40;Female;85;114;75;63,2;147;40,6;18,79;0;0;0;0;0;No;Normal;Middle;Normal;Normal
50;Female;84;141;86;82,5;155;55;22,89;0;0;0;0;0;No;Normal;Senior;High;Normal
32;Female;98;118;69;66;145;45,1;21,45;0;0;0;0;0;No;Normal;Middle;Normal;Normal
45;Female;103;107;78;69,1;160;52,5;20,51;0;0;0;0;0;No;Normal;Middle;Normal;Normal
32;Female;86;117;74;206,8;152;60;25,97;0;1;0;0;0;Yes;Overweight;Middle;Normal;Diabetes
40;Female;82;130;95;112,6;152;78,5;33,98;0;0;0;1;0;Yes;Obese;Middle;High;Prediabetes
50;Female;98;138;83;64,4;152;44;19,04;0;0;0;0;0;No;Normal;Senior;Normal;Normal
35;Female;85;102;69;53,7;152;52;22,51;0;0;0;0;0;No;Normal;Middle;Normal;Normal
65;Male;69;139;77;52,5;152;53;22,94;0;1;0;0;0;Yes;Normal;Elderly;Normal;Normal
70;Female;76;119;69;56,1;142;32;15,87;0;0;0;0;0;No;Underweight;Elderly;Normal;Normal
40;Female;81;135;82;97;152;52;22,51;0;0;0;0;0;No;Normal;Middle;Normal;Normal
35;Female;63;114;75;75,2;150;54;24;0;0;0;0;0;No;Normal;Middle;Normal;Normal
65;Female;72;145;73;79,5;145;48;22,83;0;0;0;0;0;No;Normal;Elderly;High;Normal
60;Female;60;136;91;58,1;152;53;22,94;0;1;0;0;0;No;Normal;Senior;High;Normal
70;Female;72;124;74;66,3;147;49;22,68;0;0;0;0;0;No;Normal;Elderly;Normal;Normal
50;Male;74;135;93;85,1;157;53;21,5;0;0;0;1;0;No;Normal;Senior;High;Normal
60;Male;66;102;65;80,9;163;51;19,2;0;0;0;0;0;No;Normal;Senior;Normal;Normal
40;Male;74;121;73;69,8;183;62,8;18,75;0;0;0;0;0;No;Normal;Middle;Normal;Normal
30;Male;77;129;78;66,9;157;52,1;21,14;0;0;0;0;0;No;Normal;Young;Normal;Normal
35;Female;82;110;69;94,5;152;51,8;22,42;0;0;0;0;0;No;Normal;Middle;Normal;Normal
65;Male;63;130;89;53,6;165;58,2;21,38;0;0;0;0;0;No;Normal;Elderly;Normal;Normal
60;Male;78;128;64;50,9;150;53,3;23,69;0;0;0;0;0;No;Normal;Senior;Normal;Normal
80;Female;71;148;82;53,4;152;41;17,75;0;0;0;0;0;No;Underweight;Elderly;High;Normal
40;Female;57;112;59;60,5;160;53;20,7;0;0;0;0;0;No;Normal;Middle;Normal;Normal
50;Female;86;146;88;61,7;155;39;16,23;1;0;1;0;0;No;Underweight;Senior;High;Normal
21;Female;76;101;64;79,6;157;46,8;18,99;0;0;0;0;0;No;Normal;Young;Normal;Normal
55;Female;50;171;110;70;145;47,1;22,4;0;0;0;0;0;No;Normal;Senior;High;Normal
55;Female;89;126;79;83,4;150;51;22,67;0;0;0;0;0;No;Normal;Senior;Normal;Normal
50;Female;89;104;69;71,7;150;47;20,89;0;0;0;0;0;No;Normal;Senior;Normal;Normal
32;Female;79;122;68;66,1;157;56;22,72;0;0;0;0;0;No;Normal;Middle;Normal;Normal
60;Female;66;141;92;79,2;150;43;19,11;0;0;0;0;0;No;Normal;Senior;High;Normal
45;Female;82;129;84;69,1;160;52,1;20,35;0;0;0;0;0;No;Normal;Middle;Normal;Normal
64;Female;74;118;69;97,3;160;41;16,02;0;0;0;0;0;No;Underweight;Elderly;Normal;Normal
30;Female;71;104;63;77,3;145;40,3;19,17;0;0;0;0;0;No;Normal;Young;Normal;Normal
40;Female;70;123;70;62,9;160;53,8;21,02;0;0;0;0;0;No;Normal;Middle;Normal;Normal
35;Female;81;87;68;62;150;46,4;20,62;0;0;0;0;0;No;Normal;Middle;Normal;Normal
50;Female;66;131;79;81,2;145;45;21,4;0;0;0;0;0;No;Normal;Senior;Normal;Normal
35;Female;89;105;70;42,5;150;41,3;18,36;0;0;0;0;0;No;Underweight;Middle;Normal;Normal
35;Female;91;96;68;86,6;163;46,3;17,43;0;0;0;0;0;No;Underweight;Middle;Normal;Normal
30;Female;70;130;80;49,7;147;47,1;21,8;0;0;0;0;0;No;Normal;Young;Normal;Normal
30;Female;77;121;73;45;155;45;18,73;0;0;0;0;0;No;Normal;Young;Normal;Normal
80;Female;54;148;77;74,6;163;49;18,44;0;0;0;0;0;No;Underweight;Elderly;High;Normal
29;Female;85;180;116;71;147;46;21,29;0;1;0;0;0;No;Normal;Young;High;Normal
50;Female;70;103;63;61,6;150;39;17,33;0;0;0;0;0;No;Underweight;Senior;Normal;Normal
62;Male;64;125;80;82,1;160;52;20,31;0;0;0;0;0;No;Normal;Elderly;Normal;Normal
45;Female;65;125;74;67,6;152;48;20,78;0;0;0;0;0;No;Normal;Middle;Normal;Normal
50;Female;76;124;94;80,8;147;50;23,14;0;0;0;0;0;No;Normal;Senior;High;Normal
52;Female;83;123;76;77,3;160;60;23,44;0;0;0;0;0;No;Normal;Senior;Normal;Normal
45;Female;59;116;64;72,1;152;55;23,81;0;0;0;0;0;No;Normal;Middle;Normal;Normal
50;Female;69;117;68;63,6;147;45;20,82;0;0;0;0;0;No;Normal;Senior;Normal;Normal
45;Female;78;126;85;69,6;152;45;19,48;0;0;0;0;0;No;Normal;Middle;Normal;Normal
40;Female;102;165;102;189,6;152;45;19,48;0;1;0;0;0;Yes;Normal;Middle;High;Diabetes
50;Female;73;118;74;61,5;155;50;20,81;0;0;0;0;0;No;Normal;Senior;Normal;Normal
23;Female;64;117;66;58,7;157;53;21,5;0;0;0;0;0;No;Normal;Young;Normal;Normal
31;Female;85;130;87;73,3;145;65;30,92;0;0;0;0;0;No;Obese;Middle;Normal;Normal
28;Female;78;128;92;214,2;147;69,3;32,07;0;0;0;0;0;No;Obese;Young;High;Diabetes
50;Female;67;135;68;57,1;150;48,8;21,69;0;0;0;0;0;No;Normal;Senior;Normal;Normal
45;Female;76;110;63;96,7;147;56,6;26,19;0;0;0;0;0;No;Overweight;Middle;Normal;Normal
45;Female;66;130;65;72,6;152;49;21,21;0;0;0;0;0;No;Normal;Middle;Normal;Normal
38;Female;68;139;91;59,8;155;57;23,73;0;0;0;0;0;No;Normal;Middle;High;Normal
35;Female;88;124;90;228,2;152;58;25,1;0;1;0;0;0;No;Overweight;Middle;High;Diabetes
30;Female;85;111;68;58,3;155;61;25,39;0;0;0;0;0;No;Overweight;Young;Normal;Normal
50;Female;61;103;65;103,1;160;69;26,95;0;0;0;0;0;No;Overweight;Senior;Normal;Prediabetes
34;Male;68;123;81;119,2;175;81,7;26,68;0;0;0;0;0;No;Overweight;Middle;Normal;Prediabetes
34;Male;64;128;78;72;155;72,2;30,05;0;0;0;0;0;No;Obese;Middle;Normal;Normal
36;Male;78;156;96;102,2;157;61,8;25,07;0;0;0;0;0;No;Overweight;Middle;High;Prediabetes
32;Male;80;141;80;83;160;65,2;25,47;0;0;0;0;0;No;Overweight;Middle;High;Normal
49;Female;94;130;82;216,3;170;50;17,3;0;0;0;0;0;No;Underweight;Senior;Normal;Diabetes
60;Female;56;129;82;60,1;147;48,8;22,58;0;0;0;0;0;No;Normal;Senior;Normal;Normal
30;Female;83;126;88;69,9;152;55,1;23,85;0;0;0;0;0;No;Normal;Young;Normal;Normal
29;Female;88;103;70;105,7;152;58,5;25,32;0;0;0;0;0;No;Overweight;Young;Normal;Prediabetes
28;Female;99;112;71;73,8;140;40,9;20,87;0;0;0;0;0;No;Normal;Young;Normal;Normal
65;Female;70;121;74;97,4;163;53,4;20,1;0;0;0;0;0;No;Normal;Elderly;Normal;Normal
50;Female;71;144;80;62,1;157;34,3;13,92;0;0;0;0;0;No;Underweight;Senior;High;Normal
60;Female;83;133;86;72,2;157;39,7;16,11;0;0;0;0;0;No;Underweight;Senior;Normal;Normal
54;Male;74;130;88;59,4;163;75,7;28,49;0;0;0;0;0;No;Overweight;Senior;Normal;Normal
50;Female;65;118;65;70,6;147;50;23,14;0;0;0;0;0;No;Normal;Senior;Normal;Normal
32;Female;85;139;72;67,5;152;44;19,04;0;0;0;0;0;No;Normal;Middle;Normal;Normal
38;Female;74;126;79;83,7;157;50;20,28;0;0;0;0;0;No;Normal;Middle;Normal;Normal
65;Female;72;139;75;54,6;155;50;20,81;0;0;0;0;0;No;Normal;Elderly;Normal;Normal
26;Female;73;130;82;72,2;157;47;19,07;0;0;0;0;0;No;Normal;Young;Normal;Normal
35;Female;71;118;77;63,6;155;53;22,06;0;0;0;0;0;No;Normal;Middle;Normal;Normal
44;Female;74;142;84;64,1;157;78,6;31,89;0;0;0;0;0;No;Obese;Middle;High;Normal
35;Female;70;132;79;86,1;152;50;21,64;0;0;0;0;0;No;Normal;Middle;Normal;Normal
30;Female;74;119;73;57,4;157;67;27,18;0;0;0;0;0;No;Overweight;Young;Normal;Normal
28;Female;100;158;88;75;155;75;31,22;0;0;0;0;0;No;Obese;Young;High;Normal
65;Female;85;122;66;91,9;157;55;22,31;0;0;0;0;0;No;Normal;Elderly;Normal;Normal
40;Female;68;130;76;77;155;52;21,64;0;1;0;0;0;No;Normal;Middle;Normal;Normal
55;Female;86;149;86;91,6;150;55;24,44;0;0;0;0;0;No;Normal;Senior;High;Normal
62;Male;70;101;65;71,9;173;55,7;18,61;0;0;0;0;0;No;Normal;Elderly;Normal;Normal
60;Male;78;83;56;78,8;173;53,4;17,84;0;0;0;0;0;No;Underweight;Senior;Normal;Normal
42;Male;71;98;62;89,3;160;49,6;19,37;0;0;0;0;0;No;Normal;Middle;Normal;Normal
70;Male;84;96;63;284,2;150;40;17,78;0;0;0;0;0;No;Underweight;Elderly;Normal;Diabetes
50;Female;94;112;75;54,8;152;50;21,64;0;0;0;0;0;No;Normal;Senior;Normal;Normal
56;Female;98;143;87;84,4;152;45;19,48;0;0;0;0;0;No;Normal;Senior;High;Normal
35;Female;83;124;71;61,8;155;55,3;23,02;0;0;0;0;0;No;Normal;Middle;Normal;Normal
55;Female;79;114;82;83,9;150;39,9;17,73;0;0;0;0;0;No;Underweight;Senior;Normal;Normal
59;Female;85;130;71;180,1;150;55;24,44;0;0;0;0;0;No;Normal;Senior;Normal;Diabetes
35;Female;75;113;71;62,8;160;45;17,58;0;0;0;0;0;No;Underweight;Middle;Normal;Normal
69;Female;56;148;78;69,2;147;41;18,97;0;0;0;0;0;No;Normal;Elderly;High;Normal
70;Female;72;112;56;61,7;150;41;18,22;0;0;0;0;0;No;Underweight;Elderly;Normal;Normal
50;Female;82;133;82;151,4;150;54,4;24,18;0;0;0;0;0;No;Normal;Senior;Normal;Diabetes
50;Female;78;126;80;58,1;145;42,6;20,26;0;0;0;0;0;No;Normal;Senior;Normal;Normal
32;Male;72;123;75;62,4;157;50;20,28;1;0;1;0;0;No;Normal;Middle;Normal;Normal
30;Female;109;118;77;63,9;145;40,2;19,12;0;0;0;0;0;No;Normal;Young;Normal;Normal
33;Male;75;125;88;61,4;175;66,6;21,75;0;0;0;0;0;No;Normal;Middle;Normal;Normal
32;Female;77;130;90;66,8;155;70,1;29,18;0;0;0;0;0;No;Overweight;Middle;High;Normal
32;Female;98;116;78;109,7;157;55;22,31;0;0;0;0;0;No;Normal;Middle;Normal;Prediabetes
30;Female;78;91;56;68,9;155;47;19,56;0;0;0;0;0;No;Normal;Young;Normal;Normal
36;Female;78;125;86;62,7;152;53;22,94;0;0;0;0;0;No;Normal;Middle;Normal;Normal
35;Female;76;103;66;51,3;147;34;15,73;0;0;0;0;0;No;Underweight;Middle;Normal;Normal
40;Female;80;114;74;88,6;147;40;18,51;0;0;0;0;0;No;Normal;Middle;Normal;Normal
33;Female;92;118;83;77,8;152;50;21,64;0;0;0;0;0;No;Normal;Middle;Normal;Normal
50;Female;83;143;101;76,3;157;60;24,34;0;0;0;0;0;No;Normal;Senior;High;Normal
60;Female;76;127;70;84,6;147;32;14,81;0;0;0;0;0;No;Underweight;Senior;Normal;Normal
24;Male;88;124;113;72,5;165;69;25,34;0;0;0;0;0;No;Overweight;Young;High;Normal
70;Male;73;157;107;68;193;100,7;27,03;0;0;0;0;0;No;Overweight;Elderly;High;Normal
38;Female;89;127;84;104,9;160;63;24,61;0;0;0;0;0;No;Normal;Middle;Normal;Prediabetes
65;Female;76;145;67;103;152;42;18,18;0;0;0;0;0;No;Underweight;Elderly;High;Prediabetes
30;Female;82;126;90;52,6;155;46;19,15;0;0;0;0;0;No;Normal;Young;High;Normal
32;Male;83;130;82;64,5;165;68;24,98;0;0;0;0;0;No;Normal;Middle;Normal;Normal
60;Female;37;173;84;79;152;69,8;30,21;0;0;0;0;0;No;Obese;Senior;High;Normal
45;Male;79;130;81;76,2;157;53;21,5;0;0;0;0;0;No;Normal;Middle;Normal;Normal
55;Female;77;148;86;103,4;150;58;25,78;0;0;0;0;0;No;Overweight;Senior;High;Prediabetes
52;Male;72;114;69;82,7;168;71,7;25,4;0;1;0;0;0;No;Overweight;Senior;Normal;Normal
28;Female;82;120;79;57,9;152;64;27,7;0;0;0;0;0;No;Overweight;Young;Normal;Normal
80;Male;66;199;113;62,4;173;43;14,37;0;0;0;0;0;No;Underweight;Elderly;High;Normal
60;Female;62;120;74;61,2;137;33;17,58;0;0;0;0;0;No;Underweight;Senior;Normal;Normal
65;Male;74;175;102;91,1;173;62,4;20,85;0;0;0;0;0;No;Normal;Elderly;High;Normal
60;Female;82;147;85;77,1;152;73,2;31,68;0;0;0;0;0;No;Obese;Senior;High;Normal
34;Male;68;98;70;58,8;173;63;21,05;0;0;0;0;0;No;Normal;Middle;Normal;Normal
65;Male;80;146;91;49,2;165;48,6;17,85;0;0;0;0;0;No;Underweight;Elderly;High;Normal
30;Female;96;130;95;96;157;67;27,18;0;0;0;0;0;No;Overweight;Young;High;Normal
70;Female;62;180;99;99,6;145;33,6;15,98;0;0;0;0;0;No;Underweight;Elderly;High;Normal
32;Female;79;119;74;66,9;155;57,4;23,89;0;0;0;0;0;No;Normal;Middle;Normal;Normal
65;Female;82;191;101;123,4;152;58;25,1;0;0;0;0;0;No;Overweight;Elderly;High;Prediabetes
40;Female;75;145;99;64,5;150;48,9;21,73;0;0;0;0;0;No;Normal;Middle;High;Normal
27;Female;75;130;83;60,5;157;61,9;25,11;0;0;0;0;0;No;Overweight;Young;Normal;Normal
35;Female;86;113;73;82,4;150;38;16,89;0;0;0;0;0;No;Underweight;Middle;Normal;Normal
35;Female;85;132;91;124,9;152;75,1;32,51;0;0;0;0;0;No;Obese;Middle;High;Prediabetes
38;Female;76;158;102;72,4;152;61;26,4;0;0;0;0;0;No;Overweight;Middle;High;Normal
60;Female;66;152;102;88,5;150;57;25,33;0;0;0;0;0;No;Overweight;Senior;High;Normal
40;Female;72;125;70;84,2;152;51;22,07;0;0;0;0;0;No;Normal;Middle;Normal;Normal
33;Female;103;100;73;77,9;152;54;23,37;0;0;0;0;0;No;Normal;Middle;Normal;Normal
45;Female;67;104;67;84,8;150;58,8;26,13;0;0;0;0;0;No;Overweight;Middle;Normal;Normal
60;Female;84;116;73;63;150;41,8;18,58;0;0;0;0;0;No;Normal;Senior;Normal;Normal
34;Female;107;124;88;75,9;157;70;28,4;0;0;0;0;0;No;Overweight;Middle;Normal;Normal
40;Female;73;127;80;79,2;152;48;20,78;0;0;0;0;0;No;Normal;Middle;Normal;Normal
45;Female;88;104;67;76,4;155;42,2;17,57;0;0;0;0;0;No;Underweight;Middle;Normal;Normal
38;Male;58;174;100;73,6;165;58;21,3;1;0;1;0;0;No;Normal;Middle;High;Normal
65;Female;80;146;71;52,4;145;32;15,22;0;0;0;0;0;No;Underweight;Elderly;High;Normal
25;Female;81;118;94;69,8;152;53;22,94;0;0;0;0;0;No;Normal;Young;High;Normal
33;Female;78;129;79;67,5;160;46,1;18,01;0;0;0;0;0;No;Underweight;Middle;Normal;Normal
36;Female;71;172;112;113,3;155;79,1;32,92;0;0;0;0;0;No;Obese;Middle;High;Prediabetes
40;Female;71;141;94;114,6;157;66,7;27,06;0;0;0;0;0;No;Overweight;Middle;High;Prediabetes
22;Female;89;128;76;78,5;152;64,5;27,92;1;0;1;0;0;No;Overweight;Young;Normal;Normal
35;Female;92;103;73;47;155;52;21,64;0;0;0;0;0;No;Normal;Middle;Normal;Normal
65;Female;71;138;69;88;147;36;16,66;0;0;0;0;0;No;Underweight;Elderly;Normal;Normal
45;Female;72;148;90;78,7;155;45;18,73;0;0;0;0;0;No;Normal;Middle;High;Normal
30;Female;95;105;81;62,5;157;35;14,2;0;0;0;0;0;No;Underweight;Young;Normal;Normal
38;Female;76;126;102;68,3;157;67;27,18;0;1;0;0;0;No;Overweight;Middle;High;Normal
52;Female;69;102;62;72,7;147;35;16,2;0;0;0;0;0;No;Underweight;Senior;Normal;Normal
55;Female;78;121;69;60,9;147;48;22,21;0;0;0;0;0;No;Normal;Senior;Normal;Normal
50;Female;80;168;90;69,4;147;43;19,9;0;1;0;0;0;No;Normal;Senior;High;Normal
80;Male;75;202;96;70;152;44;19,04;0;0;0;0;0;No;Normal;Elderly;High;Normal
50;Female;76;135;94;69,6;152;48;20,78;0;0;0;0;0;No;Normal;Senior;High;Normal
30;Female;95;104;74;60,9;152;50;21,64;0;0;0;0;0;No;Normal;Young;Normal;Normal
45;Female;83;174;118;81,5;155;50,1;20,85;0;0;0;0;0;No;Normal;Middle;High;Normal
37;Female;85;117;74;65,8;152;39,6;17,14;0;0;0;0;0;No;Underweight;Middle;Normal;Normal
50;Male;57;129;74;66,3;163;55,1;20,74;0;0;0;0;0;No;Normal;Senior;Normal;Normal
62;Female;79;141;92;64,6;150;36,6;16,27;0;0;0;0;0;No;Underweight;Elderly;High;Normal
48;Female;68;114;73;64,7;152;45;19,48;0;0;0;0;0;No;Normal;Senior;Normal;Normal
67;Female;62;197;88;79,4;155;37,2;15,48;0;0;0;0;0;No;Underweight;Elderly;High;Normal
35;Female;65;129;87;62,5;157;53,5;21,7;0;0;0;0;0;No;Normal;Middle;Normal;Normal
48;Female;87;120;82;60,5;147;39;18,05;0;0;0;0;0;No;Underweight;Senior;Normal;Normal
75;Male;72;133;72;110;163;51;19,2;0;0;0;0;0;No;Normal;Elderly;Normal;Prediabetes
60;Female;73;151;94;61,9;150;36;16;0;0;0;0;0;No;Underweight;Senior;High;Normal
35;Female;92;186;118;95,2;157;63,6;25,8;0;0;0;0;0;No;Overweight;Middle;High;Normal
49;Female;83;166;104;105,8;157;71,9;29,17;0;1;0;0;0;No;Overweight;Senior;High;Prediabetes
36;Female;86;139;94;122,6;157;53;21,5;0;1;0;0;0;No;Normal;Middle;High;Prediabetes
40;Female;76;117;73;75,2;163;42,7;16,07;0;0;0;0;0;No;Underweight;Middle;Normal;Normal
51;Female;108;152;90;76,5;155;75,7;31,51;0;1;0;0;0;No;Obese;Senior;High;Normal
50;Female;71;145;80;73,3;163;57,3;21,57;0;0;0;0;0;No;Normal;Senior;High;Normal
54;Female;82;129;76;93,9;155;37,1;15,44;0;1;0;0;0;No;Underweight;Senior;Normal;Normal
34;Female;84;137;79;71,7;160;57,4;22,42;0;0;0;0;0;No;Normal;Middle;Normal;Normal
59;Female;81;164;74;72,3;147;41,3;19,11;0;0;0;0;0;No;Normal;Senior;High;Normal
50;Female;79;135;82;67;163;58,8;22,13;0;0;0;0;0;No;Normal;Senior;Normal;Normal
35;Female;105;127;86;70,5;155;53,1;22,1;0;0;0;0;0;No;Normal;Middle;Normal;Normal
30;Female;86;133;82;68;165;53,1;19,5;0;0;0;0;0;No;Normal;Young;Normal;Normal
55;Male;110;137;86;86,5;165;62;22,77;0;0;0;0;0;No;Normal;Senior;Normal;Normal
45;Female;108;143;92;63,2;147;47;21,75;0;0;0;0;0;No;Normal;Middle;High;Normal
80;Male;75;130;71;70,7;163;58;21,83;0;0;0;0;0;No;Normal;Elderly;Normal;Normal
55;Female;71;101;80;92,5;152;44;19,04;0;0;0;0;0;No;Normal;Senior;Normal;Normal
50;Female;96;162;94;77,9;152;42;18,18;0;1;0;0;0;No;Underweight;Senior;High;Normal
35;Female;85;99;65;75,4;152;49;21,21;0;0;0;0;0;No;Normal;Middle;Normal;Normal
38;Female;70;136;82;44,5;152;44;19,04;0;0;0;0;0;No;Normal;Middle;Normal;Normal
38;Female;85;134;82;53;152;62;26,84;0;0;0;0;0;No;Overweight;Middle;Normal;Normal
32;Female;97;105;57;62,9;155;49;20,4;0;0;0;0;0;No;Normal;Middle;Normal;Normal
60;Female;78;62;51;79,8;155;52;21,64;0;0;0;0;0;No;Normal;Senior;Normal;Normal
50;Female;84;123;69;81,2;157;52;21,1;0;0;0;0;0;No;Normal;Senior;Normal;Normal
42;Female;71;164;89;183,9;155;54;22,48;0;1;0;0;0;No;Normal;Middle;High;Diabetes
35;Female;77;129;72;60,2;157;62;25,15;0;0;0;0;0;No;Overweight;Middle;Normal;Normal
45;Female;76;140;82;88;155;56;23,31;0;0;0;0;0;No;Normal;Middle;High;Normal
30;Male;76;138;77;58;155;52;21,64;1;0;1;0;0;No;Normal;Young;Normal;Normal
25;Female;70;106;77;64;152;49,1;21,25;0;0;0;0;0;No;Normal;Young;Normal;Normal
33;Male;60;116;75;68,2;173;60;20,05;0;0;0;0;0;No;Normal;Middle;Normal;Normal
30;Female;84;123;72;71,2;157;48;19,47;0;0;0;0;0;No;Normal;Young;Normal;Normal
68;Male;86;130;76;126,7;170;57;19,72;0;0;0;0;0;No;Normal;Elderly;Normal;Diabetes
60;Female;93;164;82;73,3;150;33,5;14,89;0;0;0;0;0;No;Underweight;Senior;High;Normal
62;Male;78;119;73;62,4;157;50;20,28;0;0;0;0;0;No;Normal;Elderly;Normal;Normal
64;Male;66;164;85;97,8;175;54,2;17,7;0;0;0;0;0;No;Underweight;Elderly;High;Normal
60;Female;64;132;83;92,4;152;59;25,54;0;0;0;0;0;No;Overweight;Senior;Normal;Normal
50;Female;64;136;69;67,6;152;49;21,21;0;0;0;0;0;No;Normal;Senior;Normal;Normal
65;Male;78;172;91;128,7;168;70,9;25,12;0;0;0;0;0;No;Overweight;Elderly;High;Diabetes
63;Female;76;170;89;88,2;150;45;20;0;0;0;0;0;No;Normal;Elderly;High;Normal
35;Female;116;124;74;68,2;152;55;23,81;0;0;0;0;0;No;Normal;Middle;Normal;Normal
60;Female;71;138;71;91,4;150;49;21,78;0;0;0;0;0;No;Normal;Senior;Normal;Normal
35;Female;87;129;77;64,8;137;41,9;22,32;0;0;0;0;0;No;Normal;Middle;Normal;Normal
40;Male;58;120;77;63,1;157;44,2;17,93;0;0;0;0;0;No;Underweight;Middle;Normal;Normal
30;Female;74;119;78;86;150;49;21,78;0;0;0;0;0;No;Normal;Young;Normal;Normal
45;Female;91;85;60;84;152;55;23,81;0;0;0;0;0;No;Normal;Middle;Normal;Normal
35;Female;81;138;99;63,7;157;55;22,31;0;0;0;0;0;No;Normal;Middle;High;Normal
63;Female;71;148;81;121,8;157;56;22,72;0;0;0;0;0;No;Normal;Elderly;High;Prediabetes
30;Female;70;149;84;54,5;150;48,2;21,42;0;0;0;0;0;No;Normal;Young;High;Normal
65;Female;72;129;78;93,3;157;45;18,26;0;0;0;0;0;No;Underweight;Elderly;Normal;Normal
25;Female;60;111;73;63,3;160;43;16,8;0;0;0;0;0;No;Underweight;Young;Normal;Normal
35;Female;62;156;118;226,3;150;46,2;20,53;0;0;0;0;0;No;Normal;Middle;High;Diabetes
50;Female;65;127;74;72,5;140;39,2;20;0;0;0;0;0;No;Normal;Senior;Normal;Normal
30;Female;77;107;70;83,6;152;36;15,58;0;0;0;0;0;No;Underweight;Young;Normal;Normal
60;Female;78;146;78;97,8;140;41,3;21,07;0;0;0;0;0;No;Normal;Senior;High;Normal
45;Female;97;124;87;76,1;152;50;21,64;0;0;0;0;0;No;Normal;Middle;Normal;Normal
45;Female;78;117;73;67,4;147;56;25,92;0;0;0;0;0;No;Overweight;Middle;Normal;Normal
40;Female;80;120;73;51,4;157;55;22,31;0;0;0;0;0;No;Normal;Middle;Normal;Normal
70;Male;64;185;89;86,1;155;45;18,73;0;0;0;0;0;No;Normal;Elderly;High;Normal
70;Female;80;184;98;68,7;160;45;17,58;0;1;0;0;0;No;Underweight;Elderly;High;Normal
30;Female;71;137;88;64,3;160;45;17,58;1;0;1;0;0;No;Underweight;Young;Normal;Normal
50;Female;83;119;75;80,9;147;50;23,14;0;0;0;0;0;No;Normal;Senior;Normal;Normal
28;Female;83;97;66;45,9;152;45;19,48;0;0;0;0;0;No;Normal;Young;Normal;Normal
66;Female;80;96;65;80,8;152;40;17,31;0;0;0;0;0;No;Underweight;Elderly;Normal;Normal
38;Female;85;115;71;72,8;157;53;21,5;0;0;0;0;0;No;Normal;Middle;Normal;Normal
37;Female;93;151;91;110;168;72;25,51;0;1;0;0;0;No;Overweight;Middle;High;Prediabetes
50;Female;87;99;67;73,4;155;53;22,06;0;0;0;0;0;No;Normal;Senior;Normal;Normal
70;Female;90;181;110;142,3;152;52;22,51;0;0;0;0;0;No;Normal;Elderly;High;Diabetes
37;Female;75;124;82;69,4;160;67,7;26,45;0;1;0;0;0;No;Overweight;Middle;Normal;Normal
58;Female;62;147;78;105,5;157;68,6;27,83;0;0;0;0;0;No;Overweight;Senior;High;Prediabetes
39;Female;68;106;71;50,9;157;45,1;18,3;0;0;0;0;0;No;Underweight;Middle;Normal;Normal
30;Female;77;166;103;86,2;160;63,9;24,96;0;0;0;0;0;No;Normal;Young;High;Normal
30;Female;81;118;72;51,9;160;58,6;22,89;0;0;0;0;0;No;Normal;Young;Normal;Normal
35;Female;99;112;72;55,6;157;59,6;24,18;0;0;0;0;0;No;Normal;Middle;Normal;Normal
70;Female;84;155;91;69,5;145;35,8;17,03;0;0;0;0;0;No;Underweight;Elderly;High;Normal
38;Male;57;128;83;64,9;163;45;16,94;0;0;0;0;0;No;Underweight;Middle;Normal;Normal
70;Female;96;173;94;100,5;152;36,4;15,75;0;0;0;0;0;No;Underweight;Elderly;High;Prediabetes
36;Male;63;138;82;68,9;157;69;27,99;0;0;0;0;0;No;Overweight;Middle;Normal;Normal
28;Female;69;119;79;60,9;152;44;19,04;0;0;0;0;0;No;Normal;Young;Normal;Normal
57;Female;76;118;67;49,3;152;43,1;18,65;0;0;0;0;0;No;Normal;Senior;Normal;Normal
62;Female;74;131;85;130,5;152;58,9;25,49;0;0;0;0;0;No;Overweight;Elderly;Normal;Diabetes
70;Female;51;134;72;65,4;135;35,6;19,53;0;0;0;0;0;No;Normal;Elderly;Normal;Normal
30;Female;72;115;73;59,6;147;42,2;19,53;0;0;0;0;0;No;Normal;Young;Normal;Normal
64;Female;62;144;91;65,9;147;36,7;16,98;0;0;0;0;0;No;Underweight;Elderly;High;Normal
30;Female;79;116;77;58,1;152;47;20,34;0;0;0;0;0;No;Normal;Young;Normal;Normal
57;Female;80;139;93;64,7;147;30,9;14,3;0;0;0;0;0;No;Underweight;Senior;High;Normal
60;Female;74;161;104;58,9;150;37;16,44;0;0;0;0;0;No;Underweight;Senior;High;Normal
62;Female;88;106;68;61,4;150;37,8;16,8;0;0;0;0;0;No;Underweight;Elderly;Normal;Normal
75;Female;78;192;98;60,5;155;39,3;16,36;0;0;0;0;0;No;Underweight;Elderly;High;Normal
45;Male;80;101;76;63,9;163;59;22,21;0;0;0;0;0;No;Normal;Middle;Normal;Normal
32;Female;84;122;92;57,3;152;63,8;27,61;0;0;0;0;0;No;Overweight;Middle;High;Normal
30;Female;93;117;75;71,3;152;63;27,27;0;0;0;0;0;No;Overweight;Young;Normal;Normal
45;Female;62;180;94;88,1;150;41,2;18,31;0;0;0;0;0;No;Underweight;Middle;High;Normal
50;Female;92;116;78;55,4;157;50,3;20,41;0;0;0;0;0;No;Normal;Senior;Normal;Normal
30;Female;77;107;67;59,7;150;38,6;17,16;0;0;0;0;0;No;Underweight;Young;Normal;Normal
35;Female;58;145;105;62,3;152;45;19,48;0;0;0;0;0;No;Normal;Middle;High;Normal
35;Female;90;110;71;66,4;152;40,1;17,36;0;0;0;0;0;No;Underweight;Middle;Normal;Normal
45;Female;80;117;60;62,3;142;40;19,84;0;0;0;0;0;No;Normal;Middle;Normal;Normal
45;Female;102;120;83;83;152;52;22,51;0;0;0;0;0;No;Normal;Middle;Normal;Normal
45;Female;68;159;100;63,7;152;45;19,48;0;1;0;0;0;No;Normal;Middle;High;Normal
35;Female;79;138;89;41,7;152;47;20,34;0;0;0;0;0;No;Normal;Middle;Normal;Normal
33;Male;78;155;95;54,8;163;73;27,48;0;0;0;0;0;No;Overweight;Middle;High;Normal
55;Female;75;178;110;273,4;155;46,8;19,48;0;0;0;0;0;No;Normal;Senior;High;Diabetes
34;Female;90;130;90;100,9;157;43,9;17,81;0;0;0;0;0;No;Underweight;Middle;High;Prediabetes
49;Female;80;173;90;91,8;157;48;19,47;0;1;0;0;0;No;Normal;Senior;High;Normal
34;Female;89;102;76;91,3;163;43,1;16,22;0;0;0;0;0;No;Underweight;Middle;Normal;Normal
37;Female;72;121;70;57,9;157;57;23,12;0;0;0;0;0;No;Normal;Middle;Normal;Normal
33;Female;90;124;78;76,5;157;60,6;24,59;0;0;0;0;0;No;Normal;Middle;Normal;Normal
69;Female;72;121;77;82,5;142;33,2;16,46;0;0;0;0;0;No;Underweight;Elderly;Normal;Normal
30;Female;84;125;87;63;160;57;22,27;0;0;0;0;0;No;Normal;Young;Normal;Normal
35;Female;103;138;81;77,2;155;62;25,81;0;0;0;0;0;No;Overweight;Middle;Normal;Normal
50;Female;64;190;95;51,3;163;48,1;18,1;0;1;0;0;0;No;Underweight;Senior;High;Normal
35;Female;76;136;95;70,1;157;58,6;23,77;0;0;0;0;0;No;Normal;Middle;High;Normal
25;Female;108;118;78;89,3;157;67,4;27,34;0;0;0;0;0;No;Overweight;Young;Normal;Normal
69;Female;79;174;84;92;155;43;17,9;0;0;0;0;0;No;Underweight;Elderly;High;Normal
39;Female;84;167;94;66,8;160;37,6;14,69;0;0;0;0;0;No;Underweight;Middle;High;Normal
65;Female;85;192;118;96,3;150;56,8;25,24;0;1;0;0;0;No;Overweight;Elderly;High;Normal
34;Female;74;114;68;54,4;155;42;17,48;0;0;0;0;0;No;Underweight;Middle;Normal;Normal
59;Male;77;161;81;87,6;155;52,5;21,85;0;1;0;0;0;No;Normal;Senior;High;Normal
39;Female;95;123;88;79;160;55,1;21,52;0;0;0;0;0;No;Normal;Middle;Normal;Normal
58;Female;89;159;80;99,1;160;36,6;14,3;0;0;0;0;0;No;Underweight;Senior;High;Normal
50;Female;73;135;91;55,2;155;50,4;20,98;0;1;0;0;0;No;Normal;Senior;High;Normal
52;Male;90;155;88;62,3;170;74,7;25,85;0;0;0;0;0;No;Overweight;Senior;High;Normal
65;Female;67;171;79;113,5;150;43;19,11;0;0;0;0;0;No;Normal;Elderly;High;Prediabetes
65;Female;114;106;69;70,6;150;35;15,56;0;0;0;0;0;No;Underweight;Elderly;Normal;Normal
35;Female;79;103;77;65;152;46;19,91;0;0;0;0;0;No;Normal;Middle;Normal;Normal
60;Female;84;101;71;64,9;165;38;13,96;0;0;0;0;0;No;Underweight;Senior;Normal;Normal
50;Female;74;146;90;75;150;53,1;23,6;0;0;0;0;0;No;Normal;Senior;High;Normal
29;Male;60;123;72;52;157;49,3;20;0;0;0;0;0;No;Normal;Young;Normal;Normal
45;Female;73;124;78;75,9;150;51,1;22,71;0;0;0;0;0;No;Normal;Middle;Normal;Normal
45;Female;64;121;77;66,6;160;62,3;24,34;0;0;0;0;0;No;Normal;Middle;Normal;Normal
32;Female;70;116;76;70,1;152;55;23,81;0;0;0;0;0;No;Normal;Middle;Normal;Normal
30;Female;69;114;68;88,1;157;49;19,88;0;0;0;0;0;No;Normal;Young;Normal;Normal
45;Female;84;93;72;58,6;163;42,1;15,85;0;0;0;0;0;No;Underweight;Middle;Normal;Normal
70;Male;53;165;85;51,3;163;56;21,08;0;1;0;0;0;No;Normal;Elderly;High;Normal
31;Male;74;103;68;56,2;163;57;21,45;0;0;0;0;0;No;Normal;Middle;Normal;Normal
40;Female;91;114;73;61,7;157;65;26,37;0;0;0;0;0;No;Overweight;Middle;Normal;Normal
38;Female;67;110;64;76,3;157;50;20,28;0;0;0;0;0;No;Normal;Middle;Normal;Normal
70;Female;84;161;85;83,6;152;42;18,18;0;1;0;0;0;No;Underweight;Elderly;High;Normal
32;Female;85;118;75;76,8;155;45;18,73;0;0;0;0;0;No;Normal;Middle;Normal;Normal
50;Female;91;174;95;63,7;142;40;19,84;0;0;0;0;0;No;Normal;Senior;High;Normal
50;Female;76;115;67;73,9;157;48;19,47;0;0;0;0;0;No;Normal;Senior;Normal;Normal
42;Female;78;101;65;54,8;155;40;16,65;0;0;0;0;0;No;Underweight;Middle;Normal;Normal
59;Male;79;130;87;101,5;165;60;22,04;0;0;0;0;0;No;Normal;Senior;Normal;Prediabetes
50;Female;82;161;101;58;155;50;20,81;0;1;0;0;0;No;Normal;Senior;High;Normal
35;Female;81;139;109;72;150;45;20;0;1;0;0;0;No;Normal;Middle;High;Normal
40;Female;130;169;107;210,4;160;62;24,22;0;0;0;0;0;No;Normal;Middle;High;Diabetes
45;Female;74;129;70;51,4;150;56;24,89;0;0;0;0;0;No;Normal;Middle;Normal;Normal
44;Male;59;112;74;44,2;165;66;24,24;0;1;0;0;0;No;Normal;Middle;Normal;Normal
24;Male;103;130;78;75,1;168;63;22,32;0;0;0;0;0;No;Normal;Young;Normal;Normal
50;Male;66;128;73;110,3;163;62;23,34;0;0;0;0;0;No;Normal;Senior;Normal;Prediabetes
40;Male;49;92;51;59;152;52;22,51;0;0;0;0;0;No;Normal;Middle;Normal;Normal
55;Female;76;166;98;77,5;147;44;20,36;0;1;0;0;0;No;Normal;Senior;High;Normal
46;Male;67;132;87;104;163;68;25,59;0;0;0;0;0;No;Overweight;Senior;Normal;Prediabetes
44;Female;72;120;63;88,9;152;52;22,51;0;1;0;0;0;No;Normal;Middle;Normal;Normal
45;Female;94;144;84;85;157;53;21,5;0;1;0;0;0;No;Normal;Middle;High;Normal
45;Female;94;147;94;50,1;152;53;22,94;0;0;0;0;0;No;Normal;Middle;High;Normal
42;Female;91;109;72;102,1;147;42;19,44;0;0;0;0;0;No;Normal;Middle;Normal;Prediabetes
58;Female;83;197;109;67,7;152;41;17,75;0;0;0;0;0;No;Underweight;Senior;High;Normal
38;Female;81;121;74;60,8;157;60;24,34;0;0;0;0;0;No;Normal;Middle;Normal;Normal
35;Female;67;139;98;54,1;152;52;22,51;0;1;0;0;0;No;Normal;Middle;High;Normal
35;Female;88;123;76;59,9;152;52;22,51;0;0;0;0;0;No;Normal;Middle;Normal;Normal
50;Female;71;194;83;62,6;152;54;23,37;0;0;0;0;0;No;Normal;Senior;High;Normal
52;Female;71;142;62;88,8;157;58;23,53;0;0;0;0;0;No;Normal;Senior;High;Normal
35;Female;67;120;62;67,7;152;48;20,78;0;0;0;0;0;No;Normal;Middle;Normal;Normal
23;Female;93;114;69;65;152;49;21,21;0;0;0;0;0;No;Normal;Young;Normal;Normal
30;Female;71;89;61;72,4;152;48;20,78;0;0;0;0;0;No;Normal;Young;Normal;Normal
38;Female;70;121;82;55,7;152;52;22,51;0;0;0;0;0;No;Normal;Middle;Normal;Normal
30;Female;86;114;71;66,3;155;51;21,23;0;0;0;0;0;No;Normal;Young;Normal;Normal
25;Female;77;131;83;83,6;157;56;22,72;0;0;0;0;0;No;Normal;Young;Normal;Normal
50;Female;63;158;85;50,3;152;52;22,51;0;1;0;0;0;No;Normal;Senior;High;Normal
32;Female;65;115;73;58,6;160;46,1;18,01;0;0;0;0;0;No;Underweight;Middle;Normal;Normal
39;Female;87;138;75;77,9;160;47,7;18,63;0;0;0;0;0;No;Normal;Middle;Normal;Normal
34;Female;94;125;88;64,8;152;53;22,94;0;0;0;0;0;No;Normal;Middle;Normal;Normal
36;Female;81;99;67;84,4;155;38;15,82;1;0;1;0;0;No;Underweight;Middle;Normal;Normal
69;Female;75;159;93;62,3;155;52;21,64;0;1;0;0;0;No;Normal;Elderly;High;Normal
45;Female;81;135;88;83;160;61,4;23,98;0;1;0;0;0;No;Normal;Middle;Normal;Normal
36;Female;74;143;102;56,4;147;53,2;24,62;0;0;0;0;0;No;Normal;Middle;High;Normal
55;Female;72;156;76;74,1;145;33;15,7;0;0;0;0;0;No;Underweight;Senior;High;Normal
57;Female;73;164;91;69,6;155;56;23,31;0;0;0;0;0;No;Normal;Senior;High;Normal
33;Female;76;137;93;65,1;152;59;25,54;0;0;0;0;0;No;Overweight;Middle;High;Normal
30;Female;75;116;68;62,2;152;37,1;16,06;0;0;0;0;0;No;Underweight;Young;Normal;Normal
30;Female;94;111;78;57,8;152;51;22,07;0;0;0;0;0;No;Normal;Young;Normal;Normal
30;Female;73;120;78;52,1;152;43;18,61;0;0;0;0;0;No;Normal;Young;Normal;Normal
28;Female;83;127;65;81,2;152;66;28,57;0;0;0;0;0;No;Overweight;Young;Normal;Normal
31;Female;89;169;114;80,7;152;70;30,3;0;0;0;0;0;No;Obese;Middle;High;Normal
50;Female;78;110;60;60,2;150;35;15,56;0;0;0;0;0;No;Underweight;Senior;Normal;Normal
42;Female;71;121;69;63,8;147;44,8;20,73;0;0;0;0;0;No;Normal;Middle;Normal;Normal
35;Female;74;144;87;55,4;152;55;23,81;0;0;0;0;0;No;Normal;Middle;High;Normal
61;Female;81;178;99;57,7;152;53;22,94;0;0;0;0;0;No;Normal;Elderly;High;Normal
38;Female;69;108;68;86,9;152;46,4;20,08;0;0;0;0;0;No;Normal;Middle;Normal;Normal
39;Female;87;198;113;88;157;60;24,34;0;0;0;0;0;No;Normal;Middle;High;Normal
30;Female;75;127;77;53,9;157;49;19,88;0;0;0;0;0;No;Normal;Young;Normal;Normal
32;Female;77;101;67;81,9;152;37,6;16,27;0;0;0;0;0;No;Underweight;Middle;Normal;Normal
65;Female;63;173;102;64,4;150;48,1;21,38;0;0;0;0;0;No;Normal;Elderly;High;Normal
40;Female;60;130;95;60,3;152;43;18,61;0;0;0;0;0;No;Normal;Middle;High;Normal
30;Female;76;124;84;62;150;53,3;23,69;0;0;0;0;0;No;Normal;Young;Normal;Normal
35;Female;79;115;68;77;152;52;22,51;0;0;0;0;0;No;Normal;Middle;Normal;Normal
58;Female;76;138;81;77;145;31,6;15,03;0;0;0;0;0;No;Underweight;Senior;Normal;Normal
40;Female;73;95;61;73,3;160;53,2;20,78;0;0;0;0;0;No;Normal;Middle;Normal;Normal
65;Female;62;129;70;64;152;40,5;17,53;0;0;0;0;0;No;Underweight;Elderly;Normal;Normal
40;Female;89;97;58;84,4;142;43;21,33;0;0;0;0;0;No;Normal;Middle;Normal;Normal
40;Female;91;122;75;77,5;150;39,9;17,73;0;0;0;0;0;No;Underweight;Middle;Normal;Normal
30;Female;103;88;54;77,1;155;49,9;20,77;0;0;0;0;0;No;Normal;Young;Normal;Normal
35;Female;79;114;73;82,7;152;49,8;21,55;0;0;0;0;0;No;Normal;Middle;Normal;Normal
35;Female;81;125;75;65,5;155;58,2;24,22;0;0;0;0;0;No;Normal;Middle;Normal;Normal
45;Female;82;129;74;62,6;150;45,2;20,09;0;0;0;0;0;No;Normal;Middle;Normal;Normal
30;Female;84;116;72;89,3;150;45;20;0;0;0;0;0;No;Normal;Young;Normal;Normal
35;Female;99;120;71;87,9;150;47,2;20,98;0;0;0;0;0;No;Normal;Middle;Normal;Normal
32;Female;74;116;77;47,6;155;57,1;23,77;0;0;0;0;0;No;Normal;Middle;Normal;Normal
50;Female;78;157;78;67,2;150;53,2;23,64;0;0;0;0;0;No;Normal;Senior;High;Normal
80;Female;73;142;93;66,2;142;278;21,9;0;0;0;0;0;No;Normal;Elderly;High;Normal
50;Male;72;142;85;67,4;165;63,2;23,21;0;0;0;0;0;No;Normal;Senior;High;Normal
60;Male;62;147;80;67,6;163;50,2;18,89;0;0;0;0;0;No;Normal;Senior;High;Normal
60;Male;60;183;95;60,6;152;55,2;23,89;0;0;0;0;0;No;Normal;Senior;High;Normal
38;Male;80;146;89;106,3;155;64;26,64;0;0;0;0;0;No;Overweight;Middle;High;Prediabetes
25;Female;77;146;108;85;157;67,2;27,26;0;0;0;0;0;No;Overweight;Young;High;Normal
50;Female;71;123;74;59,2;147;45,8;21,19;0;0;0;0;0;No;Normal;Senior;Normal;Normal
50;Female;79;146;86;63,5;160;41,2;16,09;0;0;0;0;0;No;Underweight;Senior;High;Normal
25;Female;102;125;75;63,1;152;49,8;21,55;0;0;0;0;0;No;Normal;Young;Normal;Normal
30;Female;75;130;90;60;157;46,2;18,74;0;0;0;0;0;No;Normal;Young;High;Normal
45;Female;78;123;77;99,6;150;42;18,67;0;0;0;0;0;No;Normal;Middle;Normal;Normal
26;Female;65;129;77;66,6;157;59,9;24,3;0;0;0;0;0;No;Normal;Young;Normal;Normal
34;Female;87;104;69;60,4;155;49,1;20,44;0;0;0;0;0;No;Normal;Middle;Normal;Normal
35;Female;79;99;58;63,3;157;56;22,72;0;0;0;0;0;No;Normal;Middle;Normal;Normal
34;Female;75;132;88;55,5;155;41,1;17,11;0;0;0;0;0;No;Underweight;Middle;Normal;Normal
44;Female;102;124;89;91,5;157;75,1;30,47;0;0;0;0;0;No;Obese;Middle;Normal;Normal
58;Female;67;190;83;73,3;155;40,1;16,69;0;0;0;0;0;No;Underweight;Senior;High;Normal
60;Female;64;104;66;69,5;157;53;21,5;0;0;0;0;0;No;Normal;Senior;Normal;Normal
50;Female;55;92;63;72,6;152;48;20,78;0;0;0;0;0;No;Normal;Senior;Normal;Normal
35;Female;65;126;90;63,4;147;49;22,68;0;0;0;0;0;No;Normal;Middle;High;Normal
60;Female;91;175;106;64,6;142;38;18,85;0;1;0;1;0;No;Normal;Senior;High;Normal
40;Female;77;139;75;72,9;152;48;20,78;0;0;0;0;0;No;Normal;Middle;Normal;Normal
50;Female;70;97;67;68,4;157;45;18,26;0;0;0;0;0;No;Underweight;Senior;Normal;Normal
28;Female;85;124;73;59;165;52;19,1;0;0;0;0;0;No;Normal;Young;Normal;Normal
30;Female;66;125;73;61,2;152;51;22,07;0;0;0;0;0;No;Normal;Young;Normal;Normal
55;Female;87;113;76;75;155;49;20,4;0;0;0;0;0;No;Normal;Senior;Normal;Normal
50;Female;87;154;93;55,6;150;45;20;0;0;0;0;0;No;Normal;Senior;High;Normal
65;Female;80;132;76;62,8;152;51;22,07;0;0;0;0;0;No;Normal;Elderly;Normal;Normal
60;Female;72;170;78;107,8;157;58;23,53;0;0;0;0;0;No;Normal;Senior;High;Prediabetes
30;Female;73;103;74;78,4;145;45;21,4;1;0;1;0;0;No;Normal;Young;Normal;Normal
56;Female;70;111;68;65,7;155;35,5;14,78;0;0;0;0;0;No;Underweight;Senior;Normal;Normal
30;Female;79;123;89;83;147;41,1;19,02;0;0;0;0;0;No;Normal;Young;Normal;Normal
48;Female;102;119;66;62,1;157;48,2;19,55;0;0;0;0;0;No;Normal;Senior;Normal;Normal
65;Female;63;208;92;54,1;150;40,4;17,96;0;1;0;0;0;No;Underweight;Elderly;High;Normal
29;Female;91;120;78;79,1;147;59,1;27,35;0;0;0;0;0;No;Overweight;Young;Normal;Normal
65;Female;90;104;68;71,1;150;43;19,11;0;0;0;0;0;No;Normal;Elderly;Normal;Normal
50;Female;68;125;78;58,8;157;56,4;22,88;0;0;0;0;0;No;Normal;Senior;Normal;Normal
51;Female;86;133;80;67,6;157;42;17,04;0;0;0;0;0;No;Underweight;Senior;Normal;Normal
59;Female;90;112;64;102,3;145;34;16,17;0;0;0;0;0;No;Underweight;Senior;Normal;Prediabetes
30;Female;71;120;90;50,2;155;48;19,98;0;1;0;0;0;No;Normal;Young;High;Normal
60;Female;76;142;75;75,1;145;41;19,5;0;0;0;0;0;No;Normal;Senior;High;Normal
80;Female;86;155;92;59,9;142;33,8;16,76;0;0;0;0;0;No;Underweight;Elderly;High;Normal
30;Female;89;131;84;97,1;157;48,1;19,51;0;0;0;0;0;No;Normal;Young;Normal;Normal
30;Female;106;116;77;66,7;142;44;21,82;0;0;0;0;0;No;Normal;Young;Normal;Normal
31;Female;77;149;92;46,6;152;53,6;23,2;0;0;0;0;0;No;Normal;Middle;High;Normal
40;Female;108;142;67;69;145;49;23,31;0;0;0;0;0;No;Normal;Middle;High;Normal
60;Female;68;146;86;81,9;145;51,3;24,4;0;0;0;0;0;No;Normal;Senior;High;Normal
80;Male;60;190;83;65,6;157;44,8;18,18;0;0;0;0;0;No;Underweight;Elderly;High;Normal
60;Female;76;127;83;49,2;145;49;23,31;0;0;0;0;0;No;Normal;Senior;Normal;Normal
55;Female;92;181;100;85,3;142;73,1;36,25;0;0;0;0;0;No;Obese;Senior;High;Normal
50;Female;96;140;89;43,6;152;73;31,6;0;0;0;0;0;Yes;Obese;Senior;High;Normal
45;Female;78;124;75;63;155;55;22,89;0;0;0;0;0;No;Normal;Middle;Normal;Normal
78;Female;64;127;75;89,9;152;32;13,85;0;0;0;0;0;No;Underweight;Elderly;Normal;Normal
35;Male;86;106;68;57,6;165;48;17,63;0;0;0;0;0;No;Underweight;Middle;Normal;Normal
30;Female;88;152;82;104,5;152;56,5;24,45;0;0;0;0;0;No;Normal;Young;High;Prediabetes
40;Female;77;134;79;58,4;147;39,2;18,14;1;0;1;0;0;No;Underweight;Middle;Normal;Normal
35;Female;85;111;72;61,5;160;52,7;20,59;0;0;0;0;0;No;Normal;Middle;Normal;Normal
35;Female;107;135;100;68,7;150;57,2;25,42;0;0;0;0;0;No;Overweight;Middle;High;Normal
50;Female;62;151;90;71,1;155;71,3;29,68;0;0;0;0;0;No;Overweight;Senior;High;Normal
44;Female;66;148;96;63;168;80,5;28,52;0;1;0;0;0;No;Overweight;Middle;High;Normal
65;Female;67;196;108;62,5;122;72;48,37;0;1;0;0;0;No;Obese;Elderly;High;Normal
40;Female;70;151;91;62,1;157;56;22,72;0;0;0;0;0;No;Normal;Middle;High;Normal
40;Male;90;98;60;56,3;163;58,1;21,87;0;0;0;0;0;No;Normal;Middle;Normal;Normal
50;Female;75;116;75;81,8;152;43;18,61;0;0;0;0;0;No;Normal;Senior;Normal;Normal
65;Female;61;164;102;67;155;60,1;25,02;0;1;0;1;0;Yes;Overweight;Elderly;High;Normal
35;Male;53;120;66;81,2;163;57,8;21,75;0;0;0;0;0;No;Normal;Middle;Normal;Normal
65;Female;65;142;100;77,6;147;42,2;19,53;0;0;0;0;0;No;Normal;Elderly;High;Normal
50;Female;72;116;64;77,9;147;40,2;18,6;0;0;0;0;0;No;Normal;Senior;Normal;Normal
35;Female;94;104;72;60,1;152;50;21,64;0;0;0;0;0;No;Normal;Middle;Normal;Normal
30;Female;82;121;82;67,5;147;44,8;20,73;0;0;0;0;0;No;Normal;Young;Normal;Normal
30;Female;83;112;74;67;152;46,7;20,21;0;0;0;0;0;No;Normal;Young;Normal;Normal
35;Female;92;129;91;92,9;152;71,5;30,95;0;0;0;0;0;No;Obese;Middle;High;Normal
44;Female;94;120;85;113,9;142;54,4;26,98;0;1;0;0;0;Yes;Overweight;Middle;Normal;Prediabetes
30;Female;89;142;88;58,3;152;53,2;23,03;0;0;0;0;0;No;Normal;Young;High;Normal
30;Female;73;160;113;93,4;124;57,8;37,59;0;1;0;0;0;Yes;Obese;Young;High;Normal
75;Female;68;159;88;62,9;124;70;45,53;0;1;0;0;0;No;Obese;Elderly;High;Normal
31;Female;80;104;69;68,5;122;35;23,52;0;0;0;0;0;No;Normal;Middle;Normal;Normal
39;Female;86;129;83;68;152;55;23,81;0;0;0;0;0;No;Normal;Middle;Normal;Normal
39;Female;84;100;68;84,3;155;67,9;28,26;0;0;0;0;0;No;Overweight;Middle;Normal;Normal
30;Female;78;103;63;69,6;147;43;19,9;0;0;0;0;0;No;Normal;Young;Normal;Normal
35;Female;68;125;70;61,5;155;52,7;21,94;0;0;0;0;0;No;Normal;Middle;Normal;Normal
72;Female;71;154;100;59;122;60;40,31;0;0;0;0;0;No;Obese;Elderly;High;Normal
33;Female;74;104;75;60,4;152;55;23,81;0;0;0;0;0;No;Normal;Middle;Normal;Normal
60;Female;70;124;69;55,8;155;40;16,65;0;0;0;0;0;No;Underweight;Senior;Normal;Normal
32;Male;66;130;80;74,2;163;70;26,35;1;0;1;0;0;No;Overweight;Middle;Normal;Normal
65;Female;73;130;70;52,9;147;37;17,12;0;0;0;0;0;No;Underweight;Elderly;Normal;Normal
65;Female;77;128;68;81,9;147;36;16,66;0;0;0;0;0;No;Underweight;Elderly;Normal;Normal
27;Female;77;104;72;74,5;150;52,6;23,38;0;0;0;0;0;No;Normal;Young;Normal;Normal
80;Female;70;167;79;79,2;150;53,8;23,91;0;0;0;0;0;No;Normal;Elderly;High;Normal
38;Female;88;119;73;89;150;49,9;22,18;0;0;0;0;0;No;Normal;Middle;Normal;Normal
60;Female;71;127;86;140,9;152;49;21,21;0;0;0;0;0;No;Normal;Senior;Normal;Diabetes
22;Female;101;129;79;83,6;152;63;27,27;0;0;0;0;0;No;Overweight;Young;Normal;Normal
57;Female;93;159;90;126,4;152;33,7;14,59;0;0;0;0;0;No;Underweight;Senior;High;Diabetes
35;Female;78;110;76;62;152;60,8;26,32;0;0;0;0;0;No;Overweight;Middle;Normal;Normal
50;Female;75;122;61;75,4;163;75;28,23;0;0;0;0;0;No;Overweight;Senior;Normal;Normal
50;Female;76;140;91;62,8;142;48;23,8;0;0;0;0;0;No;Normal;Senior;High;Normal
46;Male;66;121;87;66;163;46;17,31;0;1;0;0;0;No;Underweight;Senior;Normal;Normal
50;Female;78;117;61;89,1;157;46,2;18,74;0;0;0;0;0;No;Normal;Senior;Normal;Normal
27;Female;80;138;96;65;152;65;28,13;0;0;0;0;0;No;Overweight;Young;High;Normal
40;Female;87;136;82;67,3;150;45;20;0;0;0;0;0;No;Normal;Middle;Normal;Normal
45;Female;76;111;82;85,4;150;41;18,22;0;0;0;0;0;No;Underweight;Middle;Normal;Normal
42;Female;67;147;76;63,8;150;36,8;16,36;0;0;0;0;0;No;Underweight;Middle;High;Normal
26;Female;78;126;76;69,9;155;66,8;27,8;0;0;0;0;0;No;Overweight;Young;Normal;Normal
41;Female;68;152;99;60,2;152;55,3;23,94;0;0;0;0;0;No;Normal;Middle;High;Normal
34;Female;95;157;84;76,6;152;59,8;25,88;0;0;0;0;0;No;Overweight;Middle;High;Normal
55;Female;81;126;80;66,1;147;40,3;18,65;0;0;0;0;0;No;Normal;Senior;Normal;Normal
35;Female;64;95;55;78,1;157;48,8;19,8;1;0;1;0;0;No;Normal;Middle;Normal;Normal
63;Female;63;196;101;66,8;147;45;20,82;0;1;0;0;0;No;Normal;Elderly;High;Normal
45;Male;74;99;74;50,4;160;55,1;21,52;0;0;0;0;0;No;Normal;Middle;Normal;Normal
56;Female;87;106;79;83,1;157;48,1;19,51;0;0;0;0;0;No;Normal;Senior;Normal;Normal
35;Female;76;139;86;54,4;152;52;22,51;0;0;0;0;0;Yes;Normal;Middle;Normal;Normal
48;Female;70;173;100;78,6;157;52;21,1;0;0;0;0;0;No;Normal;Senior;High;Normal
26;Female;73;137;82;51,1;152;48;20,78;0;0;0;0;0;No;Normal;Young;Normal;Normal
26;Female;84;120;75;53,8;155;48;19,98;0;0;0;0;0;No;Normal;Young;Normal;Normal
40;Female;78;135;83;54,7;155;58;24,14;0;0;0;0;0;No;Normal;Middle;Normal;Normal
40;Female;79;124;78;75,5;147;48;22,21;0;0;0;0;0;No;Normal;Middle;Normal;Normal
38;Female;76;123;76;54;155;51;21,23;0;0;0;0;0;No;Normal;Middle;Normal;Normal
55;Female;59;146;92;70;155;58;24,14;0;1;0;0;0;No;Normal;Senior;High;Normal
45;Female;98;143;92;59,7;157;59;23,94;0;0;0;0;0;No;Normal;Middle;High;Normal
45;Female;84;101;76;63,2;155;52;21,64;0;0;0;0;0;No;Normal;Middle;Normal;Normal
65;Female;59;126;75;75,8;147;44;20,36;0;0;0;0;0;No;Normal;Elderly;Normal;Normal
50;Female;74;174;112;58,8;155;58;24,14;0;0;0;0;0;No;Normal;Senior;High;Normal
31;Male;82;137;93;77,8;163;52;19,57;1;0;1;0;0;No;Normal;Middle;High;Normal
58;Female;92;163;91;61,8;152;52;22,51;0;1;0;0;0;No;Normal;Senior;High;Normal
30;Female;76;182;93;57,8;152;46;19,91;0;0;0;0;0;No;Normal;Young;High;Normal
60;Female;80;113;73;51,7;155;50;20,81;0;0;0;0;0;No;Normal;Senior;Normal;Normal
75;Female;64;154;74;69,8;150;44;19,56;0;1;0;0;0;No;Normal;Elderly;High;Normal
32;Female;96;147;93;51,8;155;51;21,23;0;0;0;0;0;No;Normal;Middle;High;Normal
65;Female;86;141;90;63,7;152;44;19,04;0;0;0;0;0;No;Normal;Elderly;High;Normal
30;Female;87;130;101;84,2;157;51;20,69;0;0;0;0;0;No;Normal;Young;High;Normal
50;Female;92;99;63;74,7;155;52;21,64;0;0;0;0;0;No;Normal;Senior;Normal;Normal
47;Female;75;127;96;59,7;157;44;17,85;0;0;0;0;0;No;Underweight;Senior;High;Normal
60;Male;89;103;76;56,4;168;57,5;20,37;0;0;0;0;0;No;Normal;Senior;Normal;Normal
27;Female;71;112;64;85,9;160;77;30,08;0;0;0;0;0;No;Obese;Young;Normal;Normal
25;Female;123;111;93;61,3;163;66,1;24,88;0;0;0;0;0;No;Normal;Young;High;Normal
50;Female;64;141;77;55,2;152;46;19,91;0;0;0;0;0;No;Normal;Senior;High;Normal
22;Female;89;129;85;64,3;157;46;18,66;0;0;0;0;0;No;Normal;Young;Normal;Normal
55;Female;73;150;92;71;152;59,1;25,58;0;0;0;0;0;No;Overweight;Senior;High;Normal
35;Female;95;160;105;85,4;163;67,3;25,33;0;0;0;0;0;No;Overweight;Middle;High;Normal
40;Female;87;184;81;59,2;150;67;29,78;0;0;0;0;0;No;Overweight;Middle;High;Normal
35;Female;90;125;75;49,2;155;58;24,14;0;0;0;0;0;No;Normal;Middle;Normal;Normal
65;Male;86;127;77;46,3;165;69;25,34;0;0;0;0;0;No;Overweight;Elderly;Normal;Normal
45;Male;90;111;73;99,9;163;55,1;20,74;0;0;0;0;0;No;Normal;Middle;Normal;Normal
34;Female;77;121;70;74,1;147;51;23,6;0;0;0;0;0;No;Normal;Middle;Normal;Normal
26;Female;81;114;85;71,2;152;69;29,86;0;0;0;0;0;No;Overweight;Young;Normal;Normal
54;Female;69;130;88;78,1;150;44;19,56;0;0;0;0;0;No;Normal;Senior;Normal;Normal
45;Female;68;141;84;153,7;155;61,8;25,72;0;0;0;0;0;No;Overweight;Middle;High;Diabetes
38;Female;58;100;64;84,4;147;47,2;21,84;0;0;0;0;0;No;Normal;Middle;Normal;Normal
59;Male;61;196;118;67;160;64,5;25,2;0;1;0;0;0;No;Overweight;Senior;High;Normal
30;Female;78;116;75;73,3;152;44,4;19,22;0;0;0;0;0;No;Normal;Young;Normal;Normal
30;Female;78;124;75;60,6;152;51,6;22,33;0;0;0;0;0;No;Normal;Young;Normal;Normal
40;Female;78;107;67;78,2;150;60;26,67;0;0;0;0;0;No;Overweight;Middle;Normal;Normal
55;Female;69;147;82;69,2;150;45,3;20,13;0;0;0;0;0;No;Normal;Senior;High;Normal
41;Male;67;172;110;111,2;160;66;25,78;0;1;0;0;0;Yes;Overweight;Middle;High;Prediabetes
35;Female;77;87;47;74,7;147;40,6;18,79;0;0;0;0;0;No;Normal;Middle;Normal;Normal
35;Female;90;102;56;58,2;147;31,3;14,48;0;0;0;0;0;No;Underweight;Middle;Normal;Normal
35;Female;69;104;60;60,1;142;32,3;16,02;0;0;0;0;0;No;Underweight;Middle;Normal;Normal
53;Female;70;118;74;50,9;155;52;21,64;0;0;0;0;0;No;Normal;Senior;Normal;Normal
70;Female;71;133;62;75,9;147;40,5;18,74;0;0;0;0;0;No;Normal;Elderly;Normal;Normal
70;Female;73;139;73;61,6;142;232;21,9;0;0;0;0;0;No;Normal;Elderly;Normal;Normal
60;Female;93;135;79;102,4;152;64,5;27,92;0;0;0;0;0;No;Overweight;Senior;Normal;Prediabetes
35;Female;74;123;71;54,1;155;41;17,07;0;0;0;0;0;No;Underweight;Middle;Normal;Normal
50;Female;75;128;116;61,9;157;50,5;20,49;0;0;0;0;0;No;Normal;Senior;High;Normal
30;Female;95;111;70;83,2;155;41;17,07;0;0;0;0;0;No;Underweight;Young;Normal;Normal
35;Female;93;126;75;78,2;145;60;28,54;0;0;0;0;0;No;Overweight;Middle;Normal;Normal
30;Female;88;118;72;68,6;157;48;19,47;0;0;0;0;0;No;Normal;Young;Normal;Normal
42;Female;70;114;74;51,9;152;44;19,04;0;0;0;0;0;No;Normal;Middle;Normal;Normal
35;Female;72;146;100;76;152;50,6;21,9;0;0;0;0;0;No;Normal;Middle;High;Normal
35;Female;82;143;90;57,5;147;54;24,99;0;0;0;1;0;No;Normal;Middle;High;Normal
50;Female;72;146;77;82,5;155;50;20,81;0;1;0;0;0;No;Normal;Senior;High;Normal
45;Female;76;118;78;52;152;50,5;21,86;0;0;0;0;0;No;Normal;Middle;Normal;Normal
65;Female;88;160;93;74,3;147;50,2;23,23;0;0;0;0;0;No;Normal;Elderly;High;Normal
22;Female;107;130;85;78;157;76,2;30,91;0;0;0;0;0;No;Obese;Young;Normal;Normal
21;Female;96;107;71;80,3;152;51,4;22,25;0;0;0;0;0;No;Normal;Young;Normal;Normal
40;Female;87;128;80;79,7;157;58,6;23,77;0;0;0;0;0;No;Normal;Middle;Normal;Normal
56;Female;66;128;67;101,3;155;63,1;26,26;0;0;0;0;0;No;Overweight;Senior;Normal;Prediabetes
50;Female;94;127;77;70,4;145;38;18,07;0;0;0;0;0;No;Underweight;Senior;Normal;Normal
68;Female;96;177;105;72,1;160;64;25;0;0;0;0;0;No;Normal;Elderly;High;Normal
50;Male;76;129;90;60,7;152;41,9;18,14;0;0;0;0;0;No;Underweight;Senior;High;Normal
45;Female;51;143;76;55;160;34,2;13,36;0;0;0;0;0;No;Underweight;Middle;High;Normal
30;Female;86;128;79;73,7;163;51;19,2;0;0;0;0;0;No;Normal;Young;Normal;Normal
35;Female;79;120;81;123,2;165;54,6;20,06;0;0;0;0;0;No;Normal;Middle;Normal;Prediabetes
35;Female;96;102;70;63;152;36,5;15,8;0;0;0;0;0;No;Underweight;Middle;Normal;Normal
55;Female;87;105;61;88,8;152;45;19,48;0;0;0;0;0;No;Normal;Senior;Normal;Normal
28;Female;84;148;83;74,5;163;67,7;25,48;0;0;0;0;0;No;Overweight;Young;High;Normal
50;Female;106;131;79;60,8;152;46,5;20,13;0;0;0;0;0;No;Normal;Senior;Normal;Normal
65;Female;83;145;73;95,5;157;45,6;18,5;0;1;0;0;0;No;Underweight;Elderly;High;Normal
60;Female;72;128;78;99,1;147;45;20,82;0;0;0;0;0;No;Normal;Senior;Normal;Normal
70;Female;96;129;73;84,1;150;55;24,44;0;0;0;0;0;No;Normal;Elderly;Normal;Normal
33;Male;78;133;79;63,1;160;56;21,87;0;0;0;0;0;No;Normal;Middle;Normal;Normal
58;Female;95;127;62;154,3;137;45;23,98;0;0;0;0;0;No;Normal;Senior;Normal;Diabetes
56;Male;75;133;94;51,5;160;65;25,39;0;0;0;0;0;Yes;Overweight;Senior;High;Normal
80;Female;77;129;73;102;137;292;21,9;0;0;0;0;0;No;Normal;Elderly;Normal;Prediabetes
40;Female;73;123;77;65,8;150;49;21,78;0;0;0;0;0;No;Normal;Middle;Normal;Normal
32;Female;95;107;53;90,1;150;57,5;25,56;0;0;0;0;0;No;Overweight;Middle;Normal;Normal
26;Female;87;110;68;76,4;157;67,8;27,51;0;0;0;0;0;No;Overweight;Young;Normal;Normal
56;Male;79;160;88;80,6;157;56;22,72;0;0;0;0;0;No;Normal;Senior;High;Normal
36;Female;85;146;93;87,1;155;65,2;27,14;0;1;0;0;0;No;Overweight;Middle;High;Normal
38;Male;56;102;66;64,4;160;56;21,87;0;0;0;0;0;No;Normal;Middle;Normal;Normal
38;Male;97;118;77;51;168;61;21,61;0;0;0;0;0;No;Normal;Middle;Normal;Normal
30;Female;73;94;56;54,2;155;62;25,81;0;0;0;0;0;No;Overweight;Young;Normal;Normal
52;Female;86;149;81;76,5;152;56;24,24;0;0;0;0;0;No;Normal;Senior;High;Normal
35;Female;83;122;80;125,4;152;50;21,64;0;0;0;0;0;Yes;Normal;Middle;Normal;Diabetes
32;Female;65;113;71;101,3;155;41;17,07;0;0;0;0;0;No;Underweight;Middle;Normal;Prediabetes
56;Female;73;180;109;222,5;152;52;22,51;0;1;0;0;0;Yes;Normal;Senior;High;Diabetes
45;Female;78;119;70;49,4;152;58;25,1;0;0;0;0;0;No;Overweight;Middle;Normal;Normal
30;Female;84;130;72;55,3;155;52;21,64;0;0;0;0;0;No;Normal;Young;Normal;Normal
50;Female;75;116;62;57,2;155;51;21,23;0;0;0;0;0;No;Normal;Senior;Normal;Normal
65;Female;67;129;72;54,3;150;39;17,33;0;0;0;0;0;No;Underweight;Elderly;Normal;Normal
22;Female;70;107;80;58,2;155;48,5;20,19;0;0;0;0;0;No;Normal;Young;Normal;Normal
45;Female;107;132;79;79,3;155;57;23,73;0;0;0;0;0;No;Normal;Middle;Normal;Normal
41;Male;63;126;88;68,5;152;49,8;21,55;0;0;0;0;0;No;Normal;Middle;Normal;Normal
60;Female;88;123;78;65,8;150;38;16,89;0;0;0;0;0;No;Underweight;Senior;Normal;Normal
30;Female;74;123;90;74;152;48;20,78;0;0;0;0;0;No;Normal;Young;High;Normal
32;Female;77;123;79;64,3;155;45;18,73;0;0;0;0;0;No;Normal;Middle;Normal;Normal
70;Female;88;175;89;57,9;157;56;22,72;0;0;0;0;0;No;Normal;Elderly;High;Normal
34;Female;91;117;83;62,9;142;58,7;29,11;0;0;0;0;0;No;Overweight;Middle;Normal;Normal
25;Female;83;97;70;45,5;150;56;24,89;0;0;0;0;0;No;Normal;Young;Normal;Normal
40;Female;79;115;77;64,4;152;55;23,81;0;0;0;0;0;No;Normal;Middle;Normal;Normal
65;Female;85;143;101;57,6;157;60;24,34;0;0;0;0;0;Yes;Normal;Elderly;High;Normal
65;Male;64;147;98;79,5;163;65;24,46;0;0;0;0;0;No;Normal;Elderly;High;Normal
35;Female;80;154;110;75,1;157;78,6;31,89;0;0;0;0;0;No;Obese;Middle;High;Normal
40;Female;98;113;72;100;152;57,5;24,89;0;0;0;0;0;No;Normal;Middle;Normal;Normal
30;Female;86;100;69;88,2;152;55,2;23,89;0;0;0;0;0;No;Normal;Young;Normal;Normal
50;Female;52;126;98;68,3;152;58;25,1;0;1;0;0;0;No;Overweight;Senior;High;Normal
48;Female;78;153;106;56,7;145;51,5;24,49;0;0;0;0;0;No;Normal;Senior;High;Normal
38;Female;85;107;73;57,5;140;37,2;18,98;0;0;0;0;0;No;Normal;Middle;Normal;Normal
45;Female;66;148;86;72,2;155;39,2;16,32;1;0;1;0;0;No;Underweight;Middle;High;Normal
55;Female;87;104;61;68,6;152;55;23,81;0;0;0;0;0;No;Normal;Senior;Normal;Normal
55;Female;78;102;72;59,3;152;46,7;20,21;0;0;0;0;0;No;Normal;Senior;Normal;Normal
50;Female;75;134;77;86,7;152;51,7;22,38;0;0;0;0;0;No;Normal;Senior;Normal;Normal
55;Female;106;151;94;121,4;150;50,5;22,44;0;0;0;0;0;No;Normal;Senior;High;Prediabetes
39;Female;80;116;71;57,6;150;47;20,89;0;0;0;0;0;No;Normal;Middle;Normal;Normal
39;Female;74;118;78;59,7;150;49,6;22,04;0;0;0;0;0;No;Normal;Middle;Normal;Normal
31;Female;73;104;73;78,7;152;61;26,4;0;0;0;0;0;No;Overweight;Middle;Normal;Normal
30;Female;79;104;76;56;152;47;20,34;0;0;0;0;0;No;Normal;Young;Normal;Normal
55;Female;66;160;76;65,9;147;40;18,51;0;0;0;0;0;No;Normal;Senior;High;Normal
39;Female;99;112;78;73,6;155;61,2;25,47;0;0;0;0;0;No;Overweight;Middle;Normal;Normal
55;Female;69;127;82;61,2;150;42,4;18,84;0;0;0;0;0;No;Normal;Senior;Normal;Normal
65;Female;84;155;61;76,3;150;51,2;22,76;0;0;0;0;0;No;Normal;Elderly;High;Normal
45;Female;89;117;66;79,7;157;47;19,07;0;0;0;0;0;No;Normal;Middle;Normal;Normal
52;Female;80;132;78;93,4;155;34,5;14,36;0;0;0;0;0;No;Underweight;Senior;Normal;Normal
30;Female;72;134;83;58;157;50,6;20,53;0;0;0;0;0;No;Normal;Young;Normal;Normal
37;Female;95;135;85;70,6;165;47;17,26;0;0;0;0;0;No;Underweight;Middle;Normal;Normal
27;Female;103;98;69;62,2;160;51,6;20,16;0;0;0;0;0;No;Normal;Young;Normal;Normal
45;Female;75;135;82;64,4;155;40,1;16,69;0;0;0;0;0;No;Underweight;Middle;Normal;Normal
35;Female;83;121;83;64,8;157;41,5;16,84;0;0;0;0;0;No;Underweight;Middle;Normal;Normal
30;Female;91;116;72;76,7;152;45,2;19,56;0;0;0;0;0;No;Normal;Young;Normal;Normal
32;Male;67;130;83;60,3;157;60;24,34;0;0;0;0;0;No;Normal;Middle;Normal;Normal
36;Female;85;120;80;200;152;62;26,84;0;0;0;0;0;No;Overweight;Middle;Normal;Diabetes
35;Female;100;133;73;137,8;155;64;26,64;0;0;0;0;0;No;Overweight;Middle;Normal;Diabetes
45;Female;91;96;63;83,3;145;42;19,98;0;0;0;0;0;No;Normal;Middle;Normal;Normal
30;Female;88;113;67;67,1;155;56;23,31;0;0;0;0;0;No;Normal;Young;Normal;Normal
70;Male;75;123;54;68,3;160;40,9;15,98;0;0;0;0;0;No;Underweight;Elderly;Normal;Normal
70;Female;71;188;102;61,4;145;38,8;18,45;0;0;0;0;0;No;Underweight;Elderly;High;Normal
45;Female;84;88;66;79,7;152;50,3;21,77;0;0;0;0;0;No;Normal;Middle;Normal;Normal
55;Female;79;132;78;99,1;157;59,5;24,14;0;0;0;0;0;No;Normal;Senior;Normal;Normal
60;Female;58;150;75;67,2;152;50;21,64;0;0;0;0;0;No;Normal;Senior;High;Normal
50;Female;96;137;86;84,9;152;46;19,91;0;0;0;0;0;No;Normal;Senior;Normal;Normal
63;Female;80;180;79;66,3;155;35,5;14,78;0;0;0;0;0;No;Underweight;Elderly;High;Normal
50;Female;75;132;71;219,9;152;54;23,37;0;0;0;0;0;Yes;Normal;Senior;Normal;Diabetes
55;Female;86;140;88;76,3;145;42,5;20,21;0;0;0;0;0;No;Normal;Senior;High;Normal
40;Female;75;121;80;115,6;155;47,7;19,85;0;0;0;0;0;No;Normal;Middle;Normal;Prediabetes
40;Female;99;144;84;99,5;155;65,2;27,14;0;0;0;0;0;No;Overweight;Middle;High;Normal
30;Female;104;101;67;76,7;157;42,2;17,12;0;0;0;0;0;No;Underweight;Young;Normal;Normal
40;Female;86;130;84;70,8;160;56;21,87;1;0;1;0;0;No;Normal;Middle;Normal;Normal
30;Female;80;120;71;50,4;157;53,2;21,58;0;0;0;0;0;No;Normal;Young;Normal;Normal
30;Female;89;110;54;62,7;155;58,3;24,27;0;0;0;0;0;No;Normal;Young;Normal;Normal
30;Female;91;82;53;60,9;152;39,2;16,97;0;0;0;0;0;No;Underweight;Young;Normal;Normal
62;Female;74;121;56;55,6;155;45,2;18,81;0;0;0;0;0;No;Normal;Elderly;Normal;Normal
70;Female;89;141;72;86,2;142;40,2;19,94;0;0;0;0;0;No;Normal;Elderly;High;Normal
70;Male;85;129;69;45,5;168;56,8;20,12;0;0;0;0;0;No;Normal;Elderly;Normal;Normal
30;Female;91;101;60;75,9;152;52,2;22,59;0;0;0;0;0;No;Normal;Young;Normal;Normal
40;Female;74;116;65;75,4;150;40;17,78;0;0;0;0;0;No;Underweight;Middle;Normal;Normal
30;Female;69;94;65;49,9;150;45;20;0;0;0;0;0;No;Normal;Young;Normal;Normal
70;Female;61;194;87;58;147;32,4;14,99;0;0;0;0;0;No;Underweight;Elderly;High;Normal
44;Female;56;195;111;88,6;147;50;23,14;0;0;0;0;0;No;Normal;Middle;High;Normal
35;Female;91;112;75;63,2;150;56;24,89;0;0;0;0;0;No;Normal;Middle;Normal;Normal
30;Female;84;110;77;76;152;53;22,94;0;0;0;0;0;No;Normal;Young;Normal;Normal
45;Female;108;167;98;67,8;152;82,7;35,79;0;0;0;0;0;No;Obese;Middle;High;Normal
38;Female;80;129;86;70,4;152;52,6;22,77;0;0;0;0;0;No;Normal;Middle;Normal;Normal
40;Female;87;100;66;78,9;157;61;24,75;0;0;0;0;0;No;Normal;Middle;Normal;Normal
31;Female;97;129;83;88;155;60;24,97;0;0;0;0;0;No;Normal;Middle;Normal;Normal
35;Female;74;104;69;55,8;150;57;25,33;0;0;0;0;0;No;Overweight;Middle;Normal;Normal
35;Female;86;117;74;79,1;142;61,8;30,65;0;0;0;0;0;No;Obese;Middle;Normal;Normal
35;Female;85;102;65;75,8;152;56,5;24,45;0;0;0;0;0;No;Normal;Middle;Normal;Normal
65;Female;78;152;82;98,6;142;45,3;22,47;0;0;0;0;0;No;Normal;Elderly;High;Normal
42;Male;65;120;62;70;163;56,8;21,38;0;0;0;0;0;No;Normal;Middle;Normal;Normal
55;Female;93;118;63;80;145;39;18,55;0;0;0;0;0;No;Normal;Senior;Normal;Normal
60;Female;80;123;80;61;145;49;23,31;0;0;0;0;0;No;Normal;Senior;Normal;Normal
40;Female;99;127;76;77,3;155;44;18,31;0;0;0;0;0;No;Underweight;Middle;Normal;Normal
30;Female;88;185;108;277;150;60,6;26,93;0;0;0;0;0;No;Overweight;Young;High;Diabetes
32;Female;94;112;76;75,4;155;50,2;20,89;0;0;0;0;0;No;Normal;Middle;Normal;Normal
45;Female;87;128;75;83,1;155;47,5;19,77;0;0;0;0;0;No;Normal;Middle;Normal;Normal
40;Female;75;130;85;59,5;160;59,3;23,16;0;0;0;0;0;No;Normal;Middle;Normal;Normal
55;Female;107;153;83;89,3;155;55,6;23,14;0;0;0;0;0;No;Normal;Senior;High;Normal
30;Female;92;121;73;81,9;157;48,3;19,6;0;0;0;0;0;No;Normal;Young;Normal;Normal
32;Female;76;114;68;65;152;57;24,67;0;0;0;0;0;No;Normal;Middle;Normal;Normal
30;Female;87;111;76;61,1;147;43;19,9;0;0;0;0;0;No;Normal;Young;Normal;Normal
31;Female;83;107;69;68;147;51;23,6;0;0;0;0;0;No;Normal;Middle;Normal;Normal
60;Female;70;140;80;69,3;152;50,4;21,81;0;0;0;0;0;No;Normal;Senior;High;Normal
70;Male;73;170;92;74,8;168;50;17,72;0;0;0;0;0;No;Underweight;Elderly;High;Normal
58;Female;85;126;78;65,1;160;63;24,61;0;0;0;0;0;No;Normal;Senior;Normal;Normal
32;Female;82;124;75;230,3;160;63;24,61;0;0;0;0;0;No;Normal;Middle;Normal;Diabetes
60;Female;83;146;80;71,1;147;34;15,73;0;0;0;0;0;No;Underweight;Senior;High;Normal
30;Male;74;107;73;69,4;157;38,9;15,78;0;0;0;0;0;No;Underweight;Young;Normal;Normal
55;Male;79;106;75;76,5;163;54;20,32;0;0;0;0;0;No;Normal;Senior;Normal;Normal
45;Female;102;110;80;103,3;157;73,4;29,78;0;0;0;0;0;No;Overweight;Middle;Normal;Prediabetes
45;Female;85;114;82;98,5;150;39,2;17,42;0;0;0;0;0;No;Underweight;Middle;Normal;Normal
30;Female;103;116;84;62,5;152;60;25,97;0;0;0;0;0;No;Overweight;Young;Normal;Normal
49;Female;84;131;99;46,8;150;48,1;21,38;0;0;0;0;0;No;Normal;Senior;High;Normal
55;Female;71;104;59;82,8;150;39,4;17,51;0;0;0;0;0;No;Underweight;Senior;Normal;Normal
60;Female;97;116;98;176,2;150;56,8;25,24;0;0;0;0;0;No;Overweight;Senior;High;Diabetes
30;Female;83;129;82;84,5;155;59,5;24,77;0;0;0;0;0;No;Normal;Young;Normal;Normal
35;Female;110;122;79;166,5;147;52;24,06;0;0;0;0;0;No;Normal;Middle;Normal;Diabetes
32;Female;72;114;72;63,2;152;53;22,94;0;0;0;0;0;No;Normal;Middle;Normal;Normal
38;Female;102;128;83;75,6;152;52;22,51;0;0;0;0;0;No;Normal;Middle;Normal;Normal
38;Female;74;120;68;68,8;152;52;22,51;0;0;0;0;0;No;Normal;Middle;Normal;Normal
45;Female;97;129;84;70,7;152;52;22,51;0;0;0;0;0;No;Normal;Middle;Normal;Normal
55;Female;80;156;78;64,7;145;40;19,02;0;1;0;0;0;No;Normal;Senior;High;Normal
45;Female;73;116;66;61,7;152;42;18,18;0;0;0;0;0;No;Underweight;Middle;Normal;Normal
32;Female;73;117;72;75,9;150;51,8;23,02;0;0;0;0;0;No;Normal;Middle;Normal;Normal
35;Female;84;131;81;67,7;152;60;25,97;0;0;0;0;0;No;Overweight;Middle;Normal;Normal
35;Female;90;106;75;89,4;147;36;16,66;0;0;0;0;0;No;Underweight;Middle;Normal;Normal
55;Female;71;176;94;56,5;155;63;26,22;0;0;0;0;0;No;Overweight;Senior;High;Normal
60;Female;78;197;105;85;152;42;18,18;0;0;0;0;0;No;Underweight;Senior;High;Normal
35;Female;76;119;74;68,5;152;57;24,67;0;0;0;0;0;No;Normal;Middle;Normal;Normal
56;Female;74;146;98;71,2;152;52;22,51;0;0;0;0;0;No;Normal;Senior;High;Normal
35;Male;66;99;73;65;160;50;19,53;1;0;1;0;0;No;Normal;Middle;Normal;Normal
35;Female;74;125;89;84,6;157;62;25,15;0;0;0;0;0;No;Overweight;Middle;Normal;Normal
65;Female;65;120;69;77,9;152;53;22,94;0;0;0;0;0;No;Normal;Elderly;Normal;Normal
51;Female;81;101;78;71,7;152;56;24,24;0;0;0;0;0;No;Normal;Senior;Normal;Normal
30;Male;89;129;89;79,8;168;59;20,9;1;0;1;0;0;No;Normal;Young;Normal;Normal
25;Female;98;107;73;56,4;155;59,5;24,77;0;0;0;0;0;No;Normal;Young;Normal;Normal
35;Female;80;148;85;72,1;142;44,4;22,02;0;0;0;0;0;Yes;Normal;Middle;High;Normal
32;Female;112;123;83;54;152;48;20,78;0;0;0;0;0;No;Normal;Middle;Normal;Normal
30;Female;75;119;77;87,3;155;45;18,73;0;0;0;0;0;No;Normal;Young;Normal;Normal
26;Female;83;136;92;50,7;157;66;26,78;0;0;0;0;0;No;Overweight;Young;High;Normal
68;Female;81;112;69;57;147;37,3;17,26;0;0;0;0;0;No;Underweight;Elderly;Normal;Normal
45;Female;88;105;71;78,1;147;35,7;16,52;0;0;0;0;0;No;Underweight;Middle;Normal;Normal
39;Female;94;122;79;73,2;147;40;18,51;0;0;0;0;0;No;Normal;Middle;Normal;Normal
48;Female;89;131;86;66,5;152;50,9;22,03;0;0;0;0;0;No;Normal;Senior;Normal;Normal
70;Female;103;139;82;72,4;152;59,5;25,75;0;0;0;0;0;No;Overweight;Elderly;Normal;Normal
70;Female;70;117;66;68,7;150;40,1;17,82;0;0;0;0;0;No;Underweight;Elderly;Normal;Normal
35;Female;78;96;62;71,4;152;61,1;26,45;0;0;0;0;0;No;Overweight;Middle;Normal;Normal
35;Female;100;128;73;63,2;150;46,8;20,8;0;0;0;0;0;No;Normal;Middle;Normal;Normal
30;Female;87;102;55;82,2;145;41;19,5;0;0;0;0;0;No;Normal;Young;Normal;Normal
56;Male;61;118;75;61,9;163;54,5;20,51;0;0;0;0;0;No;Normal;Senior;Normal;Normal
30;Female;68;146;101;60,1;152;40;17,31;0;0;0;0;0;No;Underweight;Young;High;Normal
42;Female;84;116;78;182,4;152;55;23,81;0;0;0;0;0;No;Normal;Middle;Normal;Diabetes
35;Female;81;130;77;110,6;163;50;18,82;0;0;0;0;0;No;Normal;Middle;Normal;Prediabetes
60;Female;64;133;67;61,2;152;49;21,21;0;0;0;0;0;No;Normal;Senior;Normal;Normal
30;Female;82;119;68;51,5;152;48;20,78;0;0;0;0;0;No;Normal;Young;Normal;Normal
76;Female;75;195;102;85,4;160;60;23,44;0;0;0;0;0;No;Normal;Elderly;High;Normal
33;Female;86;156;94;57,2;152;55;23,81;0;0;0;0;0;No;Normal;Middle;High;Normal
65;Female;100;161;80;59;150;43;19,11;0;0;0;0;0;No;Normal;Elderly;High;Normal
30;Female;78;122;77;52,2;155;38,5;16,02;0;0;0;0;0;No;Underweight;Young;Normal;Normal
40;Female;82;130;76;82,3;157;56;22,72;0;0;0;0;0;No;Normal;Middle;Normal;Normal
60;Female;70;129;78;76,8;152;48;20,78;0;0;0;0;0;No;Normal;Senior;Normal;Normal
70;Female;106;118;87;63;152;35;15,15;0;0;0;0;0;No;Underweight;Elderly;Normal;Normal
40;Male;93;152;79;145;165;75;27,55;0;0;0;0;0;No;Overweight;Middle;High;Diabetes
35;Female;89;119;81;119,6;152;49,8;21,55;0;0;0;0;0;No;Normal;Middle;Normal;Prediabetes
31;Female;73;106;64;63,9;152;49;21,21;0;0;0;0;0;No;Normal;Middle;Normal;Normal
70;Male;87;110;80;61,6;157;36,6;14,85;0;0;0;0;0;No;Underweight;Elderly;Normal;Normal
58;Female;72;129;75;61,1;150;45;20;0;0;0;0;0;No;Normal;Senior;Normal;Normal
30;Female;73;129;69;55,9;157;57,2;23,21;0;0;0;0;0;No;Normal;Young;Normal;Normal
56;Female;76;111;75;60,3;152;45;19,48;0;0;0;0;0;No;Normal;Senior;Normal;Normal
48;Female;79;129;78;72,6;152;56;24,24;0;0;0;0;0;No;Normal;Senior;Normal;Normal
75;Female;79;129;72;89,8;152;45;19,48;0;0;0;0;0;No;Normal;Elderly;Normal;Normal
50;Female;78;172;107;101,5;145;60;28,54;0;1;0;0;0;No;Overweight;Senior;High;Prediabetes
45;Female;84;153;101;70,4;155;62;25,81;0;0;0;0;0;No;Overweight;Middle;High;Normal
56;Female;90;112;82;85;157;61;24,75;0;0;0;0;0;No;Normal;Senior;Normal;Normal
37;Female;62;119;82;112;155;53;22,06;0;0;0;0;0;No;Normal;Middle;Normal;Prediabetes
35;Female;84;129;79;148;152;52;22,51;0;0;0;0;0;No;Normal;Middle;Normal;Diabetes
47;Female;61;163;100;46,7;157;58,8;23,85;0;0;0;0;0;No;Normal;Senior;High;Normal
55;Female;73;196;116;68,4;152;53;22,94;0;1;0;0;0;No;Normal;Senior;High;Normal
58;Female;73;170;82;82,2;152;47;20,34;0;0;0;0;0;No;Normal;Senior;High;Normal
30;Female;113;148;91;55,5;152;48;20,78;0;0;0;0;0;No;Normal;Young;High;Normal
42;Male;71;109;78;76,5;168;57;20,2;1;0;1;0;0;No;Normal;Middle;Normal;Normal
62;Male;70;154;81;75;168;62,2;22,04;0;0;0;0;0;No;Normal;Elderly;High;Normal
45;Female;102;101;72;68,8;150;42,5;18,89;0;0;0;0;0;No;Normal;Middle;Normal;Normal
63;Male;77;106;61;85,1;152;39,8;17,23;0;0;0;0;0;No;Underweight;Elderly;Normal;Normal
60;Female;90;157;98;74,9;150;45;20;0;0;0;0;0;No;Normal;Senior;High;Normal
34;Female;80;117;70;75,2;150;55;24,44;0;0;0;0;0;No;Normal;Middle;Normal;Normal
40;Female;66;119;84;74,3;157;58;23,53;0;0;0;0;0;No;Normal;Middle;Normal;Normal
60;Female;89;129;74;70,2;150;46;20,44;0;0;0;0;0;No;Normal;Senior;Normal;Normal
75;Female;79;136;79;82,5;152;59;25,54;0;0;0;0;0;No;Overweight;Elderly;Normal;Normal
23;Female;76;119;65;100,9;152;55;23,81;0;0;0;0;0;No;Normal;Young;Normal;Prediabetes
35;Female;94;124;89;55,4;152;52;22,51;0;0;0;0;0;No;Normal;Middle;Normal;Normal
65;Female;73;170;102;64,2;150;45;20;0;0;0;0;0;No;Normal;Elderly;High;Normal
75;Male;77;110;76;66,6;170;68;23,53;0;0;0;0;0;No;Normal;Elderly;Normal;Normal
70;Female;80;152;73;80,4;150;45,6;20,27;0;0;0;0;0;No;Normal;Elderly;High;Normal
30;Male;82;130;90;58,5;157;57;23,12;0;0;0;0;0;No;Normal;Young;High;Normal
58;Female;82;104;72;76,2;150;33,5;14,89;0;0;0;0;0;No;Underweight;Senior;Normal;Normal
55;Female;89;131;86;64,7;150;39,5;17,56;0;0;0;0;0;No;Underweight;Senior;Normal;Normal
32;Female;78;102;65;55,5;152;45,6;19,74;0;0;0;0;0;No;Normal;Middle;Normal;Normal
80;Male;63;128;83;57,9;155;61;25,39;0;0;0;0;0;No;Overweight;Elderly;Normal;Normal
60;Female;94;114;68;60,7;152;41;17,75;0;0;0;0;0;No;Underweight;Senior;Normal;Normal
40;Female;81;93;59;88,7;152;45;19,48;0;0;0;0;0;No;Normal;Middle;Normal;Normal
35;Female;90;106;80;52,8;152;56;24,24;0;0;0;0;0;No;Normal;Middle;Normal;Normal
36;Female;62;120;70;67,6;155;53,2;22,14;0;0;0;0;0;No;Normal;Middle;Normal;Normal
39;Female;102;123;81;141;155;45;18,73;0;0;0;0;0;Yes;Normal;Middle;Normal;Diabetes
32;Female;80;177;114;62,6;152;59;25,54;0;1;0;0;0;No;Overweight;Middle;High;Normal
48;Female;65;128;70;71,5;152;51;22,07;0;0;0;0;0;No;Normal;Senior;Normal;Normal
53;Female;67;172;79;83,4;155;58;24,14;0;0;0;0;0;No;Normal;Senior;High;Normal
56;Female;69;118;66;73,6;152;47;20,34;0;0;0;0;0;No;Normal;Senior;Normal;Normal
38;Female;71;105;68;60,5;150;45;20;1;0;1;0;0;No;Normal;Middle;Normal;Normal
31;Female;101;120;79;64,9;152;56;24,24;1;0;1;0;0;No;Normal;Middle;Normal;Normal
40;Male;64;111;65;87;168;56;19,84;1;0;1;0;0;No;Normal;Middle;Normal;Normal
65;Female;70;182;100;81,6;155;56;23,31;0;1;0;0;0;No;Normal;Elderly;High;Normal
40;Female;74;140;83;61,5;152;38;16,45;0;0;0;0;0;No;Underweight;Middle;High;Normal
40;Female;93;125;82;110,7;150;50;22,22;0;0;0;0;0;No;Normal;Middle;Normal;Prediabetes
35;Female;91;103;69;79,6;157;54;21,91;0;0;0;0;0;No;Normal;Middle;Normal;Normal
38;Female;80;100;68;62,8;155;45;18,73;0;0;0;0;0;No;Normal;Middle;Normal;Normal
30;Female;76;110;69;74,9;155;58;24,14;0;0;0;0;0;No;Normal;Young;Normal;Normal
30;Female;82;153;98;62,3;157;72;29,21;0;0;0;0;0;No;Overweight;Young;High;Normal
50;Female;75;132;66;54,6;152;37,5;16,23;0;0;0;0;0;No;Underweight;Senior;Normal;Normal
30;Female;78;124;83;57,3;157;52,5;21,3;0;0;0;0;0;No;Normal;Young;Normal;Normal
50;Female;85;143;93;81,4;157;54;21,91;0;1;0;0;0;No;Normal;Senior;High;Normal
31;Female;90;124;80;88;152;52;22,51;0;0;0;0;0;No;Normal;Middle;Normal;Normal
40;Male;78;114;68;51,5;165;52;19,1;0;0;0;0;0;No;Normal;Middle;Normal;Normal
55;Female;102;95;74;64,9;152;53;22,94;0;0;0;0;0;No;Normal;Senior;Normal;Normal
45;Male;77;129;76;69,3;163;60;22,58;0;0;0;0;0;No;Normal;Middle;Normal;Normal
40;Male;81;110;73;74,4;165;58;21,3;0;0;0;0;0;No;Normal;Middle;Normal;Normal
35;Female;112;133;93;94,1;152;52;22,51;0;0;0;0;0;No;Normal;Middle;High;Normal
45;Female;80;104;68;67,5;157;49;19,88;0;0;0;0;0;No;Normal;Middle;Normal;Normal
40;Female;101;111;68;63,6;150;52;23,11;0;0;0;0;0;No;Normal;Middle;Normal;Normal
72;Male;64;132;85;81,9;168;52;18,42;0;0;0;0;0;No;Underweight;Elderly;Normal;Normal
75;Female;89;157;96;80,6;150;44;19,56;0;0;0;0;0;No;Normal;Elderly;High;Normal
40;Female;69;131;83;81,3;152;53;22,94;0;0;0;0;0;No;Normal;Middle;Normal;Normal
38;Female;97;113;81;55,3;152;52;22,51;0;0;0;0;0;No;Normal;Middle;Normal;Normal
32;Female;97;125;78;75,1;150;62;27,56;0;0;0;0;0;No;Overweight;Middle;Normal;Normal
57;Male;60;150;92;80;168;66;23,38;0;0;0;0;0;No;Normal;Senior;High;Normal
55;Female;72;157;78;71,1;147;39;18,05;0;0;0;0;0;No;Underweight;Senior;High;Normal
35;Female;78;100;63;55,7;157;57,8;23,45;0;0;0;0;0;No;Normal;Middle;Normal;Normal
36;Male;57;147;85;53;163;58;21,83;0;1;0;0;0;No;Normal;Middle;High;Normal
35;Female;80;98;59;68,9;142;30;14,88;0;0;0;0;0;No;Underweight;Middle;Normal;Normal
40;Female;77;149;92;56,2;145;41;19,5;0;0;0;0;0;No;Normal;Middle;High;Normal
50;Female;83;110;64;61,7;152;45;19,48;0;0;0;0;0;No;Normal;Senior;Normal;Normal
45;Female;86;127;78;67;155;38,5;16,02;0;0;0;0;0;No;Underweight;Middle;Normal;Normal
35;Female;84;105;61;58;155;52;21,64;0;0;0;0;0;No;Normal;Middle;Normal;Normal
63;Male;61;176;89;51,6;155;55;22,89;0;1;0;0;0;No;Normal;Elderly;High;Normal
39;Female;77;132;64;66,8;155;46;19,15;0;0;0;0;0;No;Normal;Middle;Normal;Normal
35;Female;96;134;96;68,4;155;49;20,4;0;0;0;0;0;No;Normal;Middle;High;Normal
40;Female;81;111;70;72,5;155;49,1;20,44;0;0;0;0;0;No;Normal;Middle;Normal;Normal
55;Female;63;125;68;64,2;155;48,4;20,15;0;0;0;0;0;No;Normal;Senior;Normal;Normal
70;Female;72;122;71;84,6;152;45;19,48;0;0;0;0;0;No;Normal;Elderly;Normal;Normal
55;Male;84;123;82;52,6;163;60;22,58;0;0;0;0;0;No;Normal;Senior;Normal;Normal
48;Female;74;116;80;73,8;152;53;22,94;0;0;0;0;0;No;Normal;Senior;Normal;Normal
68;Female;77;114;64;65,5;150;41;18,22;0;0;0;0;0;No;Underweight;Elderly;Normal;Normal
49;Female;79;112;75;48;150;36,6;16,27;0;0;0;0;0;No;Underweight;Senior;Normal;Normal
48;Female;89;145;100;79,8;150;50;22,22;0;0;0;0;0;No;Normal;Senior;High;Normal
45;Female;63;174;105;80,2;155;51,7;21,52;0;0;0;0;0;No;Normal;Middle;High;Normal
28;Female;96;117;79;79,5;155;65,6;27,3;0;0;0;0;0;No;Overweight;Young;Normal;Normal
65;Female;92;128;60;80,7;147;36,8;17,03;0;0;0;0;0;No;Underweight;Elderly;Normal;Normal
50;Male;53;118;59;66,5;152;35;15,15;0;0;0;0;0;No;Underweight;Senior;Normal;Normal
54;Male;69;117;74;71;147;40;18,51;0;0;0;0;0;No;Normal;Senior;Normal;Normal
35;Female;108;123;74;64;155;60,5;25,18;0;0;0;0;0;No;Overweight;Middle;Normal;Normal
36;Female;81;105;65;62;147;46,5;21,52;0;0;0;0;0;No;Normal;Middle;Normal;Normal
49;Female;79;150;100;64,1;152;48;20,78;0;0;0;0;0;No;Normal;Senior;High;Normal
35;Female;86;115;81;62,3;152;40;17,31;0;0;0;0;0;No;Underweight;Middle;Normal;Normal
40;Female;68;130;89;63,3;147;46;21,29;0;0;0;0;0;No;Normal;Middle;Normal;Normal
35;Female;71;129;84;55,9;155;62,3;25,93;0;0;0;0;0;No;Overweight;Middle;Normal;Normal
59;Female;67;162;101;61,7;152;53;22,94;0;0;0;0;0;No;Normal;Senior;High;Normal
56;Male;67;118;73;66;152;56;24,24;0;0;0;0;0;No;Normal;Senior;Normal;Normal
50;Female;87;139;80;80,3;152;52;22,51;0;0;0;0;0;No;Normal;Senior;Normal;Normal
35;Female;91;126;71;52,5;152;52;22,51;0;0;0;0;0;No;Normal;Middle;Normal;Normal
38;Female;79;103;61;55,1;155;56;23,31;0;0;0;0;0;No;Normal;Middle;Normal;Normal
54;Female;66;144;77;70,8;147;59,5;27,53;0;0;0;0;0;No;Overweight;Senior;High;Normal
54;Female;69;175;87;72,2;155;51;21,23;0;0;0;0;0;No;Normal;Senior;High;Normal
31;Male;97;92;79;53,6;155;53;22,06;1;0;1;0;0;No;Normal;Middle;Normal;Normal
45;Female;102;126;91;81,5;152;59;25,54;0;0;0;0;0;No;Overweight;Middle;High;Normal
35;Female;90;125;87;71,3;152;60;25,97;0;0;0;0;0;No;Overweight;Middle;Normal;Normal
70;Male;74;151;81;94,3;152;59;25,54;0;0;0;0;0;No;Overweight;Elderly;High;Normal
25;Female;82;105;68;84;160;55;21,48;0;0;0;0;0;No;Normal;Young;Normal;Normal
36;Female;74;129;76;79,7;160;68;26,56;0;0;0;0;0;No;Overweight;Middle;Normal;Normal
65;Female;64;163;86;68;152;57;24,67;0;0;0;0;0;No;Normal;Elderly;High;Normal
45;Female;79;124;93;61,7;150;55;24,44;0;0;0;0;0;No;Normal;Middle;High;Normal
60;Female;61;141;64;103,3;152;55;23,81;0;0;0;0;0;No;Normal;Senior;High;Prediabetes
22;Female;115;127;79;146,8;157;55;22,31;0;0;0;0;0;No;Normal;Young;Normal;Diabetes
32;Female;89;126;86;59,8;157;52;21,1;0;0;0;0;0;No;Normal;Middle;Normal;Normal
30;Female;80;114;72;60,7;150;54;24;0;0;0;0;0;No;Normal;Young;Normal;Normal
65;Female;87;142;88;78,5;150;45;20;0;0;0;0;0;No;Normal;Elderly;High;Normal
40;Female;73;125;79;104,6;165;55;20,2;0;0;0;0;0;No;Normal;Middle;Normal;Prediabetes
45;Female;75;102;67;74,1;142;45;22,32;0;0;0;0;0;No;Normal;Middle;Normal;Normal
70;Female;71;159;84;260,8;157;60;24,34;0;0;0;0;0;No;Normal;Elderly;High;Diabetes
22;Female;82;96;63;67,2;152;55;23,81;1;0;1;0;0;No;Normal;Young;Normal;Normal
40;Male;89;144;88;78,4;170;58;20,07;1;0;1;0;0;No;Normal;Middle;High;Normal
65;Male;66;164;94;56,7;165;58;21,3;0;0;0;0;0;No;Normal;Elderly;High;Normal
32;Female;109;106;77;110,5;150;58;25,78;0;0;0;0;0;No;Overweight;Middle;Normal;Prediabetes
55;Female;89;104;66;82,3;152;51;22,07;0;0;0;0;0;No;Normal;Senior;Normal;Normal
55;Female;83;117;76;96,8;170;52;17,99;0;0;0;0;0;No;Underweight;Senior;Normal;Normal
32;Male;78;121;76;58,2;165;51;18,73;0;0;0;0;0;No;Normal;Middle;Normal;Normal
30;Male;67;126;66;64,9;168;58;20,55;0;0;0;0;0;No;Normal;Young;Normal;Normal
45;Male;73;110;67;80,1;168;55;19,49;0;0;0;0;0;No;Normal;Middle;Normal;Normal
45;Female;85;130;88;64;157;57,6;23,37;0;0;0;0;0;No;Normal;Middle;Normal;Normal
50;Female;65;127;70;66,5;152;44,7;19,35;0;0;0;0;0;No;Normal;Senior;Normal;Normal
58;Female;64;173;81;53,5;155;40,8;16,98;0;0;0;0;0;No;Underweight;Senior;High;Normal
45;Female;98;147;88;81,5;155;67;27,89;0;0;0;0;0;No;Overweight;Middle;High;Normal
40;Female;73;134;81;64,8;155;45;18,73;0;0;0;0;0;No;Normal;Middle;Normal;Normal
35;Female;61;112;62;98,4;157;51;20,69;0;0;0;0;0;No;Normal;Middle;Normal;Normal
35;Female;95;104;80;58,1;157;43,5;17,65;0;0;0;0;0;No;Underweight;Middle;Normal;Normal
30;Female;85;112;66;66,7;155;49,2;20,48;0;0;0;0;0;No;Normal;Young;Normal;Normal
70;Male;79;124;75;79,7;150;42;18,67;0;0;0;0;0;No;Normal;Elderly;Normal;Normal
52;Male;62;151;90;64,4;160;70;27,34;0;0;0;0;0;No;Overweight;Senior;High;Normal
45;Female;74;128;89;77,4;152;59;25,54;0;0;0;0;0;No;Overweight;Middle;Normal;Normal
58;Female;86;176;93;57,1;152;47,7;20,65;0;0;0;0;0;No;Normal;Senior;High;Normal
52;Female;75;146;92;100,1;152;65,5;28,35;0;0;0;0;0;No;Overweight;Senior;High;Prediabetes
35;Female;108;111;78;75,4;152;57,3;24,8;0;0;0;0;0;No;Normal;Middle;Normal;Normal
53;Female;75;120;73;77,6;152;45,2;19,56;0;0;0;0;0;No;Normal;Senior;Normal;Normal
65;Female;77;127;71;51,6;152;40;17,31;0;0;0;0;0;No;Underweight;Elderly;Normal;Normal
55;Female;81;99;64;65,5;147;40,8;18,88;0;0;0;0;0;No;Normal;Senior;Normal;Normal
60;Female;89;158;70;72,5;152;45,3;19,61;0;0;0;0;0;No;Normal;Senior;High;Normal
35;Female;78;117;74;67,2;152;51,3;22,2;0;0;0;0;0;No;Normal;Middle;Normal;Normal
30;Female;97;105;68;138,8;147;47,8;22,12;0;0;0;0;0;No;Normal;Young;Normal;Diabetes
40;Female;69;129;73;81,9;147;39,8;18,42;0;0;0;0;0;No;Underweight;Middle;Normal;Normal
30;Female;75;114;55;69,8;155;56;23,31;1;0;1;0;0;No;Normal;Young;Normal;Normal
35;Female;81;144;92;65,3;152;52;22,51;0;0;0;0;0;No;Normal;Middle;High;Normal
35;Female;70;130;93;78,2;157;58;23,53;0;0;0;0;0;No;Normal;Middle;High;Normal
38;Female;87;135;87;59,2;157;60;24,34;0;0;0;0;0;No;Normal;Middle;Normal;Normal
50;Female;68;139;82;78,1;152;45;19,48;0;0;0;0;0;No;Normal;Senior;Normal;Normal
30;Female;83;103;71;70,3;157;58;23,53;0;0;0;0;0;No;Normal;Young;Normal;Normal
70;Male;67;119;64;73,1;170;62;21,45;0;0;0;0;0;No;Normal;Elderly;Normal;Normal
65;Female;69;119;66;60;152;48;20,78;0;0;0;0;0;No;Normal;Elderly;Normal;Normal
45;Male;81;104;79;63,4;163;56,8;21,38;0;0;0;0;0;No;Normal;Middle;Normal;Normal
40;Female;95;123;82;79,1;152;49,9;21,6;0;0;0;0;0;No;Normal;Middle;Normal;Normal
38;Female;80;100;80;70,3;150;53,6;23,82;0;0;0;0;0;No;Normal;Middle;Normal;Normal
58;Female;84;130;83;75,1;152;44,3;19,17;0;0;0;0;0;No;Normal;Senior;Normal;Normal
40;Female;99;137;88;48,8;152;49,9;21,6;0;0;0;0;0;No;Normal;Middle;Normal;Normal
65;Female;97;120;76;55,7;142;39,8;19,74;0;0;0;0;0;No;Normal;Elderly;Normal;Normal
35;Male;74;130;88;45,4;160;55,5;21,68;0;0;0;0;0;No;Normal;Middle;Normal;Normal
60;Female;84;145;86;71,9;157;60,2;24,42;0;0;0;0;0;No;Normal;Senior;High;Normal
30;Female;100;130;78;55,6;152;63,5;27,48;0;0;0;0;0;No;Overweight;Young;Normal;Normal
35;Female;91;100;64;97,6;152;45;19,48;0;0;0;0;0;No;Normal;Middle;Normal;Normal
38;Female;70;139;84;78,1;145;63;29,96;0;0;0;0;0;No;Overweight;Middle;Normal;Normal
50;Female;63;126;105;69,2;152;58,2;25,19;0;0;0;0;0;No;Overweight;Senior;High;Normal
60;Female;64;123;77;66,4;145;46;21,88;0;0;0;0;0;No;Normal;Senior;Normal;Normal
60;Female;69;166;93;70,5;145;42;19,98;0;0;0;0;0;No;Normal;Senior;High;Normal
40;Female;75;146;91;90,7;145;56,7;26,97;0;0;0;0;0;No;Overweight;Middle;High;Normal
80;Female;65;172;93;77,7;157;65;26,37;0;0;0;0;0;No;Overweight;Elderly;High;Normal
30;Female;97;98;61;62,6;168;68;24,09;0;0;0;0;0;No;Normal;Young;Normal;Normal
35;Female;66;96;64;104,8;150;49;21,78;0;0;0;0;0;No;Normal;Middle;Normal;Prediabetes
35;Female;74;113;72;71,9;150;58;25,78;0;0;0;0;0;No;Overweight;Middle;Normal;Normal
28;Female;74;116;75;53,5;150;55;24,44;0;0;0;0;0;No;Normal;Young;Normal;Normal
52;Male;67;124;74;91,9;165;64,6;23,73;0;0;0;0;0;No;Normal;Senior;Normal;Normal
26;Female;90;111;69;72,6;160;55;21,48;0;0;0;0;0;No;Normal;Young;Normal;Normal
27;Female;87;122;78;75,5;152;67;29;0;0;0;0;0;No;Overweight;Young;Normal;Normal
40;Female;87;101;76;68,7;155;38,8;16,15;0;0;0;0;0;No;Underweight;Middle;Normal;Normal
34;Male;61;153;84;81,7;168;63,6;22,53;0;0;0;0;0;No;Normal;Middle;High;Normal
80;Male;68;151;108;70,7;165;57;20,94;0;0;0;0;0;No;Normal;Elderly;High;Normal
42;Male;59;143;91;104,8;168;52,2;18,49;0;1;0;0;0;No;Underweight;Middle;High;Prediabetes
37;Male;60;90;57;67,4;168;58,8;20,83;0;0;0;0;0;No;Normal;Middle;Normal;Normal
32;Female;79;133;75;73,6;157;75;30,43;0;0;0;0;0;No;Obese;Middle;Normal;Normal
30;Female;79;126;90;61,4;152;53,4;23,11;0;0;0;0;0;No;Normal;Young;High;Normal
30;Female;89;125;80;83,4;157;57;23,12;0;0;0;0;0;No;Normal;Young;Normal;Normal
70;Female;73;155;93;66,4;150;37;16,44;0;1;0;0;0;No;Underweight;Elderly;High;Normal
22;Female;88;102;57;56;155;43,1;17,94;0;0;0;0;0;No;Underweight;Young;Normal;Normal
35;Female;66;167;90;68,1;165;70;25,71;0;0;0;0;0;No;Overweight;Middle;High;Normal
30;Female;96;122;61;69,4;155;42;17,48;0;0;0;0;0;No;Underweight;Young;Normal;Normal
50;Female;58;141;85;128,8;155;37,2;15,48;0;0;0;0;0;No;Underweight;Senior;High;Diabetes
30;Female;106;130;84;67,5;157;69;27,99;0;0;0;0;0;No;Overweight;Young;Normal;Normal
58;Female;101;129;81;57,3;152;45,3;19,61;0;0;0;0;0;No;Normal;Senior;Normal;Normal
56;Female;78;146;90;50,2;155;54,1;22,52;0;0;0;0;0;Yes;Normal;Senior;High;Normal
40;Female;90;125;79;58,9;145;40,7;19,36;0;0;0;0;0;No;Normal;Middle;Normal;Normal
35;Female;74;124;85;81,3;160;66;25,78;0;0;0;0;0;No;Overweight;Middle;Normal;Normal
55;Female;75;122;63;75;152;36,5;15,8;0;0;0;0;0;No;Underweight;Senior;Normal;Normal
38;Male;66;129;77;66,3;157;55;22,31;0;0;0;0;0;No;Normal;Middle;Normal;Normal
60;Female;67;157;85;87,7;157;58;23,53;0;0;0;0;0;No;Normal;Senior;High;Normal
64;Female;70;129;76;61,5;160;57;22,27;0;0;0;0;0;No;Normal;Elderly;Normal;Normal
56;Male;100;118;89;75,1;165;69;25,34;0;0;0;0;0;No;Overweight;Senior;Normal;Normal
60;Female;104;132;83;80,5;150;33;14,67;0;0;0;0;0;No;Underweight;Senior;Normal;Normal
55;Female;80;102;75;98,9;150;43;19,11;0;0;0;0;0;No;Normal;Senior;Normal;Normal
25;Female;96;130;91;66,4;155;63;26,22;0;0;0;0;0;No;Overweight;Young;High;Normal
55;Female;74;107;68;63,7;152;45;19,48;0;0;0;0;0;No;Normal;Senior;Normal;Normal
40;Female;88;123;82;68,8;152;63;27,27;0;0;0;0;0;No;Overweight;Middle;Normal;Normal
53;Female;76;137;90;73,3;168;43;15,24;0;0;0;0;0;No;Underweight;Senior;High;Normal
37;Female;73;143;93;52,4;152;56,2;24,32;0;0;0;0;0;No;Normal;Middle;High;Normal
45;Female;60;104;64;57,6;152;42,3;18,31;0;0;0;0;0;No;Underweight;Middle;Normal;Normal
30;Female;76;130;69;78,9;155;51;21,23;0;0;0;0;0;No;Normal;Young;Normal;Normal
40;Female;91;131;98;122,9;157;45;18,26;0;0;0;0;0;No;Underweight;Middle;High;Prediabetes
25;Female;82;116;71;48,5;142;38;18,85;0;0;0;0;0;No;Normal;Young;Normal;Normal
37;Female;95;111;75;67,9;147;39,1;18,09;0;0;0;0;0;No;Underweight;Middle;Normal;Normal
35;Female;83;123;71;50,8;157;56;22,72;0;0;0;0;0;No;Normal;Middle;Normal;Normal
35;Female;93;128;92;61,3;157;50;20,28;0;0;0;0;0;No;Normal;Middle;High;Normal
40;Female;78;164;105;70,7;155;57;23,73;0;0;0;0;0;No;Normal;Middle;High;Normal
40;Female;86;129;86;85,6;152;47,8;20,69;0;0;0;0;0;No;Normal;Middle;Normal;Normal
55;Female;78;112;68;76,6;157;56;22,72;0;0;0;0;0;No;Normal;Senior;Normal;Normal
40;Female;73;124;78;60,1;155;49;20,4;0;0;0;0;0;No;Normal;Middle;Normal;Normal
70;Female;75;118;69;65,1;152;40;17,31;0;0;0;0;0;No;Underweight;Elderly;Normal;Normal
41;Female;72;131;84;73,9;155;54,7;22,77;0;0;0;0;0;No;Normal;Middle;Normal;Normal
52;Female;88;106;73;53,2;178;71,4;22,54;0;0;0;0;0;No;Normal;Senior;Normal;Normal
70;Male;86;151;94;91,1;152;37;16,01;0;0;0;0;0;No;Underweight;Elderly;High;Normal
42;Female;73;118;74;66,9;155;62,4;25,97;0;0;0;0;0;No;Overweight;Middle;Normal;Normal
60;Female;74;129;59;60,4;147;34,8;16,1;0;0;0;0;0;No;Underweight;Senior;Normal;Normal
35;Female;100;128;77;58,1;152;59,8;25,88;0;0;0;0;0;No;Overweight;Middle;Normal;Normal
45;Female;65;149;103;83,4;147;45,8;21,19;0;0;0;0;0;No;Normal;Middle;High;Normal
35;Female;65;86;50;86,6;152;56,2;24,32;0;0;0;0;0;No;Normal;Middle;Normal;Normal
35;Female;84;147;87;93,9;152;65,8;28,48;0;0;0;0;0;No;Overweight;Middle;High;Normal
38;Female;95;120;79;65,6;142;42,2;20,93;0;0;0;0;0;No;Normal;Middle;Normal;Normal
45;Female;80;189;111;149,9;145;78,6;37,38;0;0;0;0;0;No;Obese;Middle;High;Diabetes
30;Male;57;122;70;84,5;168;50;17,72;0;0;0;0;0;No;Underweight;Young;Normal;Normal
56;Male;74;128;78;102,4;155;40;16,65;0;0;0;0;0;No;Underweight;Senior;Normal;Prediabetes
31;Female;92;127;86;51;157;61;24,75;0;0;0;0;0;No;Normal;Middle;Normal;Normal
35;Female;79;89;56;95,5;145;46,2;21,97;0;0;0;0;0;No;Normal;Middle;Normal;Normal
33;Female;94;106;74;57,3;157;59;23,94;0;0;0;0;0;No;Normal;Middle;Normal;Normal
67;Female;76;155;69;55,6;155;45;18,73;0;0;0;0;0;No;Normal;Elderly;High;Normal
40;Female;85;113;67;90,5;155;47;19,56;0;0;0;0;0;No;Normal;Middle;Normal;Normal
31;Female;91;105;78;59,8;152;50;21,64;0;0;0;0;0;No;Normal;Middle;Normal;Normal
40;Female;69;179;118;58,2;155;44,6;18,56;0;0;0;0;0;No;Normal;Middle;High;Normal
35;Female;83;114;81;72,5;152;43;18,61;0;0;0;0;0;No;Normal;Middle;Normal;Normal
70;Female;70;155;89;92,6;142;35,4;17,56;0;0;0;0;0;No;Underweight;Elderly;High;Normal
30;Female;71;130;86;57,9;152;58;25,1;0;0;0;0;0;No;Overweight;Young;Normal;Normal
31;Female;97;122;87;50,3;145;43;20,45;0;0;0;0;0;No;Normal;Middle;Normal;Normal
40;Female;72;144;111;67,5;152;46,7;20,21;0;1;0;0;0;No;Normal;Middle;High;Normal
45;Female;77;116;84;63,5;152;39,5;17,1;0;0;0;0;0;No;Underweight;Middle;Normal;Normal
45;Female;89;138;101;80,1;147;47;21,75;0;0;0;0;0;No;Normal;Middle;High;Normal
50;Female;81;123;75;64,9;147;38,1;17,63;0;0;0;0;0;No;Underweight;Senior;Normal;Normal
70;Female;89;188;65;108,3;147;40,7;18,83;0;0;0;0;0;No;Normal;Elderly;High;Prediabetes
35;Female;77;111;72;63,4;152;51,2;22,16;0;0;0;0;0;No;Normal;Middle;Normal;Normal
31;Female;62;123;73;51,7;160;56,8;22,19;0;0;0;0;0;No;Normal;Middle;Normal;Normal
45;Female;77;116;64;58,4;155;66,1;27,51;0;0;0;0;0;No;Overweight;Middle;Normal;Normal
52;Female;79;175;78;80,8;150;61;27,11;0;0;0;0;0;No;Overweight;Senior;High;Normal
45;Female;87;115;93;56,6;152;62;26,84;0;0;0;0;0;No;Overweight;Middle;High;Normal
40;Female;88;129;82;70,3;157;50;20,28;0;0;0;0;0;No;Normal;Middle;Normal;Normal
43;Female;76;129;84;74,4;155;53;22,06;0;0;0;0;0;No;Normal;Middle;Normal;Normal
35;Female;76;119;73;58,9;155;60;24,97;0;0;0;0;0;No;Normal;Middle;Normal;Normal
33;Male;72;102;71;44,3;157;39;15,82;0;0;0;0;0;No;Underweight;Middle;Normal;Normal
55;Female;104;151;109;87,8;150;60,9;27,07;0;0;0;0;0;No;Overweight;Senior;High;Normal
40;Male;84;113;67;92,8;170;70,8;24,5;0;0;0;0;0;No;Normal;Middle;Normal;Normal
30;Female;79;124;90;95,8;152;75,8;32,81;0;0;0;0;0;No;Obese;Young;High;Normal
40;Female;74;125;87;170,2;155;56,7;23,6;0;0;0;0;0;No;Normal;Middle;Normal;Diabetes
30;Female;90;99;71;55;147;38,2;17,68;0;0;0;0;0;No;Underweight;Young;Normal;Normal
52;Male;54;170;104;65,1;168;61,3;21,72;0;0;0;0;0;No;Normal;Senior;High;Normal
45;Female;76;155;87;81,9;157;38,5;15,62;0;0;0;0;0;No;Underweight;Middle;High;Normal
36;Female;73;122;78;68,2;157;68;27,59;0;0;0;0;0;No;Overweight;Middle;Normal;Normal
30;Female;86;111;76;48,7;157;45,2;18,34;0;0;0;0;0;No;Underweight;Young;Normal;Normal
40;Female;91;133;89;78,6;152;43,9;19;0;0;0;0;0;No;Normal;Middle;Normal;Normal
40;Female;70;143;76;72,6;155;40,5;16,86;0;0;0;0;0;No;Underweight;Middle;High;Normal
33;Female;80;113;70;50,1;155;44,5;18,52;0;0;0;0;0;No;Normal;Middle;Normal;Normal
35;Female;64;169;93;102,8;150;61;27,11;0;1;0;0;0;No;Overweight;Middle;High;Prediabetes
53;Female;90;117;84;107,4;147;59;27,3;0;0;0;0;0;Yes;Overweight;Senior;Normal;Prediabetes
35;Female;79;138;73;159,9;155;59,6;24,81;0;0;0;0;0;No;Normal;Middle;Normal;Diabetes
65;Female;64;175;84;68,7;145;44;20,93;0;0;0;0;0;No;Normal;Elderly;High;Normal
70;Female;90;140;88;50,2;147;39,7;18,37;0;0;0;0;0;No;Underweight;Elderly;High;Normal
32;Male;72;129;82;62;168;58,1;20,59;1;0;1;0;0;No;Normal;Middle;Normal;Normal
40;Female;83;116;73;84;150;57,8;25,69;0;0;0;0;0;No;Overweight;Middle;Normal;Normal
35;Female;87;106;73;67,4;155;53,2;22,14;0;0;0;0;0;No;Normal;Middle;Normal;Normal
35;Female;87;128;83;52,2;147;45,6;21,1;0;0;0;0;0;No;Normal;Middle;Normal;Normal
45;Female;88;122;72;63,6;147;41,2;19,07;0;0;0;0;0;No;Normal;Middle;Normal;Normal
45;Female;100;195;113;63,9;152;45;19,48;0;0;0;0;0;No;Normal;Middle;High;Normal
35;Female;93;129;85;71,9;152;41,2;17,83;0;0;0;0;0;No;Underweight;Middle;Normal;Normal
40;Female;75;111;70;79,5;152;53,6;23,2;0;0;0;0;0;No;Normal;Middle;Normal;Normal
35;Female;81;135;87;110,5;155;59,9;24,93;0;0;0;0;0;No;Normal;Middle;Normal;Prediabetes
55;Female;94;134;79;75,8;147;42;19,44;0;0;0;0;0;No;Normal;Senior;Normal;Normal
70;Male;71;141;90;65,8;160;56,1;21,91;0;1;0;0;0;Yes;Normal;Elderly;High;Normal
55;Male;79;119;78;87,7;173;45;15,04;0;0;0;0;0;No;Underweight;Senior;Normal;Normal
60;Female;88;151;75;69,5;152;45;19,48;0;0;0;0;0;No;Normal;Senior;High;Normal
53;Male;75;192;109;66,2;173;58;19,38;0;0;0;0;0;No;Normal;Senior;High;Normal
60;Female;68;152;79;70,4;152;45;19,48;0;0;0;0;0;No;Normal;Senior;High;Normal
33;Male;74;136;91;71,6;165;50;18,37;0;0;0;0;0;No;Underweight;Middle;High;Normal
50;Female;71;115;70;73,7;157;54;21,91;0;0;0;0;0;No;Normal;Senior;Normal;Normal
21;Female;85;137;93;56,2;152;48;20,78;0;0;0;0;0;No;Normal;Young;High;Normal
65;Male;64;141;71;61,7;163;56,8;21,38;0;1;0;0;0;No;Normal;Elderly;High;Normal
50;Female;74;129;80;72,5;157;45;18,26;0;0;0;0;0;No;Underweight;Senior;Normal;Normal
48;Female;84;122;89;74,1;157;55;22,31;0;0;0;0;0;No;Normal;Senior;Normal;Normal
42;Female;71;97;64;69,4;152;45;19,48;0;0;0;0;0;No;Normal;Middle;Normal;Normal
70;Female;72;115;77;63,9;150;49;21,78;0;0;0;0;0;No;Normal;Elderly;Normal;Normal
69;Female;71;124;66;73,9;152;51;22,07;0;0;0;0;0;No;Normal;Elderly;Normal;Normal
75;Female;50;190;93;70,1;155;45;18,73;0;0;0;0;0;No;Normal;Elderly;High;Normal
45;Male;69;132;77;90,3;157;53,7;21,79;0;0;0;0;0;No;Normal;Middle;Normal;Normal
50;Female;66;138;96;111,3;173;75,2;25,13;0;0;0;0;0;Yes;Overweight;Senior;High;Prediabetes
50;Female;60;163;100;71,1;155;49,4;20,56;0;0;0;0;0;No;Normal;Senior;High;Normal
35;Female;83;143;85;70,1;152;52;22,51;0;0;0;0;0;No;Normal;Middle;High;Normal
30;Female;72;123;88;61,9;152;42;18,18;0;0;0;0;0;No;Underweight;Young;Normal;Normal
55;Female;93;145;94;59,4;152;53;22,94;0;0;0;0;0;No;Normal;Senior;High;Normal
32;Female;83;119;74;47,6;145;63;29,96;0;0;0;0;0;No;Overweight;Middle;Normal;Normal
70;Male;73;135;87;65,6;165;59;21,67;0;0;0;0;0;No;Normal;Elderly;Normal;Normal
26;Female;94;126;64;71,2;157;56;22,72;0;0;0;0;0;No;Normal;Young;Normal;Normal
45;Female;95;151;87;192,2;152;50;21,64;0;0;0;0;0;No;Normal;Middle;High;Diabetes
60;Female;74;162;104;75,6;160;50;19,53;0;0;0;0;0;No;Normal;Senior;High;Normal
50;Female;65;155;92;52,3;152;49,2;21,3;0;0;0;0;0;No;Normal;Senior;High;Normal
40;Female;90;122;86;53,4;152;52;22,51;0;0;0;0;0;No;Normal;Middle;Normal;Normal
32;Male;74;130;98;75,3;168;64,3;22,78;0;0;0;0;0;No;Normal;Middle;High;Normal
60;Male;75;147;85;59,9;160;74,2;28,98;0;0;0;0;0;No;Overweight;Senior;High;Normal
45;Female;85;152;105;76,9;152;59,8;25,88;0;0;0;0;0;No;Overweight;Middle;High;Normal
50;Female;59;174;96;58,8;152;68,1;29,48;0;1;0;0;0;No;Overweight;Senior;High;Normal
24;Male;78;109;63;47,7;155;55;22,89;1;0;1;0;0;No;Normal;Young;Normal;Normal
42;Female;76;128;78;53;152;50,9;22,03;0;0;0;0;0;No;Normal;Middle;Normal;Normal
78;Female;80;113;76;87,3;145;49,7;23,64;0;0;0;0;0;No;Normal;Elderly;Normal;Normal
49;Female;70;158;91;54,8;157;55;22,31;0;1;0;0;0;No;Normal;Senior;High;Normal
60;Female;61;192;91;70,7;140;52,8;26,94;0;1;0;1;0;No;Overweight;Senior;High;Normal
35;Female;91;136;91;71,5;152;56;24,24;0;0;0;0;0;No;Normal;Middle;High;Normal
70;Male;71;168;86;86,8;168;68;24,09;0;0;0;0;0;No;Normal;Elderly;High;Normal
55;Female;101;124;88;45,7;152;52;22,51;0;0;0;0;0;No;Normal;Senior;Normal;Normal
30;Female;81;133;89;102,6;152;52;22,51;0;0;0;0;0;No;Normal;Young;Normal;Prediabetes
40;Female;75;99;64;65,8;152;52;22,51;0;0;0;0;0;No;Normal;Middle;Normal;Normal
56;Female;87;130;83;78,1;155;65;27,06;0;0;0;0;0;No;Overweight;Senior;Normal;Normal
30;Female;93;96;65;65,7;152;56;24,24;0;0;0;0;0;No;Normal;Young;Normal;Normal
50;Male;68;141;106;75,1;165;63,8;23,43;0;0;0;0;0;No;Normal;Senior;High;Normal
45;Female;103;156;108;173,7;152;56;24,24;0;1;0;0;0;Yes;Normal;Middle;High;Diabetes
60;Female;94;152;98;74,6;152;38;16,45;0;0;0;0;0;No;Underweight;Senior;High;Normal
49;Female;98;118;71;63,6;152;56;24,24;0;0;0;0;0;No;Normal;Senior;Normal;Normal
72;Male;56;135;75;60,9;173;82,2;27,47;0;0;0;0;0;No;Overweight;Elderly;Normal;Normal
70;Male;81;168;102;93,1;160;54,7;21,37;0;1;0;1;1;No;Normal;Elderly;High;Normal
58;Male;73;132;90;68;152;56;24,24;0;0;0;0;0;No;Normal;Senior;High;Normal
55;Female;72;133;71;99;147;40;18,51;0;0;0;0;0;No;Normal;Senior;Normal;Normal
45;Female;87;182;100;65,5;145;45;21,4;0;0;0;0;0;No;Normal;Middle;High;Normal
56;Female;91;135;85;58,8;152;51;22,07;0;0;0;0;0;No;Normal;Senior;Normal;Normal
30;Female;84;100;71;63,4;155;47;19,56;0;0;0;0;0;No;Normal;Young;Normal;Normal
40;Female;93;118;71;50,7;142;37;18,35;0;0;0;0;0;No;Underweight;Middle;Normal;Normal
28;Female;79;107;70;70,8;150;48;21,33;0;0;0;0;0;No;Normal;Young;Normal;Normal
51;Male;69;187;104;71,8;163;74,4;28;0;0;0;0;0;Yes;Overweight;Senior;High;Normal
63;Male;52;157;87;44,3;168;70;24,8;0;1;0;0;0;No;Normal;Elderly;High;Normal
45;Female;99;127;84;99,5;152;56;24,24;0;0;0;0;0;No;Normal;Middle;Normal;Normal
70;Male;89;188;86;79,2;152;68;29,43;0;0;0;0;0;No;Overweight;Elderly;High;Normal
60;Female;78;157;83;78;152;41;17,75;0;0;0;0;0;No;Underweight;Senior;High;Normal
35;Female;88;102;67;76,2;152;57;24,67;0;0;0;0;0;No;Normal;Middle;Normal;Normal
60;Female;79;111;63;87,6;155;45;18,73;0;0;0;0;0;No;Normal;Senior;Normal;Normal
55;Female;83;168;95;66;152;69;29,86;0;0;0;0;0;No;Overweight;Senior;High;Normal
35;Male;80;135;96;126;155;63,7;26,51;0;0;0;0;0;No;Overweight;Middle;High;Diabetes
30;Female;65;171;83;66,7;150;45;20;0;0;0;0;0;No;Normal;Young;High;Normal
30;Female;68;142;77;69,1;150;49;21,78;0;0;0;0;0;No;Normal;Young;High;Normal
30;Female;86;117;74;63,5;152;67;29;0;0;0;0;0;No;Overweight;Young;Normal;Normal
24;Female;92;102;66;78,3;152;57;24,67;0;0;0;0;0;No;Normal;Young;Normal;Normal
35;Female;91;111;79;57,4;152;53;22,94;0;0;0;0;0;No;Normal;Middle;Normal;Normal
30;Female;97;116;72;105,8;150;67;29,78;0;0;0;0;0;No;Overweight;Young;Normal;Prediabetes
50;Female;79;105;72;124,8;145;52,4;24,92;0;0;0;0;0;No;Normal;Senior;Normal;Prediabetes
55;Female;92;118;73;90,5;145;35;16,65;0;0;0;0;0;No;Underweight;Senior;Normal;Normal
30;Female;95;131;81;148,6;142;61;30,25;0;0;0;0;0;No;Obese;Young;Normal;Diabetes
50;Female;78;130;72;65,9;142;47;23,31;0;0;0;0;0;No;Normal;Senior;Normal;Normal
60;Female;76;139;91;51,9;152;47;20,34;0;0;0;0;0;No;Normal;Senior;High;Normal
33;Female;94;146;88;57,7;152;49;21,21;0;0;0;0;0;No;Normal;Middle;High;Normal
45;Female;98;113;77;67,2;152;51;22,07;0;0;0;0;0;No;Normal;Middle;Normal;Normal
50;Female;66;130;77;83,3;142;41,2;20,43;0;0;0;0;0;No;Normal;Senior;Normal;Normal
35;Female;79;106;82;64,1;150;56;24,89;0;0;0;0;0;No;Normal;Middle;Normal;Normal
58;Female;77;130;58;59,9;155;35;14,57;0;0;0;0;0;No;Underweight;Senior;Normal;Normal
25;Male;91;136;75;60;165;51;18,73;1;0;1;0;0;No;Normal;Young;Normal;Normal
45;Female;81;122;65;130;155;50;20,81;0;0;0;0;0;Yes;Normal;Middle;Normal;Diabetes
63;Female;78;165;94;51,6;147;41;18,97;0;0;0;0;0;No;Normal;Elderly;High;Normal
30;Female;78;105;72;98,2;152;98,5;42,63;0;0;0;0;0;No;Obese;Young;Normal;Normal
35;Female;85;132;88;120,3;152;58,1;25,15;0;0;0;0;0;No;Overweight;Middle;Normal;Prediabetes
40;Female;85;100;70;96,1;155;44,3;18,44;0;0;0;0;0;No;Underweight;Middle;Normal;Normal
30;Female;77;115;94;56,9;147;56;25,92;0;0;0;0;0;No;Overweight;Young;High;Normal
30;Female;86;116;71;80,2;152;40,7;17,62;0;0;0;0;0;No;Underweight;Young;Normal;Normal
30;Female;68;130;83;58,8;157;72;29,21;0;0;0;0;0;No;Overweight;Young;Normal;Normal
50;Female;101;113;80;59,6;152;35,5;15,37;0;0;0;0;0;No;Underweight;Senior;Normal;Normal
40;Female;73;131;77;76,3;155;48;19,98;0;0;0;0;0;No;Normal;Middle;Normal;Normal
50;Female;87;102;73;79,9;152;38,2;16,53;0;0;0;0;0;No;Underweight;Senior;Normal;Normal
72;Male;64;123;79;76,1;152;51,8;22,42;0;0;0;0;0;No;Normal;Elderly;Normal;Normal
40;Female;91;130;84;122;152;42,1;18,22;0;0;0;0;0;No;Underweight;Middle;Normal;Prediabetes
41;Male;82;129;89;61,5;157;63;25,56;0;0;0;0;0;No;Overweight;Middle;Normal;Normal
65;Female;73;162;92;100,5;152;52,9;22,9;0;1;0;0;0;No;Normal;Elderly;High;Prediabetes
30;Female;78;125;75;74,7;152;50;21,64;0;0;0;0;0;No;Normal;Young;Normal;Normal
35;Female;75;129;81;72,8;160;56;21,87;0;0;0;0;0;No;Normal;Middle;Normal;Normal
40;Female;84;121;73;70,8;152;45,9;19,87;0;0;0;0;0;No;Normal;Middle;Normal;Normal
30;Female;89;119;76;68,8;150;45;20;0;0;0;0;0;No;Normal;Young;Normal;Normal
35;Female;77;162;88;75,3;155;55;22,89;0;0;0;0;0;No;Normal;Middle;High;Normal
44;Male;58;153;94;62,2;163;60,7;22,85;0;0;0;0;0;No;Normal;Middle;High;Normal
32;Female;97;138;94;74,4;155;52,1;21,69;0;0;0;0;0;No;Normal;Middle;High;Normal
45;Female;73;174;110;69,2;142;33,5;16,61;0;1;0;0;0;No;Underweight;Middle;High;Normal
65;Female;88;176;102;66,7;142;35,7;17,7;0;0;0;0;0;No;Underweight;Elderly;High;Normal
31;Female;67;125;71;72,4;155;42,3;17,61;0;0;0;0;0;No;Underweight;Middle;Normal;Normal
30;Female;75;192;112;76,2;150;45;20;0;0;0;0;0;No;Normal;Young;High;Normal
45;Female;74;174;92;86,3;155;50,2;20,89;0;0;0;0;0;No;Normal;Middle;High;Normal
55;Female;80;131;79;68,4;157;44;17,85;0;0;0;0;0;No;Underweight;Senior;Normal;Normal
35;Female;73;151;109;70,4;157;40,6;16,47;0;0;0;0;0;No;Underweight;Middle;High;Normal
50;Female;85;136;98;86,8;150;53;23,56;0;0;0;0;0;No;Normal;Senior;High;Normal
32;Female;84;113;78;60,6;150;46,2;20,53;0;0;0;0;0;No;Normal;Middle;Normal;Normal
33;Female;76;130;85;136,5;152;45;19,48;0;0;0;0;0;No;Normal;Middle;Normal;Diabetes
40;Female;80;149;93;71;155;53;22,06;0;1;0;0;0;No;Normal;Middle;High;Normal
35;Male;75;167;95;75,9;155;59,1;24,6;0;0;0;0;0;No;Normal;Middle;High;Normal
42;Male;80;120;77;92,7;168;59,7;21,15;0;0;0;0;0;No;Normal;Middle;Normal;Normal
46;Male;74;114;71;67,1;157;65;26,37;0;0;0;0;0;No;Overweight;Senior;Normal;Normal
70;Male;71;122;73;79;142;50;24,8;0;0;0;0;0;No;Normal;Elderly;Normal;Normal
40;Female;69;127;75;60,2;152;44;19,04;0;0;0;0;0;No;Normal;Middle;Normal;Normal
49;Female;81;103;81;57,7;150;40;17,78;0;0;0;0;0;No;Underweight;Senior;Normal;Normal
75;Female;74;155;81;84,7;152;40,2;17,4;0;0;0;0;0;No;Underweight;Elderly;High;Normal
35;Female;85;138;88;79,6;157;69;27,99;0;0;0;0;0;No;Overweight;Middle;Normal;Normal
75;Female;57;99;62;74,8;165;50,7;18,62;0;0;0;0;0;No;Normal;Elderly;Normal;Normal
30;Female;71;127;78;77,6;142;45,5;22,56;0;0;0;0;0;No;Normal;Young;Normal;Normal
40;Female;85;134;70;79,2;157;50,6;20,53;0;0;0;0;0;No;Normal;Middle;Normal;Normal
58;Female;78;146;86;78,1;150;45,3;20,13;0;0;0;0;0;No;Normal;Senior;High;Normal
57;Female;78;124;77;53,8;155;47,2;19,65;0;0;0;0;0;No;Normal;Senior;Normal;Normal
52;Female;80;181;103;58,5;155;60,5;25,18;0;0;0;0;0;No;Overweight;Senior;High;Normal
41;Female;72;133;79;53,8;147;47,8;22,12;0;0;0;0;0;No;Normal;Middle;Normal;Normal
44;Male;66;157;98;195,4;145;55;26,16;0;0;0;0;0;No;Overweight;Middle;High;Diabetes
35;Male;63;121;80;60,6;160;60,2;23,52;0;0;0;0;0;No;Normal;Middle;Normal;Normal
30;Female;72;113;73;56,1;152;41;17,75;0;0;0;0;0;No;Underweight;Young;Normal;Normal
32;Female;77;100;61;68,5;152;41;17,75;0;0;0;0;0;No;Underweight;Middle;Normal;Normal
30;Female;72;91;61;60,8;145;38;18,07;0;0;0;0;0;No;Underweight;Young;Normal;Normal
50;Female;90;97;65;89,6;155;45,7;19,02;0;0;0;0;0;No;Normal;Senior;Normal;Normal
76;Male;63;126;73;116;145;42,8;20,36;0;1;0;0;0;No;Normal;Elderly;Normal;Prediabetes
60;Female;71;143;66;94,9;142;48;23,8;0;0;0;0;0;No;Normal;Senior;High;Normal
55;Male;57;130;65;52,9;165;55;20,2;0;0;0;0;0;No;Normal;Senior;Normal;Normal
60;Male;62;114;62;86,1;168;60,8;21,54;0;0;0;0;0;No;Normal;Senior;Normal;Normal
59;Male;65;122;71;82,8;168;67,1;23,77;0;0;0;0;0;No;Normal;Senior;Normal;Normal
35;Female;87;144;92;59,6;152;62;26,84;0;0;0;0;0;No;Overweight;Middle;High;Normal
48;Female;84;116;84;62,6;152;50,4;21,81;0;0;0;0;0;No;Normal;Senior;Normal;Normal
40;Female;75;172;89;71,9;152;49,5;21,42;0;0;0;0;0;No;Normal;Middle;High;Normal
35;Female;74;138;91;75,8;150;42;18,67;0;0;0;0;0;No;Normal;Middle;High;Normal
35;Female;71;127;80;77,1;150;40;17,78;0;0;0;0;0;No;Underweight;Middle;Normal;Normal
27;Female;77;134;81;55,7;147;52;24,06;0;0;0;0;0;No;Normal;Young;Normal;Normal
42;Male;76;165;84;96;165;55,2;20,28;0;0;0;0;0;No;Normal;Middle;High;Normal
60;Male;52;169;92;75,3;163;65;24,46;0;1;0;0;0;Yes;Normal;Senior;High;Normal
56;Female;61;182;109;342;142;45,2;22,42;0;0;0;0;0;Yes;Normal;Senior;High;Diabetes
38;Female;85;102;68;91,3;150;56;24,89;1;0;1;0;0;No;Normal;Middle;Normal;Normal
70;Female;85;131;77;98,9;145;92,1;43,8;0;0;0;0;0;No;Obese;Elderly;Normal;Normal
40;Female;80;133;81;107,5;152;60;25,97;0;0;0;0;0;No;Overweight;Middle;Normal;Prediabetes
40;Female;104;100;68;74,6;157;70,2;28,48;0;0;0;0;0;No;Overweight;Middle;Normal;Normal
50;Female;66;111;73;74,1;145;57,6;27,4;0;0;0;0;0;No;Overweight;Senior;Normal;Normal
50;Female;78;155;78;94,5;145;56,8;27,02;0;0;0;0;0;No;Overweight;Senior;High;Normal
69;Female;64;132;66;69,7;145;57,1;27,16;0;0;0;0;0;No;Overweight;Elderly;Normal;Normal
38;Female;90;125;76;75,4;155;60;24,97;0;0;0;0;0;No;Normal;Middle;Normal;Normal
24;Male;73;142;98;217,5;163;67;25,22;1;0;1;0;0;No;Overweight;Young;High;Diabetes
29;Female;71;118;76;112,1;157;56,9;23,08;0;0;0;0;0;No;Normal;Young;Normal;Prediabetes
41;Female;73;120;89;60,1;145;46,2;21,97;0;0;0;0;0;No;Normal;Middle;Normal;Normal
38;Male;83;113;68;65,2;163;60,5;22,77;0;0;0;0;0;No;Normal;Middle;Normal;Normal
67;Male;79;161;81;175,2;160;50,8;19,84;0;0;0;0;0;No;Normal;Elderly;High;Diabetes
50;Female;86;133;79;54,8;152;50,3;21,77;0;0;0;0;0;No;Normal;Senior;Normal;Normal
40;Female;105;129;89;88,1;152;50,2;21,73;0;0;0;0;0;No;Normal;Middle;Normal;Normal
59;Female;80;188;101;56,9;157;60,5;24,54;0;0;0;0;0;No;Normal;Senior;High;Normal
45;Female;77;127;74;47,6;157;45,3;18,38;0;0;0;0;0;No;Underweight;Middle;Normal;Normal
45;Female;70;115;61;65;152;35,6;15,41;0;0;0;0;0;No;Underweight;Middle;Normal;Normal
22;Female;88;106;63;66,7;152;47,3;20,47;0;0;0;0;0;No;Normal;Young;Normal;Normal
70;Female;55;130;80;209,5;152;60;25,97;0;0;0;0;0;No;Overweight;Elderly;Normal;Diabetes
35;Female;83;145;78;90,6;145;53,4;25,4;0;0;0;0;0;No;Overweight;Middle;High;Normal
45;Female;93;103;68;81,8;145;39;18,55;1;0;1;0;0;No;Normal;Middle;Normal;Normal
30;Female;71;118;68;50,6;145;42;19,98;0;0;0;0;0;No;Normal;Young;Normal;Normal
35;Female;112;132;84;92,9;155;36,8;15,32;0;0;0;0;0;No;Underweight;Middle;Normal;Normal
40;Female;78;172;112;58;152;70,9;30,69;0;0;0;0;0;No;Obese;Middle;High;Normal
70;Female;65;153;93;63;145;53;25,21;0;0;0;0;0;No;Overweight;Elderly;High;Normal
40;Female;79;134;90;60,1;155;57,8;24,06;0;0;0;0;0;No;Normal;Middle;High;Normal
65;Female;90;170;95;227,9;150;43;19,11;0;0;0;0;0;No;Normal;Elderly;High;Diabetes
50;Female;87;114;78;67,5;152;45;19,48;0;0;0;0;0;No;Normal;Senior;Normal;Normal
30;Female;88;119;76;62,7;152;55,3;23,94;0;0;0;0;0;No;Normal;Young;Normal;Normal
40;Female;90;118;75;54;152;40,2;17,4;0;0;0;0;0;No;Underweight;Middle;Normal;Normal
55;Female;80;140;74;60,3;147;34,9;16,15;0;0;0;0;0;No;Underweight;Senior;High;Normal
35;Female;73;126;86;61,6;152;47,8;20,69;0;0;0;0;0;No;Normal;Middle;Normal;Normal
50;Female;71;133;82;68,1;152;35,4;15,32;0;0;0;0;0;No;Underweight;Senior;Normal;Normal
60;Male;77;135;88;62;163;51;19,2;0;0;0;0;0;No;Normal;Senior;Normal;Normal
49;Male;95;117;76;97,6;157;62,4;25,32;0;0;0;0;0;No;Overweight;Senior;Normal;Normal
54;Male;81;144;91;64,6;163;54,1;20,36;0;1;0;0;0;No;Normal;Senior;High;Normal
57;Male;62;132;85;65,8;168;54,3;19,24;0;0;0;0;0;No;Normal;Senior;Normal;Normal
66;Female;89;114;57;60,6;152;32;13,85;0;0;0;0;0;No;Underweight;Elderly;Normal;Normal
65;Female;81;174;89;63,6;152;37,3;16,14;0;0;0;0;0;No;Underweight;Elderly;High;Normal
62;Male;60;154;91;91,1;152;56;24,24;0;1;0;0;0;No;Normal;Elderly;High;Normal
28;Male;66;98;59;59,7;157;56;22,72;0;0;0;0;0;No;Normal;Young;Normal;Normal
45;Male;108;129;91;73,4;155;66,8;27,8;0;0;0;0;0;No;Overweight;Middle;High;Normal
77;Female;75;169;83;70,3;150;37,9;16,84;0;0;0;0;0;No;Underweight;Elderly;High;Normal
50;Male;93;128;76;55,2;170;58,1;20,1;0;0;0;0;0;No;Normal;Senior;Normal;Normal
40;Female;87;110;79;313;163;52;19,57;0;0;0;0;0;No;Normal;Middle;Normal;Diabetes
73;Male;90;135;89;73,3;152;50,7;21,94;0;0;0;0;0;No;Normal;Elderly;Normal;Normal
40;Male;61;122;83;74,9;173;69;23,05;0;0;0;0;0;No;Normal;Middle;Normal;Normal
30;Female;74;139;86;63,7;157;67;27,18;0;0;0;0;0;No;Overweight;Young;Normal;Normal
30;Female;84;114;72;61,7;150;49,2;21,87;0;0;0;0;0;No;Normal;Young;Normal;Normal
50;Female;70;120;73;75,8;150;39;17,33;0;0;0;0;0;No;Underweight;Senior;Normal;Normal
40;Female;88;145;94;60;157;49,5;20,08;0;0;0;0;0;No;Normal;Middle;High;Normal
45;Female;85;113;82;67,8;157;49,5;20,08;0;0;0;0;0;No;Normal;Middle;Normal;Normal
65;Female;100;105;70;71;157;33,4;13,55;0;0;0;0;0;No;Underweight;Elderly;Normal;Normal
30;Female;98;111;73;57,3;163;61;22,96;0;0;0;0;0;No;Normal;Young;Normal;Normal
49;Female;56;173;94;66,3;157;63;25,56;0;0;0;0;0;No;Overweight;Senior;High;Normal
35;Female;82;129;93;48,8;165;77;28,28;0;0;0;0;0;No;Overweight;Middle;High;Normal
35;Female;75;122;75;101,7;152;51,4;22,25;0;0;0;0;0;No;Normal;Middle;Normal;Prediabetes
44;Female;71;119;69;69,5;152;41,6;18,01;0;0;0;0;0;No;Underweight;Middle;Normal;Normal
39;Female;79;112;73;76;150;38,8;17,24;0;0;0;0;0;No;Underweight;Middle;Normal;Normal
35;Female;109;129;103;71,1;150;55,4;24,62;0;0;0;0;0;No;Normal;Middle;High;Normal
60;Female;84;161;86;97,9;152;56;24,24;0;1;0;0;0;No;Normal;Senior;High;Normal
21;Female;79;120;77;57,2;157;62,3;25,27;1;0;1;0;0;No;Overweight;Young;Normal;Normal
65;Female;64;133;85;49,3;165;52;19,1;0;0;0;0;0;No;Normal;Elderly;Normal;Normal
45;Male;81;130;84;68,4;160;49;19,14;0;0;0;0;0;No;Normal;Middle;Normal;Normal
25;Female;90;105;65;53;160;41;16,02;0;0;0;0;0;No;Underweight;Young;Normal;Normal
40;Female;84;116;79;69,2;157;57,4;23,29;0;0;0;0;0;No;Normal;Middle;Normal;Normal
58;Male;131;139;89;65,2;157;43,8;17,77;0;0;0;0;0;No;Underweight;Senior;Normal;Normal
35;Male;73;124;70;63,4;160;51;19,92;0;0;0;0;0;No;Normal;Middle;Normal;Normal
50;Female;69;183;99;64,8;147;42,8;19,81;0;0;0;0;0;No;Normal;Senior;High;Normal
30;Female;97;113;76;72,8;152;56,4;24,41;0;0;0;0;0;No;Normal;Young;Normal;Normal
30;Female;89;109;81;71,4;150;39,4;17,51;0;0;0;0;0;No;Underweight;Young;Normal;Normal
30;Female;80;131;82;84,2;150;58;25,78;0;0;0;0;0;No;Overweight;Young;Normal;Normal
45;Female;90;162;99;96,7;152;43,7;18,91;0;0;0;0;0;No;Normal;Middle;High;Normal
40;Female;101;92;61;83;150;35,1;15,6;0;0;0;0;0;No;Underweight;Middle;Normal;Normal
45;Female;79;129;69;94,1;152;49;21,21;0;0;0;0;0;No;Normal;Middle;Normal;Normal
70;Female;93;110;72;64,8;150;39;17,33;0;0;0;0;0;No;Underweight;Elderly;Normal;Normal
38;Female;73;168;90;94,7;145;69;32,82;0;0;0;0;0;No;Obese;Middle;High;Normal
60;Female;59;143;95;79,9;160;65,6;25,62;0;0;0;0;0;No;Overweight;Senior;High;Normal
35;Female;101;119;83;48,7;152;42;18,18;0;0;0;0;0;No;Underweight;Middle;Normal;Normal
25;Female;84;121;86;70,1;157;53;21,5;0;0;0;0;0;No;Normal;Young;Normal;Normal
22;Female;91;118;83;84,6;152;39;16,88;0;0;0;0;0;No;Underweight;Young;Normal;Normal
65;Female;97;166;92;81,4;163;32;12,04;0;0;0;0;0;No;Underweight;Elderly;High;Normal
65;Female;82;194;118;94,5;152;61,4;26,58;0;0;0;0;0;No;Overweight;Elderly;High;Normal
68;Male;72;147;87;70,5;165;46;16,9;0;0;0;0;0;No;Underweight;Elderly;High;Normal
55;Female;86;128;78;72,4;160;65,3;25,51;0;0;0;0;0;No;Overweight;Senior;Normal;Normal
44;Female;77;133;88;66,8;155;44,8;18,65;0;0;0;0;0;No;Normal;Middle;Normal;Normal
47;Female;76;154;93;61,8;145;48;22,83;0;0;0;0;0;No;Normal;Senior;High;Normal
35;Female;80;162;98;95,7;152;61,5;26,62;0;0;0;0;0;No;Overweight;Middle;High;Normal
35;Female;84;114;72;62,6;155;55,3;23,02;0;0;0;0;0;No;Normal;Middle;Normal;Normal
22;Female;64;111;75;45,1;152;50;21,64;0;0;0;0;0;No;Normal;Young;Normal;Normal
30;Female;95;125;82;47,1;152;52;22,51;0;0;0;0;0;No;Normal;Young;Normal;Normal
35;Female;93;119;79;56,5;152;40;17,31;0;0;0;0;0;No;Underweight;Middle;Normal;Normal
28;Female;74;117;85;94,7;152;40;17,31;0;0;0;0;0;No;Underweight;Young;Normal;Normal
30;Female;95;102;67;70,3;152;52;22,51;0;0;0;0;0;No;Normal;Young;Normal;Normal
55;Female;95;151;104;175,2;152;69;29,86;0;0;0;0;0;No;Overweight;Senior;High;Diabetes
30;Female;89;111;76;78;152;52;22,51;0;0;0;0;0;No;Normal;Young;Normal;Normal
56;Female;99;120;79;68,5;152;55;23,81;0;0;0;0;0;No;Normal;Senior;Normal;Normal
32;Female;95;114;77;92,7;152;55;23,81;0;0;0;0;0;No;Normal;Middle;Normal;Normal
30;Female;79;124;81;56,3;152;55;23,81;0;0;0;0;0;No;Normal;Young;Normal;Normal
45;Female;101;116;75;77;152;55;23,81;0;0;0;0;0;No;Normal;Middle;Normal;Normal
40;Female;79;111;78;59,5;152;40;17,31;0;0;0;0;0;No;Underweight;Middle;Normal;Normal
30;Female;81;111;76;55,2;152;49;21,21;0;0;0;0;0;No;Normal;Young;Normal;Normal
45;Female;78;120;73;59,2;152;55;23,81;0;0;0;0;0;No;Normal;Middle;Normal;Normal
38;Female;79;112;77;60;152;50;21,64;0;0;0;0;0;No;Normal;Middle;Normal;Normal
55;Female;74;136;78;82,6;152;44;19,04;0;0;0;0;0;No;Normal;Senior;Normal;Normal
38;Female;68;130;90;69,3;152;55;23,81;0;0;0;0;0;No;Normal;Middle;High;Normal
40;Female;89;130;87;65,1;152;42;18,18;0;0;0;0;0;No;Underweight;Middle;Normal;Normal
45;Female;85;124;76;68,1;152;55;23,81;0;0;0;0;0;No;Normal;Middle;Normal;Normal
60;Female;77;176;84;75,9;152;42;18,18;0;0;0;0;0;No;Underweight;Senior;High;Normal
70;Female;99;144;88;65,7;122;42;28,22;0;0;0;0;0;No;Overweight;Elderly;High;Normal
35;Female;84;143;84;99,8;147;50,5;23,37;0;0;0;0;0;No;Normal;Middle;High;Normal
33;Female;116;112;90;61,1;152;45;19,48;0;0;0;0;0;No;Normal;Middle;High;Normal
45;Female;74;128;79;62,5;157;50,6;20,53;0;0;0;0;0;No;Normal;Middle;Normal;Normal
40;Female;86;114;77;96,3;152;47;20,34;0;0;0;0;0;No;Normal;Middle;Normal;Normal
31;Female;83;96;62;76,6;160;50,1;19,57;0;0;0;0;0;No;Normal;Middle;Normal;Normal
30;Female;78;102;60;81,3;155;46,3;19,27;0;0;0;0;0;No;Normal;Young;Normal;Normal
48;Female;82;168;89;109;157;55,3;22,43;0;0;0;0;0;No;Normal;Senior;High;Prediabetes
30;Female;82;130;84;75,3;157;63;25,56;0;0;0;0;0;No;Overweight;Young;Normal;Normal
65;Female;73;100;47;144;150;45;20;0;0;0;0;0;No;Normal;Elderly;Normal;Diabetes
30;Male;86;135;89;98,1;163;59;22,21;0;0;0;0;0;No;Normal;Young;Normal;Normal
60;Female;63;169;117;84,9;157;45;18,26;0;0;0;0;0;No;Underweight;Senior;High;Normal
32;Male;118;124;87;67,5;168;60;21,26;0;0;0;0;0;No;Normal;Middle;Normal;Normal
70;Female;83;170;86;130,3;165;58;21,3;0;1;0;0;0;No;Normal;Elderly;High;Diabetes
55;Male;93;101;66;100,9;152;46;19,91;0;0;0;0;0;No;Normal;Senior;Normal;Prediabetes
22;Female;79;118;78;69;163;55;20,7;0;0;0;0;0;No;Normal;Young;Normal;Normal
50;Female;70;146;80;89,5;152;47;20,34;0;0;0;0;0;No;Normal;Senior;High;Normal
40;Female;77;133;93;74;157;56;22,72;0;0;0;0;0;No;Normal;Middle;High;Normal
40;Female;97;198;118;93,4;157;54;21,91;0;0;0;0;0;No;Normal;Middle;High;Normal
51;Female;110;128;95;58,2;160;57;22,27;0;0;0;0;0;No;Normal;Senior;High;Normal
65;Female;79;155;102;74,2;150;55;24,44;0;0;0;0;0;No;Normal;Elderly;High;Normal
30;Female;87;117;79;69,3;150;55;24,44;0;0;0;0;0;No;Normal;Young;Normal;Normal
39;Female;101;190;118;103,3;152;75;32,46;0;0;0;0;0;No;Obese;Middle;High;Prediabetes
28;Female;73;105;74;42,8;160;56;21,87;0;0;0;0;0;No;Normal;Young;Normal;Normal
26;Female;89;126;70;76;152;55;23,81;0;0;0;0;0;No;Normal;Young;Normal;Normal
55;Female;76;166;93;115,3;150;47;20,89;0;0;0;0;0;No;Normal;Senior;High;Prediabetes
30;Female;82;118;74;102,3;152;50;21,64;0;0;0;0;0;No;Normal;Young;Normal;Prediabetes
30;Female;107;111;82;70,5;152;58;25,1;0;0;0;0;0;No;Overweight;Young;Normal;Normal
50;Female;62;113;61;71,2;147;35;16,2;0;0;0;0;0;No;Underweight;Senior;Normal;Normal
30;Female;113;143;84;63,8;152;73,7;31,9;0;0;0;0;0;No;Obese;Young;High;Normal
35;Female;81;112;77;60,5;155;55;22,89;0;0;0;0;0;No;Normal;Middle;Normal;Normal
70;Female;90;164;89;80;152;37;16,01;0;0;0;0;0;No;Underweight;Elderly;High;Normal
62;Female;79;150;93;77,8;147;48,2;22,31;0;0;0;0;0;No;Normal;Elderly;High;Normal
39;Female;69;153;116;71,1;152;54;23,37;0;0;0;0;0;No;Normal;Middle;High;Normal
47;Male;69;157;95;78;163;79;29,73;0;1;0;0;0;Yes;Overweight;Senior;High;Normal
35;Female;84;102;72;57,6;152;36,5;15,8;0;0;0;0;0;No;Underweight;Middle;Normal;Normal
37;Female;91;130;91;75,2;157;56;22,72;0;0;0;0;0;No;Normal;Middle;High;Normal
30;Female;100;107;73;64,6;155;46;19,15;0;0;0;0;0;No;Normal;Young;Normal;Normal
70;Female;90;119;100;77,8;157;37,1;15,05;0;0;0;0;0;No;Underweight;Elderly;High;Normal
36;Female;78;125;82;44,6;155;69;28,72;0;0;0;0;0;No;Overweight;Middle;Normal;Normal
34;Female;90;101;83;78,9;152;50,3;21,77;0;0;0;0;0;No;Normal;Middle;Normal;Normal
40;Female;86;123;89;74,6;152;60;25,97;0;0;0;0;0;No;Overweight;Middle;Normal;Normal
50;Female;102;121;75;131,8;155;60,3;25,1;0;0;0;0;0;No;Overweight;Senior;Normal;Diabetes
45;Female;77;121;82;65,2;163;64,3;24,2;0;0;0;0;0;No;Normal;Middle;Normal;Normal
30;Female;85;117;78;57,9;163;51,5;19,38;0;0;0;0;0;No;Normal;Young;Normal;Normal
61;Female;84;178;92;79,8;150;45;20;0;0;0;0;0;No;Normal;Elderly;High;Normal
41;Male;61;128;82;81,4;170;54,7;18,93;0;0;0;0;0;No;Normal;Middle;Normal;Normal
55;Female;75;179;89;79,1;150;36;16;0;0;0;0;0;No;Underweight;Senior;High;Normal
45;Female;89;114;73;64,2;157;47;19,07;0;0;0;0;0;No;Normal;Middle;Normal;Normal
50;Female;73;132;66;70,3;157;57;23,12;0;0;0;0;0;No;Normal;Senior;Normal;Normal
48;Female;82;113;62;79,4;163;46,8;17,61;0;0;0;0;0;No;Underweight;Senior;Normal;Normal
25;Female;76;120;75;156;152;60,6;26,23;0;0;0;0;0;No;Overweight;Young;Normal;Diabetes
75;Male;77;157;82;87,8;150;44,8;19,91;0;0;0;0;0;No;Normal;Elderly;High;Normal
30;Female;74;111;68;80,7;152;53,7;23,24;0;0;0;0;0;No;Normal;Young;Normal;Normal
50;Male;81;128;89;59,9;168;69;24,45;0;0;0;0;0;No;Normal;Senior;Normal;Normal
30;Male;101;128;87;62,6;150;47;20,89;0;0;0;0;0;No;Normal;Young;Normal;Normal
70;Female;85;129;57;80,5;152;42,1;18,22;0;0;0;0;0;No;Underweight;Elderly;Normal;Normal
30;Male;82;117;77;57,4;170;55,4;19,17;0;0;0;0;0;No;Normal;Young;Normal;Normal
33;Female;90;138;92;75,9;155;56;23,31;0;0;0;0;0;No;Normal;Middle;High;Normal
50;Female;69;144;84;68,4;152;35;15,15;0;0;0;0;0;No;Underweight;Senior;High;Normal
32;Female;77;101;69;53,8;160;40,3;15,74;0;0;0;0;0;No;Underweight;Middle;Normal;Normal
38;Male;91;143;91;82,3;165;58;21,3;0;0;0;0;0;No;Normal;Middle;High;Normal
56;Female;68;135;85;64;152;65;28,13;0;0;0;0;0;No;Overweight;Senior;Normal;Normal
60;Male;92;127;73;57,3;160;56;21,87;0;0;0;0;0;No;Normal;Senior;Normal;Normal
35;Female;90;113;81;80,1;152;58;25,1;0;0;0;0;0;No;Overweight;Middle;Normal;Normal
30;Female;95;129;86;93,6;152;50;21,64;0;0;0;0;0;No;Normal;Young;Normal;Normal
30;Female;93;136;91;70,7;152;52;22,51;0;0;0;0;0;No;Normal;Young;High;Normal
35;Female;70;126;85;104,1;152;56;24,24;0;0;0;0;0;No;Normal;Middle;Normal;Prediabetes
35;Female;85;124;79;206,5;152;51;22,07;0;0;0;0;0;No;Normal;Middle;Normal;Diabetes
56;Female;69;182;89;67,7;152;58;25,1;0;0;0;0;0;No;Overweight;Senior;High;Normal
35;Female;96;118;74;67,6;152;58;25,1;0;0;0;0;0;No;Overweight;Middle;Normal;Normal
64;Female;72;129;94;211;142;46,7;23,16;0;0;0;0;0;No;Normal;Elderly;High;Diabetes
75;Female;88;155;106;271,9;155;40;16,65;0;0;0;0;0;No;Underweight;Elderly;High;Diabetes
55;Female;83;123;73;53,3;152;55;23,81;0;0;0;0;0;No;Normal;Senior;Normal;Normal
50;Female;81;158;102;60,8;142;45;22,32;0;0;0;0;0;No;Normal;Senior;High;Normal
60;Female;81;118;65;78,1;142;50;24,8;0;0;0;0;0;No;Normal;Senior;Normal;Normal
41;Female;118;135;85;84,5;155;55;22,89;0;0;0;0;0;No;Normal;Middle;Normal;Normal
55;Female;81;131;71;59,3;147;44;20,36;0;0;0;0;0;No;Normal;Senior;Normal;Normal
57;Female;76;138;98;53,3;152;55;23,81;0;0;0;0;0;No;Normal;Senior;High;Normal
55;Female;74;146;92;220,3;142;51;25,29;0;0;0;0;0;No;Overweight;Senior;High;Diabetes
40;Female;72;127;74;64,8;155;52;21,64;0;0;0;0;0;No;Normal;Middle;Normal;Normal
60;Male;75;129;82;104,6;160;50;19,53;0;0;0;0;0;No;Normal;Senior;Normal;Prediabetes
55;Male;98;126;68;61,2;168;38;13,46;0;0;0;0;0;No;Underweight;Senior;Normal;Normal
37;Male;71;106;70;81;170;64,1;22,18;0;0;0;0;0;No;Normal;Middle;Normal;Normal
32;Female;76;116;78;81,5;157;45;18,26;0;0;0;0;0;No;Underweight;Middle;Normal;Normal
65;Female;84;123;73;58,9;157;34,6;14,04;0;0;0;0;0;No;Underweight;Elderly;Normal;Normal
50;Female;85;111;71;67,6;160;36;14,06;0;0;0;0;0;No;Underweight;Senior;Normal;Normal
25;Female;82;102;72;47,5;155;45;18,73;0;0;0;0;0;No;Normal;Young;Normal;Normal
50;Female;74;108;54;84,8;160;67,4;26,33;0;0;0;0;0;No;Overweight;Senior;Normal;Normal
45;Female;88;111;70;65,6;160;66,8;26,09;0;0;0;0;0;No;Overweight;Middle;Normal;Normal
35;Female;95;119;71;59,6;155;38;15,82;0;0;0;0;0;No;Underweight;Middle;Normal;Normal
45;Female;81;153;88;62,8;150;45,8;20,36;0;0;0;0;0;No;Normal;Middle;High;Normal
40;Female;72;114;76;73,2;150;50;22,22;0;0;0;0;0;No;Normal;Middle;Normal;Normal
30;Female;77;121;73;58,4;150;34;15,11;0;0;0;0;0;No;Underweight;Young;Normal;Normal
23;Female;83;97;69;51,6;152;40;17,31;0;0;0;0;0;No;Underweight;Young;Normal;Normal
35;Female;111;84;60;106,4;157;65,5;26,57;0;0;0;0;0;No;Overweight;Middle;Normal;Prediabetes
50;Female;81;99;69;65,8;155;41;17,07;0;0;0;0;0;No;Underweight;Senior;Normal;Normal
52;Female;78;166;100;53,2;147;45,2;20,92;0;0;0;0;0;No;Normal;Senior;High;Normal
54;Female;66;133;89;113,5;152;56,8;24,58;0;0;0;0;0;No;Normal;Senior;Normal;Prediabetes
80;Female;78;150;80;82,8;157;47,7;19,35;0;0;0;0;0;No;Normal;Elderly;High;Normal
21;Female;81;99;59;44,2;155;46;19,15;0;0;0;0;0;No;Normal;Young;Normal;Normal
25;Male;79;100;64;47,2;157;47,5;19,27;1;0;1;0;0;No;Normal;Young;Normal;Normal
47;Female;108;98;58;52,3;155;50,3;20,94;0;0;0;0;0;No;Normal;Senior;Normal;Normal
45;Female;75;133;91;76,4;155;49;20,4;0;0;0;0;0;No;Normal;Middle;High;Normal
60;Female;65;173;81;77,4;145;45;21,4;0;0;0;0;0;No;Normal;Senior;High;Normal
40;Female;85;128;80;70,1;155;50;20,81;0;0;0;0;0;No;Normal;Middle;Normal;Normal
45;Female;62;132;86;54,8;152;45;19,48;0;0;0;0;0;No;Normal;Middle;Normal;Normal
50;Female;97;148;89;76,8;152;48;20,78;0;0;0;0;0;No;Normal;Senior;High;Normal
60;Male;75;118;65;84,2;152;56;24,24;0;0;0;0;0;No;Normal;Senior;Normal;Normal
70;Male;84;189;113;82,2;157;48;19,47;0;0;0;0;0;No;Normal;Elderly;High;Normal
44;Female;63;176;92;50;160;75;29,3;0;0;0;0;0;Yes;Overweight;Middle;High;Normal
30;Female;71;112;71;62,2;150;52;23,11;0;0;0;0;0;No;Normal;Young;Normal;Normal
55;Female;91;124;72;80,1;150;42;18,67;0;0;0;0;0;No;Normal;Senior;Normal;Normal
30;Female;98;115;80;72,9;152;55;23,81;0;0;0;0;0;No;Normal;Young;Normal;Normal
30;Female;94;137;91;75;152;65;28,13;0;0;0;0;0;No;Overweight;Young;High;Normal
35;Female;80;94;66;68,6;150;46;20,44;0;0;0;0;0;No;Normal;Middle;Normal;Normal
30;Female;87;127;77;93,9;152;56;24,24;0;0;0;0;0;No;Normal;Young;Normal;Normal
60;Female;94;106;75;62,8;150;58;25,78;0;0;0;0;0;No;Overweight;Senior;Normal;Normal
60;Female;79;126;71;51;150;38;16,89;0;0;0;0;0;No;Underweight;Senior;Normal;Normal
45;Female;74;147;79;64,3;150;56;24,89;0;0;0;0;0;No;Normal;Middle;High;Normal
52;Male;64;128;83;70,9;152;71;30,73;0;0;0;0;0;No;Obese;Senior;Normal;Normal
55;Female;82;175;77;65,6;150;55;24,44;0;0;0;0;0;No;Normal;Senior;High;Normal
70;Male;78;137;75;73,2;163;46;17,31;0;0;0;0;0;No;Underweight;Elderly;Normal;Normal
56;Female;72;125;75;56,6;152;52;22,51;0;0;0;0;0;No;Normal;Senior;Normal;Normal
35;Male;64;128;83;74,1;160;76;29,69;1;0;1;0;0;No;Overweight;Middle;Normal;Normal
55;Female;81;137;90;67,9;142;48,7;24,15;0;0;0;0;0;No;Normal;Senior;High;Normal
38;Male;85;127;88;85,1;163;80,3;30,22;0;0;0;0;0;No;Obese;Middle;Normal;Normal
45;Female;80;160;96;71,8;163;66;24,84;0;0;0;0;0;No;Normal;Middle;High;Normal
27;Female;84;110;73;55,9;163;51;19,2;0;0;0;0;0;No;Normal;Young;Normal;Normal
48;Female;73;130;77;244,6;163;43;16,18;0;0;0;0;0;No;Underweight;Senior;Normal;Diabetes
23;Female;94;123;79;59,7;152;49,2;21,3;0;0;0;0;0;No;Normal;Young;Normal;Normal
35;Female;78;102;59;62,2;163;49,5;18,63;0;0;0;0;0;No;Normal;Middle;Normal;Normal
55;Female;76;153;90;69,3;152;34,1;14,76;0;0;0;0;0;No;Underweight;Senior;High;Normal
45;Female;84;125;80;84,7;152;53;22,94;0;0;0;0;0;No;Normal;Middle;Normal;Normal
60;Female;75;145;81;67,1;157;65;26,37;0;0;0;0;0;No;Overweight;Senior;High;Normal
26;Female;88;101;70;56,1;152;46;19,91;0;0;0;0;0;No;Normal;Young;Normal;Normal
45;Female;83;118;75;76,8;152;48;20,78;0;0;0;0;0;No;Normal;Middle;Normal;Normal
28;Female;94;106;93;160,7;163;72;27,1;1;0;1;0;0;Yes;Overweight;Young;High;Diabetes
23;Female;74;114;79;51,8;157;47;19,07;0;0;0;0;0;No;Normal;Young;Normal;Normal
35;Female;67;115;63;77,9;155;61,2;25,47;0;0;0;0;0;No;Overweight;Middle;Normal;Normal
29;Female;80;106;73;67,3;157;39;15,82;0;0;0;0;0;No;Underweight;Young;Normal;Normal
50;Female;83;133;89;59;150;43;19,11;0;0;0;0;0;No;Normal;Senior;Normal;Normal
70;Male;98;117;72;91,5;152;35;15,15;0;0;0;0;0;No;Underweight;Elderly;Normal;Normal
33;Female;74;130;74;124,2;155;54,7;22,77;0;0;0;0;0;No;Normal;Middle;Normal;Prediabetes
25;Female;71;121;73;72,7;157;54;21,91;0;0;0;0;0;No;Normal;Young;Normal;Normal
25;Female;60;121;78;48,2;165;57,8;21,23;0;0;0;0;0;No;Normal;Young;Normal;Normal
55;Female;78;126;78;60,8;163;50;18,82;0;0;0;0;0;No;Normal;Senior;Normal;Normal
45;Female;78;128;89;115,3;152;49;21,21;0;0;0;0;0;No;Normal;Middle;Normal;Prediabetes
35;Female;96;105;69;50,4;150;49;21,78;0;0;0;0;0;No;Normal;Middle;Normal;Normal
30;Female;89;128;92;73,7;152;65;28,13;0;0;0;0;0;No;Overweight;Young;High;Normal
65;Male;73;113;64;101,3;165;41;15,06;0;0;0;0;0;No;Underweight;Elderly;Normal;Prediabetes
60;Female;98;131;82;58,3;152;59;25,54;0;0;0;0;0;No;Overweight;Senior;Normal;Normal
60;Female;93;127;82;84,4;152;43;18,61;0;0;0;0;0;No;Normal;Senior;Normal;Normal
24;Female;87;129;112;59,6;152;50;21,64;0;0;0;0;0;No;Normal;Young;High;Normal
60;Female;76;138;70;82,9;155;40;16,65;0;0;0;0;0;No;Underweight;Senior;Normal;Normal
35;Female;84;149;104;56,5;152;53;22,94;0;0;0;0;0;No;Normal;Middle;High;Normal
50;Female;76;127;71;56,1;165;36;13,22;0;0;0;0;0;No;Underweight;Senior;Normal;Normal
45;Female;59;129;83;51,2;155;63;26,22;0;0;0;0;0;No;Overweight;Middle;Normal;Normal
35;Female;76;112;72;70,6;160;69;26,95;0;0;0;0;0;No;Overweight;Middle;Normal;Normal
50;Female;79;113;76;68,9;145;42;19,98;0;0;0;0;0;No;Normal;Senior;Normal;Normal
60;Female;64;142;78;65,3;135;48;26,34;0;0;0;0;0;No;Overweight;Senior;High;Normal
25;Female;72;116;74;79,3;155;49;20,4;0;0;0;0;0;No;Normal;Young;Normal;Normal
26;Female;77;134;110;122;157;67;27,18;0;0;0;0;0;Yes;Overweight;Young;High;Prediabetes
55;Female;71;125;73;74,5;152;45,3;19,61;0;0;0;0;0;No;Normal;Senior;Normal;Normal
55;Female;72;111;67;59,9;152;48;20,78;0;0;0;0;0;No;Normal;Senior;Normal;Normal
30;Female;96;86;63;63,1;157;30;12,17;0;0;0;0;0;No;Underweight;Young;Normal;Normal
40;Female;76;115;68;54,1;160;47;18,36;0;0;0;0;0;No;Underweight;Middle;Normal;Normal
45;Female;87;147;94;61,4;155;36;14,98;0;0;0;0;0;No;Underweight;Middle;High;Normal
50;Female;70;123;70;59,6;155;39;16,23;0;0;0;0;0;No;Underweight;Senior;Normal;Normal
50;Female;80;100;70;76,3;157;42;17,04;0;0;0;0;0;No;Underweight;Senior;Normal;Normal
35;Female;106;97;70;74,2;137;46;24,51;0;0;0;0;0;No;Normal;Middle;Normal;Normal
35;Female;104;134;88;79,7;145;44;20,93;0;0;0;0;0;No;Normal;Middle;Normal;Normal
30;Female;73;151;93;66,9;135;37;20,3;0;0;0;0;0;No;Normal;Young;High;Normal
35;Female;91;126;81;62,4;145;57;27,11;0;0;0;0;0;No;Overweight;Middle;Normal;Normal
55;Female;76;166;103;102,5;142;43;21,33;0;0;0;0;0;No;Normal;Senior;High;Prediabetes
50;Male;95;128;77;82,8;142;45;22,32;0;0;0;0;0;No;Normal;Senior;Normal;Normal
60;Female;76;167;105;56,8;145;52;24,73;0;0;0;0;0;No;Normal;Senior;High;Normal
80;Female;74;200;104;64,8;122;280;21,9;0;0;0;0;0;No;Normal;Elderly;High;Normal
60;Female;74;149;100;72,8;142;45;22,32;0;0;0;0;0;No;Normal;Senior;High;Normal
32;Female;71;115;60;54;155;40;16,65;0;0;0;0;0;No;Underweight;Middle;Normal;Normal
55;Female;85;134;86;70,6;155;62;25,81;0;0;0;0;0;No;Overweight;Senior;Normal;Normal
35;Female;74;126;72;62,8;135;45;24,69;0;0;0;0;0;No;Normal;Middle;Normal;Normal
60;Female;83;128;117;107,3;157;50;20,28;0;0;0;0;0;No;Normal;Senior;High;Prediabetes
60;Female;87;151;81;340;135;44;24,14;0;0;0;0;0;No;Normal;Senior;High;Diabetes
59;Male;65;144;83;52,7;155;50;20,81;0;0;0;0;0;No;Normal;Senior;High;Normal
30;Female;101;106;75;58,2;152;55;23,81;0;0;0;0;0;No;Normal;Young;Normal;Normal
44;Female;78;148;87;92;152;47,8;20,69;0;0;0;0;0;No;Normal;Middle;High;Normal
25;Female;71;135;96;99,9;155;43;17,9;0;0;0;0;0;No;Underweight;Young;High;Normal
58;Male;77;139;82;93,9;168;58,7;20,8;0;0;0;0;0;No;Normal;Senior;Normal;Normal
49;Female;80;123;87;66,5;145;53,6;25,49;0;0;0;0;0;No;Overweight;Senior;Normal;Normal
50;Female;76;130;87;55,7;147;47,2;21,84;0;0;0;0;0;No;Normal;Senior;Normal;Normal
40;Male;80;160;105;69,7;163;61,7;23,22;0;0;0;0;0;No;Normal;Middle;High;Normal
55;Female;65;173;104;86,4;157;45;18,26;0;0;0;0;0;No;Underweight;Senior;High;Normal
35;Female;69;122;81;65,3;145;72;34,24;0;0;0;0;0;No;Obese;Middle;Normal;Normal
64;Female;66;189;104;84,2;155;48,5;20,19;0;0;0;0;0;No;Normal;Elderly;High;Normal
38;Female;64;168;86;67,6;155;60,3;25,1;0;0;0;0;0;No;Overweight;Middle;High;Normal
35;Female;63;112;63;62,9;142;50;24,8;0;0;0;0;0;No;Normal;Middle;Normal;Normal
33;Female;64;160;94;56,4;147;50;23,14;0;0;0;0;0;No;Normal;Middle;High;Normal
39;Female;72;125;71;67,5;160;49;19,14;0;0;0;0;0;No;Normal;Middle;Normal;Normal
55;Female;79;126;82;61,6;155;54;22,48;0;0;0;0;0;No;Normal;Senior;Normal;Normal
55;Female;107;186;118;150,8;147;35;16,2;0;0;0;0;0;No;Underweight;Senior;High;Diabetes
60;Male;47;114;53;61,3;152;45;19,48;0;0;0;0;0;No;Normal;Senior;Normal;Normal
40;Female;96;138;91;63,7;157;50;20,28;0;0;0;0;0;No;Normal;Middle;High;Normal
55;Female;83;143;82;83,3;152;45;19,48;0;0;0;0;0;No;Normal;Senior;High;Normal
58;Female;88;101;62;77,1;152;50;21,64;0;0;0;0;0;No;Normal;Senior;Normal;Normal
49;Female;66;134;87;56,4;145;49,1;23,35;0;0;0;0;0;No;Normal;Senior;Normal;Normal
35;Female;89;100;66;91,5;157;66;26,78;0;0;0;0;0;No;Overweight;Middle;Normal;Normal
45;Female;95;124;66;80,9;152;45;19,48;0;0;0;0;0;No;Normal;Middle;Normal;Normal
27;Female;70;135;83;63,6;130;41,3;24,44;0;0;0;0;0;No;Normal;Young;Normal;Normal
41;Male;84;147;96;56,8;168;66,8;23,67;0;0;0;0;0;No;Normal;Middle;High;Normal
45;Female;62;175;108;55,8;155;32;13,32;0;1;0;0;0;No;Underweight;Middle;High;Normal
50;Female;79;136;87;78,7;155;59;24,56;0;0;0;0;0;No;Normal;Senior;Normal;Normal
32;Male;73;156;85;90,7;165;59,3;21,78;0;0;0;0;0;No;Normal;Middle;High;Normal
33;Female;80;95;65;63,2;145;50;23,78;0;0;0;0;0;No;Normal;Middle;Normal;Normal
44;Female;79;126;75;52,5;147;34,4;15,92;0;0;0;0;0;No;Underweight;Middle;Normal;Normal
41;Female;79;123;77;80;144;45;21,7;0;0;0;0;0;No;Normal;Middle;Normal;Normal
31;Female;78;115;72;60;157;70;28,4;0;0;0;1;0;No;Overweight;Middle;Normal;Normal
32;Female;88;141;98;102,6;147;74;34,24;1;0;1;0;0;No;Obese;Middle;High;Prediabetes
42;Female;73;121;73;59,9;163;59;22,21;0;0;0;0;0;No;Normal;Middle;Normal;Normal
70;Female;78;196;96;98,9;152;34,6;14,98;0;0;0;0;0;No;Underweight;Elderly;High;Normal
52;Female;85;168;90;79,4;157;60,2;24,42;0;0;0;0;0;Yes;Normal;Senior;High;Normal
55;Male;79;108;80;82;160;66;25,78;0;0;0;0;0;No;Overweight;Senior;Normal;Normal
45;Female;81;116;82;81,9;152;45;19,48;0;0;0;0;0;No;Normal;Middle;Normal;Normal
25;Female;87;109;83;79;155;56;23,31;0;0;0;0;0;No;Normal;Young;Normal;Normal
45;Female;65;112;74;68,2;163;63;23,71;0;0;0;0;0;No;Normal;Middle;Normal;Normal
68;Female;69;166;82;122;152;55;23,81;0;1;0;0;0;Yes;Normal;Elderly;High;Prediabetes
55;Female;75;170;90;53,8;152;81;35,06;0;0;0;0;0;No;Obese;Senior;High;Normal
35;Male;93;151;101;74,8;163;74;27,85;0;0;0;0;0;No;Overweight;Middle;High;Normal
41;Female;69;101;56;113,5;147;42,5;19,67;0;0;0;0;0;No;Normal;Middle;Normal;Prediabetes
50;Female;55;124;75;70,5;142;48,5;24,05;0;0;0;0;0;No;Normal;Senior;Normal;Normal
28;Female;84;121;96;144,9;135;98;53,77;1;0;1;0;0;No;Obese;Young;High;Diabetes
25;Female;73;112;76;72;150;49,6;22,04;1;0;1;0;0;No;Normal;Young;Normal;Normal
49;Female;85;144;75;90,9;145;45;21,4;0;0;0;0;0;No;Normal;Senior;High;Normal
30;Female;69;165;112;68,7;155;56,1;23,35;0;0;0;0;0;No;Normal;Young;High;Normal
55;Female;75;116;69;96;152;49,2;21,3;0;0;0;0;0;No;Normal;Senior;Normal;Normal
49;Female;71;187;109;78,1;155;42,7;17,77;0;0;0;0;0;No;Underweight;Senior;High;Normal
52;Female;81;120;65;75,8;145;37,9;18,03;0;0;0;0;0;No;Underweight;Senior;Normal;Normal
54;Male;87;143;95;168,1;163;54,3;20,44;0;0;0;0;0;No;Normal;Senior;High;Diabetes
46;Female;93;115;83;77,6;145;51;24,26;0;0;0;0;0;No;Normal;Senior;Normal;Normal
35;Female;87;97;78;58,5;145;42,2;20,07;0;0;0;0;0;No;Normal;Middle;Normal;Normal
60;Female;65;153;91;103,7;145;52,8;25,11;0;0;0;0;0;No;Overweight;Senior;High;Prediabetes
35;Female;75;147;98;76,7;155;67,2;27,97;0;0;0;0;0;No;Overweight;Middle;High;Normal
70;Male;66;116;72;56,4;157;43,1;17,49;0;0;0;0;0;No;Underweight;Elderly;Normal;Normal
50;Female;80;111;81;64,8;157;41,2;16,71;0;0;0;0;0;No;Underweight;Senior;Normal;Normal
22;Female;111;112;72;73,1;145;49;23,31;0;0;0;0;0;No;Normal;Young;Normal;Normal
40;Female;73;174;96;58,4;160;74,2;28,98;0;0;0;0;0;No;Overweight;Middle;High;Normal
52;Female;75;160;102;91,2;165;67,7;24,87;0;1;0;0;0;Yes;Normal;Senior;High;Normal
36;Female;75;127;74;61,1;160;56;21,87;0;0;0;0;0;No;Normal;Middle;Normal;Normal
59;Female;80;136;75;78,7;145;39;18,55;0;0;0;0;0;No;Normal;Senior;Normal;Normal
54;Female;85;121;83;66,8;140;53,9;27,5;0;0;0;0;0;No;Overweight;Senior;Normal;Normal
55;Male;64;147;85;66,9;168;72,9;25,83;0;0;0;0;0;No;Overweight;Senior;High;Normal
50;Female;70;169;86;54,8;152;72,2;31,25;0;0;0;0;0;No;Obese;Senior;High;Normal
37;Male;67;137;82;55,1;168;59;20,9;0;0;0;0;0;No;Normal;Middle;Normal;Normal
34;Female;78;129;70;44,4;155;58;24,14;0;0;0;0;0;No;Normal;Middle;Normal;Normal
54;Female;86;132;76;65,8;157;59;23,94;0;0;0;0;0;No;Normal;Senior;Normal;Normal
42;Female;85;171;112;100;152;55;23,81;0;0;0;0;0;No;Normal;Middle;High;Normal
54;Female;80;124;81;72,1;155;51;21,23;0;0;0;0;0;No;Normal;Senior;Normal;Normal
60;Male;70;149;82;66;157;45,6;18,5;0;0;0;0;0;No;Underweight;Senior;High;Normal
49;Female;62;160;98;113,6;145;67,1;31,91;0;0;0;0;0;No;Obese;Senior;High;Prediabetes
55;Female;79;128;79;110,1;163;36,2;13,62;0;0;0;0;0;No;Underweight;Senior;Normal;Prediabetes
30;Female;90;129;92;61,2;152;59;25,54;0;0;0;0;0;No;Overweight;Young;High;Normal
60;Male;75;159;96;68,4;165;61,2;22,48;0;0;0;0;0;No;Normal;Senior;High;Normal
50;Female;76;128;70;72,7;155;53,5;22,27;0;0;0;0;0;No;Normal;Senior;Normal;Normal
42;Male;71;128;85;92,3;170;71;24,57;0;0;0;0;0;No;Normal;Middle;Normal;Normal
40;Female;91;145;108;59,6;150;69,3;30,8;0;0;0;0;0;No;Obese;Middle;High;Normal
26;Female;95;140;95;61,1;142;81;40,17;0;0;0;0;0;No;Obese;Young;High;Normal
25;Male;68;137;84;62,2;173;70;23,39;0;0;0;0;0;No;Normal;Young;Normal;Normal
50;Male;66;180;119;139,4;160;70,6;27,58;0;1;0;0;0;Yes;Overweight;Senior;High;Diabetes
53;Male;70;157;104;130,7;173;51,1;17,07;0;0;0;0;0;No;Underweight;Senior;High;Diabetes
70;Male;72;171;108;72;165;49;18;0;0;0;0;0;No;Underweight;Elderly;High;Normal
60;Male;82;150;86;169,1;168;59,3;21,01;0;0;0;0;0;No;Normal;Senior;High;Diabetes
35;Male;64;145;89;71,2;165;55;20,2;0;0;0;0;0;No;Normal;Middle;High;Normal
65;Male;70;127;69;65,3;165;42;15,43;0;0;0;0;0;No;Underweight;Elderly;Normal;Normal
35;Male;69;92;51;48,5;168;51;18,07;0;0;0;0;0;No;Underweight;Middle;Normal;Normal
39;Male;88;140;92;102;163;59;22,21;0;0;0;0;0;No;Normal;Middle;High;Prediabetes
65;Male;59;138;63;48,3;157;62;25,15;0;0;0;0;0;No;Overweight;Elderly;Normal;Normal
39;Male;63;144;88;75,4;168;70;24,8;0;0;0;0;0;No;Normal;Middle;High;Normal
35;Male;78;79;64;71,2;157;50,3;20,41;0;0;0;0;0;No;Normal;Middle;Normal;Normal
35;Female;87;123;68;59;152;59;25,54;0;0;0;0;0;No;Overweight;Middle;Normal;Normal
32;Female;57;138;84;71,1;142;39,3;19,49;0;0;0;0;0;No;Normal;Middle;Normal;Normal
30;Female;83;130;70;76,2;150;72,3;32,13;1;0;1;0;0;No;Obese;Young;Normal;Normal
41;Female;86;130;87;60,4;157;65,2;26,45;0;0;0;0;0;No;Overweight;Middle;Normal;Normal
45;Female;61;126;81;45,9;147;45,7;21,15;0;0;0;0;0;No;Normal;Middle;Normal;Normal
56;Female;94;128;72;69,1;152;41,6;18,01;0;0;0;0;0;No;Underweight;Senior;Normal;Normal
32;Female;77;148;87;90,2;157;48,8;19,8;0;0;0;0;0;No;Normal;Middle;High;Normal
55;Male;68;134;67;81,8;178;58,8;18,56;0;0;0;0;0;No;Normal;Senior;Normal;Normal
48;Female;73;140;90;59,3;168;52,9;18,74;0;0;0;0;0;No;Normal;Senior;High;Normal
44;Female;94;118;73;80,3;160;63,6;24,84;0;0;0;0;0;No;Normal;Middle;Normal;Normal
55;Male;78;129;72;58,6;168;54,6;19,35;0;0;0;0;0;No;Normal;Senior;Normal;Normal
50;Female;73;150;103;70,7;137;52;27,71;0;0;0;0;0;No;Overweight;Senior;High;Normal
50;Female;68;179;92;84,3;157;58,4;23,69;0;0;0;0;0;No;Normal;Senior;High;Normal
42;Female;84;135;91;92,9;155;66;27,47;0;0;0;0;0;No;Overweight;Middle;High;Normal
34;Female;51;131;88;57,8;152;45;19,48;0;0;0;0;0;No;Normal;Middle;Normal;Normal
40;Female;87;150;71;58,8;157;53,9;21,87;0;0;0;0;0;No;Normal;Middle;High;Normal
59;Male;70;134;81;70,9;152;47;20,34;0;0;0;0;0;No;Normal;Senior;Normal;Normal
56;Female;59;161;95;53,6;150;58,9;26,18;0;1;0;0;0;Yes;Overweight;Senior;High;Normal
21;Female;73;118;82;145,5;142;39,5;19,59;0;0;0;0;0;No;Normal;Young;Normal;Diabetes
25;Female;87;119;70;55;150;52,4;23,29;0;0;0;0;0;No;Normal;Young;Normal;Normal
22;Female;81;121;77;54,5;160;59;23,05;0;0;0;0;0;No;Normal;Young;Normal;Normal
55;Female;74;129;67;75,7;142;35,5;17,61;0;0;0;0;0;No;Underweight;Senior;Normal;Normal
65;Female;69;166;98;56,7;160;92,1;35,98;1;0;1;0;0;No;Obese;Elderly;High;Normal
40;Female;71;119;69;64,8;157;60,3;24,46;0;0;0;0;0;No;Normal;Middle;Normal;Normal
57;Male;104;105;70;243;163;41,4;15,58;0;0;0;0;0;No;Underweight;Senior;Normal;Diabetes
50;Female;80;125;81;45,4;150;42;18,67;0;0;0;0;0;No;Normal;Senior;Normal;Normal
52;Male;86;125;86;45,2;157;55;22,31;0;0;0;0;0;No;Normal;Senior;Normal;Normal
45;Female;69;130;84;51,5;152;30;12,98;0;0;0;0;0;No;Underweight;Middle;Normal;Normal
38;Female;74;129;103;47,5;155;74,1;30,84;0;0;0;0;0;No;Obese;Middle;High;Normal
32;Female;49;117;73;61,3;155;46,1;19,19;0;0;0;0;0;No;Normal;Middle;Normal;Normal
42;Male;75;121;75;69,7;157;56,5;22,92;0;0;0;0;0;No;Normal;Middle;Normal;Normal
59;Male;57;160;104;79,2;152;50,9;22,03;0;1;0;0;0;No;Normal;Senior;High;Normal
50;Female;50;120;70;72,4;147;42,1;19,48;0;0;0;0;0;No;Normal;Senior;Normal;Normal
45;Female;77;133;68;62,7;155;57;23,73;0;0;0;0;0;No;Normal;Middle;Normal;Normal
57;Male;76;151;89;80;154;61;25,72;0;1;0;0;0;No;Overweight;Senior;High;Normal
44;Male;77;119;76;70;170;70,7;24,46;0;0;0;0;0;No;Normal;Middle;Normal;Normal
39;Female;80;140;92;59,6;152;54,5;23,59;0;0;0;0;0;No;Normal;Middle;High;Normal
62;Male;93;119;83;209,8;168;59;20,9;0;0;0;0;0;No;Normal;Elderly;Normal;Diabetes
52;Female;82;129;74;83,7;152;65,2;28,22;0;0;0;0;0;No;Overweight;Senior;Normal;Normal
36;Male;75;139;114;78;155;85;35,38;0;0;0;0;0;No;Obese;Middle;High;Normal
29;Female;79;139;80;69,3;152;69,6;30,12;0;0;0;0;0;No;Obese;Young;Normal;Normal
30;Male;67;118;87;55,3;168;67,8;24,02;0;0;0;0;0;No;Normal;Young;Normal;Normal
56;Female;70;146;93;86,1;150;56;24,89;0;0;0;0;0;No;Normal;Senior;High;Normal
35;Male;75;136;85;60,4;168;70,5;24,98;0;0;0;0;0;No;Normal;Middle;Normal;Normal
44;Male;58;158;101;79,1;170;72,1;24,95;0;1;0;0;0;No;Normal;Middle;High;Normal
38;Female;72;146;92;51;152;67,1;29,04;0;0;0;0;0;No;Overweight;Middle;High;Normal
53;Male;73;136;85;65,9;170;67;23,18;0;0;0;0;0;No;Normal;Senior;Normal;Normal
60;Male;64;138;82;76,8;168;55;19,49;0;0;0;0;0;No;Normal;Senior;Normal;Normal
34;Male;63;143;72;82,8;160;55;21,48;0;0;0;0;0;No;Normal;Middle;High;Normal
30;Female;75;127;84;80,7;152;54;23,37;0;0;0;0;0;Yes;Normal;Young;Normal;Normal
50;Female;68;144;89;116;152;63,1;27,31;0;1;0;0;0;No;Overweight;Senior;High;Prediabetes
52;Male;73;173;103;94,9;165;65,5;24,06;0;1;0;0;0;Yes;Normal;Senior;High;Normal
52;Male;57;153;100;56,3;157;56,9;23,08;0;0;0;0;0;No;Normal;Senior;High;Normal
46;Female;86;166;85;76,6;152;45;19,48;0;0;0;0;0;No;Normal;Senior;High;Normal
48;Male;55;151;87;85,9;157;45;18,26;0;0;0;0;0;No;Underweight;Senior;High;Normal
52;Male;77;177;102;76,9;163;53,9;20,29;0;0;0;0;0;Yes;Normal;Senior;High;Normal
31;Female;86;120;83;66,6;152;64,8;28,05;0;0;0;0;0;No;Overweight;Middle;Normal;Normal
44;Female;73;162;81;61,1;152;49,8;21,55;0;0;0;0;0;No;Normal;Middle;High;Normal
35;Female;90;118;81;151,7;152;64,1;27,74;0;0;0;0;0;No;Overweight;Middle;Normal;Diabetes
51;Male;79;116;80;70,2;152;56,3;24,37;0;0;0;0;0;No;Normal;Senior;Normal;Normal
48;Male;66;142;86;64,3;157;55;22,31;0;0;0;0;0;No;Normal;Senior;High;Normal
30;Male;70;155;82;90,1;155;45;18,73;0;0;0;0;0;No;Normal;Young;High;Normal
40;Female;73;131;75;300,8;150;52,5;23,33;0;0;0;0;0;No;Normal;Middle;Normal;Diabetes
30;Male;63;133;76;74,2;160;66,1;25,82;0;0;0;0;0;No;Overweight;Young;Normal;Normal
25;Female;101;131;96;78;152;60,9;26,36;0;0;0;0;0;No;Overweight;Young;High;Normal
25;Female;63;124;80;58,4;152;48,3;20,91;0;0;0;0;0;No;Normal;Young;Normal;Normal
45;Female;78;172;99;64,9;142;53,7;26,63;0;0;0;0;0;No;Overweight;Middle;High;Normal
46;Female;92;134;85;46;155;71;29,55;0;0;0;0;0;Yes;Overweight;Senior;Normal;Normal
40;Male;54;146;81;92,3;157;50;20,28;0;0;0;0;0;No;Normal;Middle;High;Normal
35;Female;70;122;89;85,4;150;66;29,33;0;0;0;0;0;No;Overweight;Middle;Normal;Normal
22;Female;74;125;82;117,6;152;56,4;24,41;0;0;0;0;0;No;Normal;Young;Normal;Prediabetes
50;Female;71;140;85;84,1;150;69;30,67;0;0;0;0;0;No;Obese;Senior;High;Normal
50;Female;65;141;75;57,3;147;49;22,68;0;0;0;0;0;No;Normal;Senior;High;Normal
50;Male;80;126;77;96,5;163;67,8;25,52;0;0;0;0;0;No;Overweight;Senior;Normal;Normal
45;Female;62;140;102;90,1;152;63,4;27,44;0;0;0;0;0;No;Overweight;Middle;High;Normal
47;Male;73;145;96;85,3;160;40,2;15,7;0;0;0;0;0;No;Underweight;Senior;High;Normal
35;Female;73;128;83;61,4;155;50,2;20,89;0;0;0;0;0;No;Normal;Middle;Normal;Normal
60;Female;73;132;75;79,5;147;38;17,59;0;0;0;0;0;No;Underweight;Senior;Normal;Normal
40;Female;63;129;84;59,8;155;51,6;21,48;0;0;0;0;0;No;Normal;Middle;Normal;Normal
60;Male;65;130;66;94,6;155;46,7;19,44;0;0;0;0;0;No;Normal;Senior;Normal;Normal
46;Female;59;137;75;95;152;52;22,51;0;0;0;0;0;No;Normal;Senior;Normal;Normal
24;Female;69;128;85;384;152;61,4;26,58;1;0;1;0;0;No;Overweight;Young;Normal;Diabetes
50;Male;71;164;91;58,6;150;43,5;19,33;0;0;0;0;0;No;Normal;Senior;High;Normal
30;Female;69;157;102;61,5;152;57,3;24,8;0;0;0;0;0;No;Normal;Young;High;Normal
60;Female;67;154;81;190;147;45;20,82;0;1;0;0;0;No;Normal;Senior;High;Diabetes
64;Female;81;141;81;123,6;157;45;18,26;0;0;0;0;0;No;Underweight;Elderly;High;Prediabetes
55;Female;73;143;98;59,5;152;75,3;32,59;0;0;0;0;0;No;Obese;Senior;High;Normal
49;Female;70;139;94;105,4;152;55;23,81;0;0;0;0;0;No;Normal;Senior;High;Prediabetes
32;Male;63;130;81;125,7;157;61,7;25,03;1;0;1;0;0;No;Overweight;Middle;Normal;Diabetes
28;Female;87;111;69;86,4;157;56;22,72;0;0;0;0;0;No;Normal;Young;Normal;Normal
60;Female;55;173;89;69,4;152;41,3;17,88;0;0;0;0;0;No;Underweight;Senior;High;Normal
45;Male;67;123;76;67,1;173;66,3;22,15;0;0;0;0;0;No;Normal;Middle;Normal;Normal
35;Female;67;110;75;58;142;32,8;16,27;0;0;0;0;0;No;Underweight;Middle;Normal;Normal
45;Female;72;135;90;56,2;152;45;19,48;0;0;0;0;0;No;Normal;Middle;High;Normal
60;Female;69;122;76;56,4;157;36,3;14,73;0;0;0;0;0;No;Underweight;Senior;Normal;Normal
30;Female;78;111;65;96,5;152;52,2;22,59;0;0;0;0;0;No;Normal;Young;Normal;Normal
40;Female;64;113;84;51,4;150;55;24,44;0;0;0;1;0;No;Normal;Middle;Normal;Normal
50;Female;86;143;103;75,4;155;42;17,48;0;1;0;0;0;No;Underweight;Senior;High;Normal
45;Male;55;183;82;130,1;155;44,6;18,56;0;0;0;0;0;No;Normal;Middle;High;Diabetes
70;Female;102;126;69;41,8;152;44;19,04;0;1;0;0;0;Yes;Normal;Elderly;Normal;Normal
25;Female;85;119;72;52,3;152;58;25,1;0;0;0;0;0;No;Overweight;Young;Normal;Normal
42;Male;92;154;115;60;162;60;22,86;0;1;0;0;0;No;Normal;Middle;High;Normal
30;Female;56;122;72;61,1;150;47,9;21,29;0;0;0;0;0;No;Normal;Young;Normal;Normal
30;Female;97;116;70;75,8;163;72,5;27,29;0;0;0;0;0;No;Overweight;Young;Normal;Normal
26;Female;88;112;74;57,7;157;59,4;24,1;0;0;0;0;0;No;Normal;Young;Normal;Normal
35;Male;66;128;84;66,8;168;71;25,16;0;0;0;0;0;No;Overweight;Middle;Normal;Normal
45;Female;54;157;91;87;157;59;23,94;0;0;0;0;0;No;Normal;Middle;High;Normal
60;Female;65;128;68;67,1;150;45;20;0;0;0;0;0;No;Normal;Senior;Normal;Normal
28;Female;86;115;55;66,8;155;63,9;26,6;0;0;0;0;0;No;Overweight;Young;Normal;Normal
45;Male;65;138;82;71,9;160;50,5;19,73;0;0;0;0;0;No;Normal;Middle;Normal;Normal
40;Female;65;124;81;61,1;155;57;23,73;0;0;0;0;0;No;Normal;Middle;Normal;Normal
35;Female;95;106;76;70,4;157;48,9;19,84;0;0;0;0;0;No;Normal;Middle;Normal;Normal
25;Female;89;126;85;71,7;152;67;29;0;0;0;0;0;No;Overweight;Young;Normal;Normal
34;Female;80;160;103;69,3;152;42;18,18;0;0;0;0;0;No;Underweight;Middle;High;Normal
70;Male;96;101;63;70,7;160;50,8;19,84;0;0;0;0;0;No;Normal;Elderly;Normal;Normal
65;Female;76;144;83;192,6;152;53,3;23,07;0;0;0;0;0;No;Normal;Elderly;High;Diabetes
50;Male;72;166;96;67,5;178;66,6;21,02;0;0;0;0;0;No;Normal;Senior;High;Normal
47;Male;90;120;80;80;187;75;21,45;0;0;0;0;0;No;Normal;Senior;Normal;Normal
40;Female;86;113;77;74;145;50;23,78;0;0;0;0;0;No;Normal;Middle;Normal;Normal
65;Male;53;187;100;77,5;163;66;24,84;0;1;0;1;0;No;Normal;Elderly;High;Normal
61;Female;62;157;96;124,3;152;52;22,51;0;1;0;0;0;No;Normal;Elderly;High;Prediabetes
52;Female;64;130;82;54,8;147;45,8;21,19;0;0;0;0;0;No;Normal;Senior;Normal;Normal
45;Female;80;132;80;63,2;157;53;21,5;0;0;0;0;0;No;Normal;Middle;Normal;Normal
30;Female;89;115;82;57,6;157;52;21,1;0;0;0;0;0;No;Normal;Young;Normal;Normal
40;Female;80;111;73;52,2;157;53;21,5;0;0;0;0;0;No;Normal;Middle;Normal;Normal
68;Female;78;188;98;57,8;150;65,7;29,2;0;1;0;1;0;Yes;Overweight;Elderly;High;Normal
70;Male;59;188;99;62;150;89,7;39,87;0;1;0;0;0;No;Obese;Elderly;High;Normal
36;Female;66;171;110;67,5;152;77;33,33;0;0;0;0;0;No;Obese;Middle;High;Normal
80;Female;72;154;91;56,3;150;68;30,22;0;1;0;0;0;No;Obese;Elderly;High;Normal
40;Female;67;123;80;65,8;160;55;21,48;0;0;0;0;0;No;Normal;Middle;Normal;Normal
60;Female;67;162;87;57,5;150;45;20;0;0;0;0;0;No;Normal;Senior;High;Normal
66;Male;59;161;102;62,8;157;44;17,85;0;1;0;1;0;No;Underweight;Elderly;High;Normal
40;Male;67;130;98;44,1;170;68,6;23,74;0;0;0;0;0;No;Normal;Middle;High;Normal
35;Female;59;111;75;62,7;160;51;19,92;0;0;0;0;0;No;Normal;Middle;Normal;Normal
55;Female;67;137;86;62,4;163;58,5;22,02;0;0;0;0;0;No;Normal;Senior;Normal;Normal
35;Female;71;126;84;46,5;152;72;31,16;0;0;0;0;0;No;Obese;Middle;Normal;Normal
44;Female;75;156;103;80;142;54,5;27,03;0;0;0;0;0;No;Overweight;Middle;High;Normal
22;Female;75;115;91;56,5;157;59,8;24,26;0;0;0;0;0;No;Normal;Young;High;Normal
56;Male;67;133;98;64,5;165;63,2;23,21;0;1;0;0;0;No;Normal;Senior;High;Normal
55;Female;65;145;100;52,5;150;68,7;30,53;0;0;0;0;0;No;Obese;Senior;High;Normal
41;Female;67;160;81;89;152;50,3;21,77;0;0;0;0;0;No;Normal;Middle;High;Normal
34;Female;74;131;90;129,5;155;49;20,4;0;0;0;0;0;No;Normal;Middle;High;Diabetes
35;Male;77;117;59;50,5;160;49,5;19,34;0;0;0;0;0;No;Normal;Middle;Normal;Normal
43;Female;83;134;87;60,8;165;78,9;28,98;0;0;0;0;0;No;Overweight;Middle;Normal;Normal
76;Female;67;160;82;74,9;137;58,7;31,27;0;1;0;0;0;No;Obese;Elderly;High;Normal
59;Female;74;106;74;81,4;147;32,5;15,04;0;0;0;0;0;No;Underweight;Senior;Normal;Normal
24;Female;84;121;81;79,7;155;38,1;15,86;0;0;0;0;0;No;Underweight;Young;Normal;Normal
30;Female;92;126;69;61,1;142;32,2;15,97;0;0;0;0;0;No;Underweight;Young;Normal;Normal
58;Male;77;142;74;65,5;168;44,5;15,77;0;0;0;0;0;No;Underweight;Senior;High;Normal
80;Male;74;97;57;122,5;152;48;20,78;0;1;0;0;0;No;Normal;Elderly;Normal;Prediabetes
72;Male;80;153;83;149,6;157;70,8;28,72;0;1;0;1;0;Yes;Overweight;Elderly;High;Diabetes
25;Female;89;132;92;69,7;152;45,7;19,78;0;0;0;0;0;No;Normal;Young;High;Normal
58;Female;60;181;93;99,9;145;81,6;38,81;0;1;0;0;0;Yes;Obese;Senior;High;Normal
28;Female;62;112;61;60,9;145;59;28,06;0;0;0;0;0;No;Overweight;Young;Normal;Normal
70;Female;71;120;59;63,6;142;34,5;17,11;0;0;0;0;0;No;Underweight;Elderly;Normal;Normal
65;Female;69;141;73;88,9;145;36,5;17,36;0;0;0;0;0;No;Underweight;Elderly;High;Normal
46;Female;69;122;75;67,5;155;42,7;17,77;0;0;0;0;0;No;Underweight;Senior;Normal;Normal
39;Female;81;102;68;103,9;155;39,8;16,57;0;0;0;0;0;No;Underweight;Middle;Normal;Prediabetes
64;Male;62;105;67;81,9;157;48,8;19,8;0;0;0;0;0;No;Normal;Elderly;Normal;Normal
54;Female;60;121;68;69,6;152;45,2;19,56;0;0;0;0;0;No;Normal;Senior;Normal;Normal
37;Male;74;135;91;69,5;165;61,2;22,48;0;1;0;0;0;No;Normal;Middle;High;Normal
32;Female;63;104;65;75,9;155;40,8;16,98;0;0;0;0;0;No;Underweight;Middle;Normal;Normal
63;Female;80;113;70;67,9;147;43,8;20,27;0;0;0;0;0;No;Normal;Elderly;Normal;Normal
47;Female;72;133;91;53,4;155;66,3;27,6;0;0;0;0;0;No;Overweight;Senior;High;Normal
69;Male;92;143;86;67,2;168;61;21,61;0;0;0;0;0;No;Normal;Elderly;High;Normal
64;Female;86;138;80;82,2;140;39,8;20,31;0;0;0;0;0;No;Normal;Elderly;Normal;Normal
30;Female;66;128;83;57;150;43,5;19,33;1;0;1;0;0;No;Normal;Young;Normal;Normal
40;Female;74;151;89;65,8;152;50,4;21,81;0;0;0;0;0;No;Normal;Middle;High;Normal
39;Female;80;120;72;91,3;145;41,4;19,69;0;0;0;0;0;No;Normal;Middle;Normal;Normal
35;Female;71;128;69;59,8;157;79,1;32,09;0;0;0;0;0;No;Obese;Middle;Normal;Normal
48;Male;66;158;112;53,4;157;60;24,34;0;1;0;0;0;No;Normal;Senior;High;Normal
45;Female;90;154;106;49,6;147;58;26,84;0;0;0;0;0;No;Overweight;Middle;High;Normal
32;Female;58;126;65;75,3;165;58;21,3;0;0;0;0;0;No;Normal;Middle;Normal;Normal
40;Female;86;143;77;73,2;157;49;19,88;0;0;0;0;0;No;Normal;Middle;High;Normal
50;Male;92;126;86;62,7;168;60,7;21,51;0;0;0;0;0;Yes;Normal;Senior;Normal;Normal
39;Female;64;124;74;73,4;160;64,7;25,27;0;0;0;0;0;No;Overweight;Middle;Normal;Normal
75;Female;67;147;76;47,6;157;53,6;21,75;0;0;0;0;0;No;Normal;Elderly;High;Normal
40;Female;72;136;87;70,1;157;60,1;24,38;0;0;0;0;0;No;Normal;Middle;Normal;Normal
48;Male;66;144;89;80,2;168;56;19,84;0;0;0;0;0;No;Normal;Senior;High;Normal
30;Female;71;138;88;120,5;165;62;22,77;0;1;0;0;0;No;Normal;Young;Normal;Prediabetes
40;Female;69;133;74;72,4;152;46,1;19,95;0;0;0;0;0;No;Normal;Middle;Normal;Normal
62;Female;81;104;65;69,7;160;51,3;20,04;0;0;0;0;0;No;Normal;Elderly;Normal;Normal
30;Female;75;143;83;63,7;152;57;24,67;0;0;0;0;0;No;Normal;Young;High;Normal
75;Male;64;112;80;154,4;173;50,9;17,01;0;0;0;0;0;No;Underweight;Elderly;Normal;Diabetes
60;Female;78;135;72;81,6;160;57,3;22,38;0;0;0;0;0;No;Normal;Senior;Normal;Normal
52;Male;62;129;81;85,3;165;55,7;20,46;0;1;0;1;0;No;Normal;Senior;Normal;Normal
37;Female;64;119;78;70,6;150;62;27,56;0;0;0;0;0;No;Overweight;Middle;Normal;Normal
32;Female;75;100;66;53;152;46,6;20,17;0;0;0;0;0;No;Normal;Middle;Normal;Normal
38;Male;82;119;69;60,6;165;52;19,1;0;0;0;0;0;No;Normal;Middle;Normal;Normal
70;Male;77;149;90;88,7;155;44,6;18,56;0;0;0;0;0;No;Normal;Elderly;High;Normal
67;Female;79;181;93;67,7;157;33;13,39;0;1;0;0;0;No;Underweight;Elderly;High;Normal
60;Male;65;170;89;70;154;47;19,82;0;1;0;0;0;No;Normal;Senior;High;Normal
36;Female;96;133;83;50;149;60;27,03;0;0;0;0;0;No;Overweight;Middle;Normal;Normal
64;Female;91;153;89;130;154;40;16,87;0;0;0;0;0;No;Underweight;Elderly;High;Diabetes
49;Female;125;172;115;100;154;70;29,52;0;1;0;0;0;Yes;Overweight;Senior;High;Normal
47;Male;85;134;82;180;154;57;24,03;0;1;0;0;0;Yes;Normal;Senior;Normal;Diabetes
53;Female;94;129;79;170;160;80;31,25;0;1;0;0;0;Yes;Obese;Senior;Normal;Diabetes
50;Female;80;141;71;210;154;61;25,72;0;0;0;0;0;Yes;Overweight;Senior;High;Diabetes
45;Female;88;112;75;60;152;50;21,64;0;0;0;0;0;No;Normal;Middle;Normal;Normal
33;Male;88;131;80;60;180;50;15,43;0;0;0;0;0;No;Underweight;Middle;Normal;Normal
25;Female;64;117;73;50;157;45;18,26;0;0;0;0;0;No;Underweight;Young;Normal;Normal
50;Female;79;165;82;60;157;40;16,23;0;0;0;0;0;No;Underweight;Senior;High;Normal
25;Female;60;135;102;50;149;52;23,42;0;0;0;0;0;No;Normal;Young;High;Normal
42;Female;59;139;95;70;149;48;21,62;0;0;0;0;0;No;Normal;Middle;High;Normal
55;Female;78;154;83;60;149;65;29,28;0;0;0;0;0;No;Overweight;Senior;High;Normal
50;Female;81;124;90;150;119;55;38,84;0;0;0;0;0;No;Obese;Senior;High;Diabetes
50;Female;80;136;81;50;119;55;38,84;0;0;0;0;0;No;Obese;Senior;Normal;Normal
48;Female;90;182;107;130;149;55;24,77;0;1;0;0;0;Yes;Normal;Senior;High;Diabetes
30;Female;91;97;59;60;149;52;23,42;0;0;0;0;0;No;Normal;Young;Normal;Normal
30;Female;103;147;95;170;149;50;22,52;0;0;0;0;0;Yes;Normal;Young;High;Diabetes
63;Female;72;142;90;150;119;60;42,37;0;1;0;0;0;Yes;Obese;Elderly;High;Diabetes
55;Male;91;145;93;100;149;60;27,03;0;1;0;0;0;No;Overweight;Senior;High;Normal
32;Female;84;113;76;60;149;50;22,52;0;0;0;0;0;No;Normal;Middle;Normal;Normal
25;Female;83;111;79;60;180;60;18,52;0;0;0;0;0;No;Normal;Young;Normal;Normal
32;Female;85;155;85;110;180;48;14,81;0;0;0;0;0;Yes;Underweight;Middle;High;Prediabetes
32;Female;82;129;86;140;180;60;18,52;0;0;0;0;0;Yes;Normal;Middle;Normal;Diabetes
27;Male;76;94;61;60;149;50;22,52;0;0;0;0;0;No;Normal;Young;Normal;Normal
40;Female;80;142;108;93,8;160;62,5;24,41;0;0;0;0;0;No;Normal;Middle;High;Normal
60;Male;83;141;98;84,5;160;48,9;19,1;0;0;0;0;0;No;Normal;Senior;High;Normal
30;Female;68;116;76;67,1;157;59,7;24,22;0;0;0;0;0;No;Normal;Young;Normal;Normal
68;Female;81;173;66;57,9;145;32,8;15,6;0;0;0;0;0;No;Underweight;Elderly;High;Normal
60;Female;66;197;99;390;160;51,2;20;0;0;0;0;0;Yes;Normal;Senior;High;Diabetes
50;Male;76;144;85;79;155;43,9;18,27;0;0;0;0;0;No;Underweight;Senior;High;Normal
45;Female;76;115;74;47,7;160;50,5;19,73;0;0;0;0;0;No;Normal;Middle;Normal;Normal
65;Male;95;120;79;90,9;165;66,7;24,5;0;0;0;0;0;No;Normal;Elderly;Normal;Normal
54;Female;85;146;81;76;165;47,6;17,48;0;0;0;0;0;No;Underweight;Senior;High;Normal
72;Male;67;121;62;51,1;168;52;18,42;0;0;0;0;0;No;Underweight;Elderly;Normal;Normal
50;Female;78;119;87;87,2;165;48,7;17,89;0;0;0;0;0;No;Underweight;Senior;Normal;Normal
55;Male;50;178;117;77,1;160;42;16,41;0;1;0;0;0;Yes;Underweight;Senior;High;Normal
78;Male;93;133;80;260;145;37,2;17,69;0;0;0;0;0;No;Underweight;Elderly;Normal;Diabetes
59;Female;91;141;85;82;155;53,6;22,31;0;0;0;0;0;No;Normal;Senior;High;Normal
48;Male;75;150;106;71,8;160;58,5;22,85;0;0;0;0;0;No;Normal;Senior;High;Normal
45;Female;82;164;90;88,8;165;43,6;16,01;0;0;0;0;0;No;Underweight;Middle;High;Normal
50;Female;50;178;102;61;142;45;22,32;0;1;0;0;0;No;Normal;Senior;High;Normal
30;Male;68;156;98;66,7;160;62;24,22;1;0;1;0;0;No;Normal;Young;High;Normal
30;Female;84;133;95;55,5;157;46;18,66;0;0;0;0;0;No;Normal;Young;High;Normal
60;Female;63;124;68;53,8;147;41,8;19,34;0;0;0;0;0;No;Normal;Senior;Normal;Normal
35;Male;87;112;68;64,5;160;43,5;16,99;0;0;0;0;0;No;Underweight;Middle;Normal;Normal
32;Female;81;113;82;55,2;150;57;25,33;0;0;0;0;0;No;Overweight;Middle;Normal;Normal
45;Male;56;142;90;83,6;165;52;19,1;0;0;0;0;0;No;Normal;Middle;High;Normal
42;Female;81;119;84;236,2;157;59,3;24,06;0;0;0;0;0;No;Normal;Middle;Normal;Diabetes
46;Female;78;122;81;90,1;168;65,9;23,35;0;0;0;0;0;No;Normal;Senior;Normal;Normal
35;Female;76;121;82;72,3;160;53;20,7;0;0;0;0;0;No;Normal;Middle;Normal;Normal
43;Female;71;125;78;67,1;157;53,3;21,62;0;0;0;0;0;No;Normal;Middle;Normal;Normal
35;Female;66;154;95;72,5;150;55,9;24,84;0;0;0;0;0;No;Normal;Middle;High;Normal
52;Male;87;162;91;91;142;38,8;19,24;0;1;0;0;0;No;Normal;Senior;High;Normal
62;Male;68;156;90;60,4;142;41,3;20,48;0;0;0;0;0;No;Normal;Elderly;High;Normal
23;Female;79;113;69;59;150;54,3;24,13;1;0;1;0;0;No;Normal;Young;Normal;Normal
45;Male;87;131;77;124,2;160;66,9;26,13;0;0;0;0;0;No;Overweight;Middle;Normal;Prediabetes
35;Female;67;118;67;55,7;155;55,5;23,1;0;0;0;0;0;No;Normal;Middle;Normal;Normal
65;Female;64;171;86;52,2;147;60;27,77;0;1;0;0;0;No;Overweight;Elderly;High;Normal
35;Female;91;105;85;56,3;160;60,3;23,55;0;0;0;0;0;No;Normal;Middle;Normal;Normal
42;Female;77;153;101;86,6;150;41,9;18,62;0;0;0;0;0;No;Normal;Middle;High;Normal
50;Female;68;173;98;84,1;160;43,8;17,11;0;0;0;0;0;No;Underweight;Senior;High;Normal
35;Female;69;131;78;60,5;152;48;20,78;0;0;0;0;0;No;Normal;Middle;Normal;Normal
70;Male;65;143;78;91,9;168;56;19,84;0;0;0;0;0;No;Normal;Elderly;High;Normal
59;Female;75;187;104;60,5;152;50,6;21,9;0;0;0;0;0;No;Normal;Senior;High;Normal
34;Female;79;153;87;85,3;150;57;25,33;0;0;0;0;0;No;Overweight;Middle;High;Normal
45;Male;80;122;70;84,3;165;52;19,1;0;0;0;0;0;No;Normal;Middle;Normal;Normal
35;Female;56;130;81;52,3;160;55,6;21,72;0;0;0;0;0;No;Normal;Middle;Normal;Normal
42;Male;62;144;89;63,5;165;65;23,88;0;0;0;0;0;No;Normal;Middle;High;Normal
65;Male;83;148;89;216,1;168;69,5;24,62;0;0;0;0;0;No;Normal;Elderly;High;Diabetes
37;Female;70;131;79;58,9;157;76;30,83;0;0;0;0;0;No;Obese;Middle;Normal;Normal
38;Female;79;137;99;62,2;157;56;22,72;0;0;0;0;0;No;Normal;Middle;High;Normal
50;Male;66;150;102;58,2;163;65;24,46;0;0;0;0;0;Yes;Normal;Senior;High;Normal
40;Female;77;95;61;60,6;152;52;22,51;0;0;0;0;0;No;Normal;Middle;Normal;Normal
25;Female;94;128;84;50;154;78;32,89;0;0;0;0;0;No;Obese;Young;Normal;Normal
52;Female;113;176;102;140;154;40;16,87;0;1;0;0;0;Yes;Underweight;Senior;High;Diabetes
55;Female;110;182;93;110;152;50;21,64;0;1;0;0;0;Yes;Normal;Senior;High;Prediabetes
35;Female;87;142;88;70;172;73;24,68;0;0;0;0;0;No;Normal;Middle;High;Normal
50;Female;87;186;114;110;172;80;27,04;0;0;0;0;0;No;Overweight;Senior;High;Prediabetes
39;Female;67;192;106;90;172;55;18,59;0;0;0;0;0;No;Normal;Middle;High;Normal
33;Female;88;119;77;60;157;63;25,56;0;0;0;0;0;No;Overweight;Middle;Normal;Normal
50;Female;66;155;107;63,6;155;65;27,06;0;0;0;0;0;No;Overweight;Senior;High;Normal
29;Male;71;192;101;57;163;57;21,45;0;0;0;0;0;No;Normal;Young;High;Normal
35;Male;70;145;91;55,4;152;53;22,94;0;0;0;0;0;No;Normal;Middle;High;Normal
55;Female;77;167;83;111,6;155;52;21,64;0;1;0;0;0;No;Normal;Senior;High;Prediabetes
65;Male;97;113;73;56;170;61;21,11;0;0;0;0;0;No;Normal;Elderly;Normal;Normal
50;Female;84;173;92;151,8;150;60;26,67;0;1;0;0;0;Yes;Overweight;Senior;High;Diabetes
50;Male;64;132;96;87,4;165;60;22,04;0;1;0;0;0;No;Normal;Senior;High;Normal
40;Female;99;128;92;97;152;49;21,21;0;0;0;0;0;No;Normal;Middle;High;Normal
40;Female;74;172;111;93,4;152;52;22,51;0;1;0;0;0;No;Normal;Middle;High;Normal
45;Female;77;128;74;64,2;155;52;21,64;0;0;0;0;0;No;Normal;Middle;Normal;Normal
32;Male;81;133;88;77;168;58;20,55;1;0;1;0;0;No;Normal;Middle;Normal;Normal
55;Male;73;183;80;50,9;170;60;20,76;0;1;0;0;0;Yes;Normal;Senior;High;Normal
60;Male;73;147;101;63,1;163;60;22,58;0;0;0;0;0;No;Normal;Senior;High;Normal
30;Female;82;131;86;53,9;152;55;23,81;0;0;0;0;0;No;Normal;Young;Normal;Normal
60;Male;75;103;63;54;157;52;21,1;0;0;0;0;0;No;Normal;Senior;Normal;Normal
72;Male;65;138;76;55,2;163;60;22,58;0;0;0;0;0;No;Normal;Elderly;Normal;Normal
60;Female;61;175;95;85,3;155;52;21,64;0;0;0;0;0;No;Normal;Senior;High;Normal
33;Female;82;130;85;52;152;50;21,64;0;0;0;0;0;No;Normal;Middle;Normal;Normal
35;Female;82;171;101;45,7;155;52;21,64;0;0;0;0;0;No;Normal;Middle;High;Normal
31;Female;79;129;81;61,1;152;52;22,51;0;0;0;0;0;No;Normal;Middle;Normal;Normal
40;Male;74;126;70;70,3;168;66;23,38;0;0;0;0;0;No;Normal;Middle;Normal;Normal
30;Female;83;133;117;44,7;145;41;19,5;0;0;0;0;0;No;Normal;Young;High;Normal
70;Female;84;179;91;180;147;42;19,44;1;0;1;0;0;No;Normal;Elderly;High;Diabetes
40;Female;100;199;111;56,5;152;52;22,51;0;0;0;0;0;No;Normal;Middle;High;Normal
70;Male;85;131;73;60;157;54;21,91;0;0;0;0;0;No;Normal;Elderly;Normal;Normal
55;Female;80;151;90;82,7;152;58;25,1;0;0;0;0;0;No;Overweight;Senior;High;Normal
30;Female;76;144;97;58,5;152;53;22,94;0;0;0;0;0;No;Normal;Young;High;Normal
40;Female;67;154;87;61,5;152;72;31,16;0;0;0;0;0;No;Obese;Middle;High;Normal
35;Female;80;130;73;82,2;152;52;22,51;0;0;0;0;0;No;Normal;Middle;Normal;Normal
40;Female;59;175;99;76,3;160;52;20,31;0;1;0;0;0;No;Normal;Middle;High;Normal
30;Female;111;145;99;300;134;37;20,61;0;1;0;1;0;Yes;Normal;Young;High;Diabetes
71;Female;71;146;62;110;152;50;21,64;0;1;0;0;0;No;Normal;Elderly;High;Prediabetes
39;Female;88;133;80;190;154;49;20,66;0;0;0;0;0;Yes;Normal;Middle;Normal;Diabetes
44;Female;91;116;72;80;154;49;20,66;0;0;0;0;0;No;Normal;Middle;Normal;Normal
59;Male;68;180;87;60;152;52;22,51;0;1;0;0;0;No;Normal;Senior;High;Normal
54;Female;70;130;76;50;154;51;21,5;0;1;0;0;0;No;Normal;Senior;Normal;Normal
30;Female;79;145;99;170;127;36;22,32;0;1;0;0;0;Yes;Normal;Young;High;Diabetes
45;Female;79;135;87;54,3;150;44;19,56;0;0;0;0;0;No;Normal;Middle;Normal;Normal
45;Female;78;130;78;65,8;152;55;23,81;0;0;0;0;0;No;Normal;Middle;Normal;Normal
40;Male;64;118;74;58,5;152;48,4;20,95;0;0;0;0;0;No;Normal;Middle;Normal;Normal
50;Female;75;134;89;54,2;147;41;18,97;1;0;1;0;0;No;Normal;Senior;Normal;Normal
65;Male;76;130;69;63,5;163;56,3;21,19;0;0;0;0;0;No;Normal;Elderly;Normal;Normal
50;Female;74;153;98;66,1;152;60,5;26,19;0;0;0;0;0;No;Overweight;Senior;High;Normal
32;Male;66;123;76;57,1;152;51;22,07;0;0;0;0;0;No;Normal;Middle;Normal;Normal
55;Female;74;160;93;52,1;152;57,2;24,76;0;0;0;0;0;No;Normal;Senior;High;Normal
52;Female;77;103;77;72,9;157;53;21,5;0;0;0;0;0;No;Normal;Senior;Normal;Normal
30;Female;98;126;94;67,7;147;55,6;25,73;0;0;0;0;0;No;Overweight;Young;High;Normal
30;Female;59;135;94;61;147;33,7;15,6;0;0;0;0;0;No;Underweight;Young;High;Normal
50;Female;65;130;83;79,2;152;58;25,1;0;0;0;0;0;No;Overweight;Senior;Normal;Normal
70;Female;74;184;112;103,4;150;39,3;17,47;0;0;0;0;0;No;Underweight;Elderly;High;Prediabetes
30;Male;66;111;70;56,3;163;43,7;16,45;1;0;1;0;0;No;Underweight;Young;Normal;Normal
32;Male;73;124;73;68,9;157;45;18,26;0;0;0;0;0;No;Underweight;Middle;Normal;Normal
27;Female;64;118;79;74;150;39,5;17,56;0;0;0;0;0;No;Underweight;Young;Normal;Normal
40;Male;79;131;78;66,5;165;62,2;22,85;0;0;0;0;0;No;Normal;Middle;Normal;Normal
30;Female;80;131;81;80,1;160;68,2;26,64;0;0;0;0;0;No;Overweight;Young;Normal;Normal
65;Male;67;121;73;68;170;56,6;19,58;0;0;0;0;0;No;Normal;Elderly;Normal;Normal
45;Female;65;179;86;73,6;157;45,8;18,58;0;0;0;0;0;No;Normal;Middle;High;Normal
75;Male;65;162;101;60;157;51,4;20,85;0;1;0;0;0;No;Normal;Elderly;High;Normal
55;Female;55;207;78;66,7;152;49,1;21,25;0;0;0;0;0;Yes;Normal;Senior;High;Normal
50;Female;60;125;75;71,4;152;50,5;21,86;0;0;0;0;0;No;Normal;Senior;Normal;Normal
45;Male;80;121;80;59,1;157;72,7;29,49;0;0;0;0;0;No;Overweight;Middle;Normal;Normal
45;Male;67;163;101;107,3;163;60;22,58;0;0;0;0;0;No;Normal;Middle;High;Prediabetes
35;Female;66;116;82;60,7;152;66,2;28,65;0;0;0;0;0;No;Overweight;Middle;Normal;Normal
21;Female;73;106;65;77,4;145;43;20,45;0;0;0;0;0;No;Normal;Young;Normal;Normal
35;Male;64;127;73;58,2;163;54;20,32;0;0;0;0;0;No;Normal;Middle;Normal;Normal
22;Female;92;102;65;110;149;52;23,42;0;0;0;0;0;No;Normal;Young;Normal;Prediabetes
35;Female;68;159;86;62;157;55,4;22,48;0;0;0;0;0;No;Normal;Middle;High;Normal
28;Female;59;114;79;62,8;152;48,3;20,91;0;0;0;0;0;No;Normal;Young;Normal;Normal
40;Female;76;131;90;88,1;152;49;21,21;0;0;0;0;0;No;Normal;Middle;High;Normal
25;Female;68;140;79;76;150;46,7;20,76;0;0;0;0;0;No;Normal;Young;High;Normal
40;Male;64;112;66;77,8;157;53;21,5;0;0;0;0;0;No;Normal;Middle;Normal;Normal
35;Female;89;140;91;161,2;152;52;22,51;0;1;0;0;0;Yes;Normal;Middle;High;Diabetes
47;Female;86;129;76;61,1;152;47;20,34;0;0;0;0;0;No;Normal;Senior;Normal;Normal
26;Female;78;129;85;65,3;157;65,9;26,74;0;0;0;0;0;No;Overweight;Young;Normal;Normal
25;Female;72;132;93;62,7;152;54,2;23,46;0;0;0;0;0;No;Normal;Young;High;Normal
62;Female;72;128;88;50;157;64;25,96;0;1;0;1;0;No;Overweight;Elderly;Normal;Normal
30;Female;72;139;84;79,4;155;70,4;29,3;0;0;0;0;0;No;Overweight;Young;Normal;Normal
35;Female;75;120;82;60;154;50;21,08;0;0;0;0;0;No;Normal;Middle;Normal;Normal
43;Female;87;166;111;70;160;69;26,95;0;1;0;0;0;No;Overweight;Middle;High;Normal
33;Female;86;130;90;50;157;56;22,72;0;0;0;0;0;No;Normal;Middle;High;Normal
60;Female;87;130;90;130;154;63;26,56;0;1;0;0;0;Yes;Overweight;Senior;High;Diabetes
50;Female;95;148;101;140;157;59;23,94;0;1;0;0;0;Yes;Normal;Senior;High;Diabetes
64;Female;84;129;72;90;154;55;23,19;0;1;0;0;0;Yes;Normal;Elderly;Normal;Normal
37;Female;80;130;94;90;157;53;21,5;0;1;0;0;0;Yes;Normal;Middle;High;Normal
35;Female;92;130;90;50;152;49;21,21;0;1;0;0;0;No;Normal;Middle;High;Normal
65;Female;86;140;90;100;152;47;20,34;0;1;0;1;0;Yes;Normal;Elderly;High;Normal
40;Female;75;120;80;50;157;61;24,75;0;0;0;0;0;No;Normal;Middle;Normal;Normal
64;Male;91;156;90;180;160;64;25;0;1;0;0;0;Yes;Normal;Elderly;High;Diabetes
38;Female;85;120;80;110;165;68;24,98;0;0;0;0;0;No;Normal;Middle;Normal;Prediabetes
55;Female;77;123;72;300;154;53;22,35;0;0;0;0;0;No;Normal;Senior;Normal;Diabetes
50;Female;87;145;95;200;152;53;22,94;0;0;0;0;0;No;Normal;Senior;High;Diabetes
36;Female;91;144;94;200;157;68;27,59;0;1;0;0;0;Yes;Overweight;Middle;High;Diabetes
52;Male;51;130;89;98,3;163;40;15,06;0;0;0;0;0;No;Underweight;Senior;Normal;Normal
40;Female;52;134;83;62,2;157;52;21,1;0;0;0;0;0;No;Normal;Middle;Normal;Normal
55;Male;66;173;105;61,1;160;50,4;19,69;0;1;0;0;0;No;Normal;Senior;High;Normal
47;Female;90;126;82;56,3;150;39,8;17,69;0;0;0;0;0;No;Underweight;Senior;Normal;Normal
45;Female;68;142;93;66,8;152;45,3;19,61;0;1;0;0;0;No;Normal;Middle;High;Normal
29;Female;84;112;65;90;154;52;21,93;0;0;0;0;0;No;Normal;Young;Normal;Normal
55;Female;75;138;85;90;152;49;21,21;0;1;0;0;0;No;Normal;Senior;Normal;Normal
40;Female;64;137;98;50,7;155;72;29,97;0;0;0;0;0;Yes;Overweight;Middle;High;Normal
30;Female;62;128;68;59;157;51;20,69;0;0;0;0;0;No;Normal;Young;Normal;Normal
55;Female;103;167;103;60;160;65;25,39;0;1;0;0;0;No;Overweight;Senior;High;Normal
61;Female;105;119;81;100;149;52;23,42;0;0;0;0;0;No;Normal;Elderly;Normal;Normal
58;Female;87;154;98;80;157;59;23,94;0;1;0;0;0;Yes;Normal;Senior;High;Normal
39;Female;80;145;89;90;127;40;24,8;0;1;0;0;0;Yes;Normal;Middle;High;Normal
28;Female;66;137;82;46;152;53;22,94;0;0;0;0;0;No;Normal;Young;Normal;Normal
25;Female;105;120;75;74,1;157;71;28,8;0;0;0;0;0;No;Overweight;Young;Normal;Normal
40;Male;72;122;79;90,6;157;62,4;25,32;0;0;0;0;0;No;Overweight;Middle;Normal;Normal
35;Female;78;125;86;189,1;155;61,4;25,56;0;0;0;0;0;No;Overweight;Middle;Normal;Diabetes
42;Male;98;120;90;82,4;157;58,5;23,73;0;0;0;1;0;No;Normal;Middle;High;Normal
38;Female;64;137;82;82;150;58,5;26;0;0;0;0;0;No;Overweight;Middle;Normal;Normal
50;Female;70;149;91;55;152;43,2;18,7;0;0;0;0;0;No;Normal;Senior;High;Normal
30;Male;77;122;73;55,4;163;55,5;20,89;0;0;0;0;0;No;Normal;Young;Normal;Normal
35;Male;73;154;79;89,9;157;56;22,72;0;0;0;0;0;No;Normal;Middle;High;Normal
55;Male;57;153;77;50,9;168;66;23,38;0;0;0;0;0;No;Normal;Senior;High;Normal
67;Male;60;145;99;77,1;163;68;25,59;0;0;0;0;0;No;Overweight;Elderly;High;Normal
55;Female;67;155;102;89,7;150;44;19,56;0;1;0;0;0;No;Normal;Senior;High;Normal
40;Female;78;143;101;140;154;77;32,47;0;1;0;0;0;No;Obese;Middle;High;Diabetes
40;Female;101;147;108;80;152;61;26,4;0;1;0;0;0;Yes;Overweight;Middle;High;Normal
35;Male;62;102;69;63,5;155;53;22,06;0;0;0;0;0;No;Normal;Middle;Normal;Normal
30;Female;73;135;86;98,8;152;51;22,07;0;0;0;0;0;No;Normal;Young;Normal;Normal
55;Male;76;165;87;68,7;152;53;22,94;0;1;0;0;0;No;Normal;Senior;High;Normal
47;Female;62;126;82;81,2;150;45,4;20,18;0;0;0;0;0;No;Normal;Senior;Normal;Normal
49;Female;64;126;77;94,1;155;51;21,23;0;0;0;0;0;No;Normal;Senior;Normal;Normal
35;Female;73;130;89;63;155;58;24,14;0;0;0;0;0;No;Normal;Middle;Normal;Normal
22;Female;61;129;76;94,7;157;52;21,1;0;0;0;0;0;No;Normal;Young;Normal;Normal
52;Female;81;123;67;51,4;152;54;23,37;0;0;0;0;0;No;Normal;Senior;Normal;Normal
45;Female;70;128;79;54;157;50;20,28;0;0;0;0;0;No;Normal;Middle;Normal;Normal
30;Female;74;123;75;57,9;160;57;22,27;0;0;0;0;0;No;Normal;Young;Normal;Normal
36;Female;72;132;90;117,5;152;53;22,94;0;0;0;0;0;No;Normal;Middle;High;Prediabetes
45;Female;79;114;81;76,3;152;55;23,81;0;0;0;0;0;No;Normal;Middle;Normal;Normal
30;Male;66;115;59;58,8;157;57;23,12;0;0;0;0;0;No;Normal;Young;Normal;Normal
30;Female;78;116;63;65;152;54;23,37;0;0;0;0;0;No;Normal;Young;Normal;Normal
55;Female;84;128;82;74,5;155;53;22,06;0;0;0;0;0;No;Normal;Senior;Normal;Normal
22;Male;73;151;98;125,7;165;88,2;32,4;0;0;0;0;0;No;Obese;Young;High;Diabetes
30;Female;60;138;83;55,5;152;65;28,13;0;0;0;0;0;No;Overweight;Young;Normal;Normal
36;Female;78;128;74;84,6;152;48;20,78;0;0;0;0;0;No;Normal;Middle;Normal;Normal
30;Female;65;121;80;97,8;157;75;30,43;0;0;0;0;0;Yes;Obese;Young;Normal;Normal
27;Male;71;123;85;95,4;168;63,8;22,6;0;0;0;0;0;No;Normal;Young;Normal;Normal
25;Female;72;130;76;61,2;150;45;20;0;0;0;0;0;No;Normal;Young;Normal;Normal
38;Female;89;146;95;98,9;152;62;26,84;0;0;0;0;0;No;Overweight;Middle;High;Normal
34;Female;63;128;89;209,2;150;49;21,78;0;0;0;0;0;Yes;Normal;Middle;Normal;Diabetes
25;Female;57;127;83;65,8;157;48,9;19,84;0;0;0;0;0;No;Normal;Young;Normal;Normal
50;Female;53;146;98;71,7;155;52;21,64;0;0;0;0;0;No;Normal;Senior;High;Normal
48;Female;104;120;77;60;160;48;18,75;0;0;0;0;0;Yes;Normal;Senior;Normal;Normal
30;Male;86;124;79;65,6;157;53;21,5;0;0;0;0;0;No;Normal;Young;Normal;Normal
35;Female;71;129;69;63,7;152;52;22,51;0;0;0;0;0;No;Normal;Middle;Normal;Normal
50;Female;65;153;85;91,8;152;48;20,78;0;0;0;0;0;No;Normal;Senior;High;Normal
30;Female;68;141;75;66,8;152;46;19,91;0;0;0;0;0;No;Normal;Young;High;Normal
40;Male;70;155;85;77,7;157;55;22,31;0;0;0;0;0;No;Normal;Middle;High;Normal
32;Female;64;142;80;62,7;152;48;20,78;0;0;0;0;0;No;Normal;Middle;High;Normal
70;Male;82;149;87;66;160;55;21,48;0;1;0;0;0;No;Normal;Elderly;High;Normal
60;Female;59;150;93;71,4;155;53,4;22,23;0;1;0;0;0;No;Normal;Senior;High;Normal
35;Female;68;112;79;72,3;157;55;22,31;0;0;0;0;0;No;Normal;Middle;Normal;Normal
40;Male;76;103;70;59,6;152;48;20,78;0;0;0;0;0;No;Normal;Middle;Normal;Normal
35;Female;113;103;79;78,7;152;52;22,51;0;0;0;0;0;No;Normal;Middle;Normal;Normal
27;Female;71;139;99;50;157;53;21,5;0;0;0;0;0;No;Normal;Young;High;Normal
35;Female;68;135;76;60,5;150;49;21,78;0;0;0;0;0;No;Normal;Middle;Normal;Normal
55;Male;54;108;75;94,8;152;58;25,1;0;0;0;0;0;No;Overweight;Senior;Normal;Normal
45;Female;70;94;64;71;147;53;24,53;0;0;0;0;0;No;Normal;Middle;Normal;Normal
30;Female;75;126;72;69,9;155;55;22,89;0;0;0;0;0;No;Normal;Young;Normal;Normal
70;Male;64;131;81;60,4;168;62;21,97;0;0;0;0;0;No;Normal;Elderly;Normal;Normal
60;Female;59;207;90;63,1;157;57;23,12;0;0;0;0;0;No;Normal;Senior;High;Normal
70;Male;82;153;79;91,3;155;52;21,64;0;0;0;0;0;Yes;Normal;Elderly;High;Normal
45;Female;69;143;85;49,4;150;44;19,56;0;0;0;0;0;No;Normal;Middle;High;Normal
47;Female;71;122;78;73,8;157;53;21,5;0;0;0;0;0;No;Normal;Senior;Normal;Normal
32;Female;71;115;89;58,9;152;52;22,51;0;0;0;0;0;No;Normal;Middle;Normal;Normal
30;Male;63;135;87;44,1;165;61;22,41;0;0;0;0;0;No;Normal;Young;Normal;Normal
55;Male;86;160;99;110;175;70;22,86;0;1;0;0;0;Yes;Normal;Senior;High;Prediabetes
42;Female;83;129;78;50;154;55;23,19;0;0;0;0;0;Yes;Normal;Middle;Normal;Normal
35;Male;67;169;87;70;152;53;22,94;0;0;0;0;0;No;Normal;Middle;High;Normal
55;Male;78;120;80;50;157;50;20,28;0;0;0;0;0;No;Normal;Senior;Normal;Normal
70;Male;53;153;82;72,3;165;53,1;19,5;0;0;0;0;0;No;Normal;Elderly;High;Normal
35;Female;95;163;115;50;154;70;29,52;0;0;0;0;0;Yes;Overweight;Middle;High;Normal
60;Female;62;128;71;58,6;157;52;21,1;0;0;0;0;0;No;Normal;Senior;Normal;Normal
37;Female;99;179;115;60;162;73;27,82;0;0;0;0;0;No;Overweight;Middle;High;Normal
40;Male;72;143;102;60;162;61;23,24;0;0;0;0;0;No;Normal;Middle;High;Normal
45;Male;70;127;78;130;162;55;20,96;0;0;0;0;0;Yes;Normal;Middle;Normal;Diabetes
51;Male;104;177;116;50;162;52;19,81;0;0;0;0;0;No;Normal;Senior;High;Normal
40;Female;74;139;106;65,6;157;52;21,1;0;0;0;0;0;No;Normal;Middle;High;Normal
36;Female;75;136;94;100;160;63;24,61;0;1;0;0;0;Yes;Normal;Middle;High;Normal
53;Male;86;135;91;190;157;64;25,96;0;1;0;0;0;Yes;Overweight;Senior;High;Diabetes
50;Female;80;177;103;54,6;157;52;21,1;0;0;0;0;0;No;Normal;Senior;High;Normal
35;Male;69;129;80;67,6;160;56;21,87;1;0;1;0;0;No;Normal;Middle;Normal;Normal
30;Female;76;92;65;64,3;157;52;21,1;0;0;0;0;0;No;Normal;Young;Normal;Normal
50;Male;63;130;79;55,2;170;63;21,8;0;0;0;0;0;No;Normal;Senior;Normal;Normal
45;Female;58;121;74;50,6;155;53;22,06;0;0;0;0;0;No;Normal;Middle;Normal;Normal
55;Male;63;131;84;83,2;157;58;23,53;0;0;0;0;0;No;Normal;Senior;Normal;Normal
36;Female;68;126;88;97,4;155;52;21,64;0;0;0;0;0;No;Normal;Middle;Normal;Normal
62;Female;77;169;87;68,5;152;47,8;20,69;0;0;0;0;0;No;Normal;Elderly;High;Normal
50;Female;69;116;75;94,6;157;53;21,5;0;0;0;0;0;No;Normal;Senior;Normal;Normal
30;Female;67;126;79;80,4;150;48;21,33;0;0;0;0;0;No;Normal;Young;Normal;Normal
65;Female;59;179;96;65,3;155;58;24,14;0;1;0;0;0;No;Normal;Elderly;High;Normal
54;Male;75;127;78;81,1;170;49,2;17,02;0;0;0;0;0;No;Underweight;Senior;Normal;Normal
35;Female;71;118;83;55,3;160;52,3;20,43;1;0;1;0;0;No;Normal;Middle;Normal;Normal
65;Male;50;170;93;53,6;173;71;23,72;0;0;0;0;0;No;Normal;Elderly;High;Normal
55;Female;77;202;116;167,1;160;51,2;20;0;0;0;0;0;Yes;Normal;Senior;High;Diabetes
70;Male;75;203;96;65,4;160;73,6;28,75;0;0;0;0;0;No;Overweight;Elderly;High;Normal
55;Female;70;180;94;71;155;48,8;20,31;0;0;0;0;0;No;Normal;Senior;High;Normal
50;Male;74;131;74;104,3;157;51,2;20,77;0;0;0;0;0;No;Normal;Senior;Normal;Prediabetes
40;Female;76;146;81;77,4;157;48;19,47;0;0;0;0;0;No;Normal;Middle;High;Normal
37;Female;83;116;78;66;152;70,2;30,38;0;0;0;0;0;No;Obese;Middle;Normal;Normal
70;Male;70;131;75;73,1;155;55;22,89;0;0;0;0;0;No;Normal;Elderly;Normal;Normal
59;Female;82;135;81;81;152;54,3;23,5;0;0;0;0;0;No;Normal;Senior;Normal;Normal
45;Female;66;148;92;48,8;147;49,3;22,81;0;0;0;0;0;No;Normal;Middle;High;Normal
25;Female;84;121;77;67,5;147;37,4;17,31;0;0;0;0;0;No;Underweight;Young;Normal;Normal
49;Female;73;154;93;74,7;155;50,3;20,94;0;0;0;0;0;No;Normal;Senior;High;Normal
42;Female;80;121;77;105,1;147;45;20,82;0;0;0;0;0;No;Normal;Middle;Normal;Prediabetes
45;Female;65;190;100;64,1;150;49,2;21,87;0;0;0;0;0;No;Normal;Middle;High;Normal
25;Male;59;114;70;204;152;47,8;20,69;0;0;0;0;0;No;Normal;Young;Normal;Diabetes
64;Male;63;129;73;69,3;165;47,7;17,52;0;0;0;0;0;No;Underweight;Elderly;Normal;Normal
50;Female;74;119;76;96,3;157;58,2;23,61;0;0;0;0;0;No;Normal;Senior;Normal;Normal
25;Female;85;130;87;63,9;160;82,1;32,07;0;0;0;0;0;No;Obese;Young;Normal;Normal
30;Female;73;127;65;106,6;147;45,8;21,19;0;0;0;0;0;No;Normal;Young;Normal;Prediabetes
47;Male;85;103;74;76,3;168;37,3;13,22;0;0;0;0;0;No;Underweight;Senior;Normal;Normal
35;Female;73;103;62;59,1;142;34,1;16,91;0;0;0;0;0;No;Underweight;Middle;Normal;Normal
56;Male;58;127;81;57,2;168;48,2;17,08;0;0;0;0;0;No;Underweight;Senior;Normal;Normal
52;Female;73;103;79;65;142;42,7;21,18;0;0;0;0;0;No;Normal;Senior;Normal;Normal
35;Female;63;150;82;56;150;42;18,67;0;0;0;0;0;No;Normal;Middle;High;Normal
79;Female;76;149;85;67,3;147;31,3;14,48;0;0;0;0;0;No;Underweight;Elderly;High;Normal
54;Female;66;140;85;56,4;157;45,1;18,3;0;0;0;0;0;No;Underweight;Senior;High;Normal
49;Male;52;128;79;72;160;49,5;19,34;0;0;0;0;0;No;Normal;Senior;Normal;Normal
35;Female;93;102;62;77,8;147;39,8;18,42;0;0;0;0;0;No;Underweight;Middle;Normal;Normal
38;Female;65;137;87;70,2;142;47,4;23,51;0;0;0;0;0;No;Normal;Middle;Normal;Normal
30;Female;56;141;80;90;150;46;20,44;0;0;0;0;0;No;Normal;Young;High;Normal
52;Male;72;122;81;60,4;160;70,1;27,38;0;0;0;0;0;No;Overweight;Senior;Normal;Normal
38;Female;95;116;77;72,3;155;54,4;22,64;0;0;0;0;0;No;Normal;Middle;Normal;Normal
31;Female;67;136;83;139,4;152;51,4;22,25;0;0;0;0;0;No;Normal;Middle;Normal;Diabetes
50;Male;66;143;96;103,4;168;60;21,26;0;0;0;0;0;No;Normal;Senior;High;Prediabetes
35;Female;75;123;78;80,9;152;41;17,75;0;0;0;0;0;No;Underweight;Middle;Normal;Normal
45;Female;97;126;74;67,7;152;53;22,94;0;0;0;0;0;No;Normal;Middle;Normal;Normal
59;Male;71;117;68;74;160;50,2;19,61;0;0;0;0;0;No;Normal;Senior;Normal;Normal
49;Female;52;123;71;61,1;137;47,4;25,25;0;0;0;0;0;No;Overweight;Senior;Normal;Normal
34;Female;82;121;77;96,9;152;52,7;22,81;0;0;0;0;0;No;Normal;Middle;Normal;Normal
51;Female;61;169;92;65,3;142;40,7;20,18;0;0;0;0;0;No;Normal;Senior;High;Normal
54;Female;78;129;76;76,4;168;50,3;17,82;0;0;0;0;0;No;Underweight;Senior;Normal;Normal
40;Male;65;130;77;52,6;165;45,8;16,82;0;0;0;0;0;No;Underweight;Middle;Normal;Normal
30;Female;72;135;86;74,1;147;66,4;30,73;0;0;0;0;0;No;Obese;Young;Normal;Normal
40;Female;66;129;82;80,9;160;47,7;18,63;0;0;0;0;0;No;Normal;Middle;Normal;Normal
43;Male;84;113;75;66,5;157;53,2;21,58;0;0;0;0;0;No;Normal;Middle;Normal;Normal
36;Female;70;119;73;55,9;147;48,1;22,26;0;0;0;0;0;No;Normal;Middle;Normal;Normal
70;Male;84;144;101;106,4;165;57,2;21,01;0;0;0;0;0;No;Normal;Elderly;High;Prediabetes
60;Female;64;206;78;96;150;56,4;25,07;0;0;0;0;0;No;Overweight;Senior;High;Normal
44;Female;82;120;76;90,4;155;47;19,56;0;0;0;0;0;No;Normal;Middle;Normal;Normal
60;Male;67;145;93;95,5;160;66,1;25,82;0;0;0;0;0;Yes;Overweight;Senior;High;Normal
45;Female;75;159;107;58,9;145;71,7;34,1;0;1;0;0;0;Yes;Obese;Middle;High;Normal
22;Male;96;144;95;143,3;165;66;24,24;1;0;1;0;0;No;Normal;Young;High;Diabetes
35;Female;71;168;89;50,7;157;61,4;24,91;0;0;0;0;0;No;Normal;Middle;High;Normal
37;Female;79;135;100;80,4;157;54,5;22,11;0;0;0;0;0;No;Normal;Middle;High;Normal
53;Male;87;93;64;72,7;157;50,6;20,53;0;0;0;0;0;No;Normal;Senior;Normal;Normal
46;Female;72;115;91;88,3;157;65,5;26,57;0;0;0;0;0;No;Overweight;Senior;High;Normal
50;Female;77;130;66;100,8;147;53;24,53;0;0;0;0;0;No;Normal;Senior;Normal;Prediabetes
54;Female;75;130;83;71,9;145;45,1;21,45;0;0;0;0;0;No;Normal;Senior;Normal;Normal
44;Female;79;143;84;72,5;147;63,7;29,48;0;0;0;0;0;No;Overweight;Middle;High;Normal
47;Male;59;86;45;56,3;142;44,1;21,87;0;0;0;0;0;No;Normal;Senior;Normal;Normal
46;Female;70;120;78;91;160;49,2;19,22;0;0;0;0;0;No;Normal;Senior;Normal;Normal
45;Male;75;132;78;57,5;163;60;22,58;0;0;0;0;0;No;Normal;Middle;Normal;Normal
59;Male;82;123;69;68,3;160;50,4;19,69;0;0;0;0;0;No;Normal;Senior;Normal;Normal
33;Female;59;102;68;54,1;155;51,6;21,48;0;0;0;0;0;No;Normal;Middle;Normal;Normal
40;Female;83;131;87;81,3;147;48,1;22,26;0;0;0;0;0;No;Normal;Middle;Normal;Normal
60;Female;73;130;89;62,8;147;44,1;20,41;0;0;0;0;0;No;Normal;Senior;Normal;Normal
38;Female;93;123;87;73,6;157;55;22,31;0;0;0;0;0;No;Normal;Middle;Normal;Normal
56;Female;80;113;64;64,3;147;43,9;20,32;0;0;0;0;0;No;Normal;Senior;Normal;Normal
37;Female;75;127;75;62,8;157;45,8;18,58;0;0;0;0;0;No;Normal;Middle;Normal;Normal
58;Female;72;132;68;112,9;150;58;25,78;0;0;0;0;0;No;Overweight;Senior;Normal;Prediabetes
40;Male;75;152;86;89;155;58,6;24,39;0;0;0;0;0;No;Normal;Middle;High;Normal
42;Female;70;114;71;76,8;145;37,4;17,79;0;0;0;0;0;No;Underweight;Middle;Normal;Normal
50;Male;66;153;98;57,4;160;53,7;20,98;0;0;0;0;0;No;Normal;Senior;High;Normal
44;Female;60;107;71;66,6;152;54;23,37;0;0;0;0;0;No;Normal;Middle;Normal;Normal
55;Female;78;127;73;92,8;147;48;22,21;0;0;0;0;0;No;Normal;Senior;Normal;Normal
30;Female;89;144;95;86,1;152;78,1;33,8;0;0;0;0;0;No;Obese;Young;High;Normal
50;Male;70;154;86;169,9;160;64,4;25,16;0;1;0;0;0;Yes;Overweight;Senior;High;Diabetes
45;Female;79;129;77;58,5;155;55,7;23,18;0;0;0;0;0;No;Normal;Middle;Normal;Normal
38;Female;85;114;72;75,6;157;53;21,5;0;0;0;0;0;No;Normal;Middle;Normal;Normal
50;Female;72;140;92;64,4;152;44,6;19,3;0;0;0;0;0;No;Normal;Senior;High;Normal
45;Female;73;152;88;86,5;152;57,3;24,8;0;0;0;0;0;No;Normal;Middle;High;Normal
60;Male;71;163;91;50,9;163;57,2;21,53;0;1;0;0;0;Yes;Normal;Senior;High;Normal
50;Female;73;144;94;57,4;145;44,4;21,12;0;0;0;0;0;No;Normal;Senior;High;Normal
50;Male;71;110;72;45,7;160;43,2;16,87;0;0;0;0;0;No;Underweight;Senior;Normal;Normal
51;Male;74;110;76;80;162;66;25,15;0;0;0;0;0;No;Overweight;Senior;Normal;Normal
40;Female;71;166;103;43,9;155;55,4;23,06;0;0;0;0;0;No;Normal;Middle;High;Normal
58;Male;74;145;91;70;167;75;26,89;0;0;0;0;0;No;Overweight;Senior;High;Normal
38;Male;83;141;74;60;157;50;20,28;0;0;0;0;0;No;Normal;Middle;High;Normal
35;Female;72;153;76;68,5;150;47,8;21,24;0;0;0;0;0;No;Normal;Middle;High;Normal
51;Male;75;120;60;90;175;75;24,49;0;0;0;0;0;No;Normal;Senior;Normal;Normal
69;Male;79;130;90;90;144;52;25,08;0;0;0;0;0;No;Overweight;Elderly;High;Normal
70;Male;85;120;70;90;162;56;21,34;0;0;0;0;0;No;Normal;Elderly;Normal;Normal
66;Male;95;100;68;100;160;60;23,44;0;0;0;0;0;No;Normal;Elderly;Normal;Normal
51;Male;75;100;70;80;157;52;21,1;0;0;0;0;0;No;Normal;Senior;Normal;Normal
50;Female;78;170;96;74;150;39,3;17,47;0;0;0;0;0;No;Underweight;Senior;High;Normal
49;Female;70;155;93;101,1;157;52,6;21,34;0;0;0;0;0;No;Normal;Senior;High;Prediabetes
60;Male;78;116;66;81;168;63;22,32;0;0;0;0;0;No;Normal;Senior;Normal;Normal
63;Female;70;162;101;75;147;46,2;21,38;0;0;0;0;0;No;Normal;Elderly;High;Normal
25;Female;85;102;62;65,9;160;67,7;26,45;0;0;0;0;0;No;Overweight;Young;Normal;Normal
50;Female;97;150;90;101,7;155;52;21,64;0;0;0;0;0;No;Normal;Senior;High;Prediabetes
59;Male;59;111;65;50,4;168;73;25,86;0;0;0;0;0;No;Overweight;Senior;Normal;Normal
35;Female;90;143;91;76,3;155;56;23,31;0;0;0;0;0;No;Normal;Middle;High;Normal
29;Female;82;113;82;50;157;55;22,31;0;0;0;0;0;No;Normal;Young;Normal;Normal
28;Female;99;128;68;50;162;55;20,96;0;0;0;0;0;No;Normal;Young;Normal;Normal
45;Female;70;152;93;100;160;77;30,08;0;0;0;0;0;No;Obese;Middle;High;Normal
45;Female;97;168;87;120;167;66;23,67;0;1;0;0;0;Yes;Normal;Middle;High;Prediabetes
64;Male;96;126;80;60;154;50;21,08;0;0;0;0;0;No;Normal;Elderly;Normal;Normal
39;Male;91;84;69;50;167;59;21,16;0;0;0;0;0;No;Normal;Middle;Normal;Normal
46;Female;96;144;95;60;160;55;21,48;0;0;0;0;0;No;Normal;Senior;High;Normal
38;Female;91;138;97;90;160;59;23,05;0;0;0;0;0;No;Normal;Middle;High;Normal
51;Female;90;140;90;60;167;55;19,72;0;1;0;0;0;No;Normal;Senior;High;Normal
43;Female;61;120;80;60;160;46;17,97;0;0;0;0;0;No;Underweight;Middle;Normal;Normal
31;Female;71;148;98;50;162;66;25,15;0;0;0;0;0;No;Overweight;Middle;High;Normal
35;Female;99;120;80;50;162;55;20,96;0;0;0;0;0;No;Normal;Middle;Normal;Normal
43;Female;85;97;47;60;160;45;17,58;0;1;0;0;0;Yes;Underweight;Middle;Normal;Normal
55;Male;78;120;49;120;167;49;17,57;0;1;0;0;0;No;Underweight;Senior;Normal;Prediabetes
30;Female;56;138;114;60;167;55;19,72;0;0;0;0;0;No;Normal;Young;High;Normal
74;Male;99;130;90;90;154;65;27,41;0;1;0;0;0;No;Overweight;Elderly;High;Normal
61;Male;76;104;55;90;160;55;21,48;0;0;0;0;0;No;Normal;Elderly;Normal;Normal
38;Female;72;134;100;60;155;230;21,9;0;0;0;0;0;No;Normal;Middle;High;Normal
35;Male;70;148;47;90;160;55;21,48;0;0;0;0;0;No;Normal;Middle;High;Normal
38;Female;94;96;56;300;160;55;21,48;0;0;0;0;0;No;Normal;Middle;Normal;Diabetes
41;Female;99;157;80;90;162;56;21,34;0;0;0;0;0;No;Normal;Middle;High;Normal
65;Male;81;129;90;60;154;50;21,08;0;0;0;0;0;No;Normal;Elderly;High;Normal
24;Male;89;124;77;90;160;59;23,05;0;0;0;0;0;No;Normal;Young;Normal;Normal
31;Male;101;114;82;60;162;62;23,62;0;0;0;0;0;No;Normal;Middle;Normal;Normal
50;Female;76;147;84;72,3;155;67,9;28,26;0;0;0;0;0;No;Overweight;Senior;High;Normal
34;Female;75;118;79;78,2;152;52;22,51;0;0;0;0;0;No;Normal;Middle;Normal;Normal
28;Female;93;117;67;67,5;152;58;25,1;0;0;0;0;0;No;Overweight;Young;Normal;Normal
34;Male;69;143;89;58,8;160;71,5;27,93;0;0;0;0;0;No;Overweight;Middle;High;Normal
40;Female;56;139;79;104,3;147;62,2;28,78;1;0;1;0;0;No;Overweight;Middle;Normal;Prediabetes
50;Female;88;127;64;106;147;39,4;18,23;0;0;0;0;0;No;Underweight;Senior;Normal;Prediabetes
52;Male;80;160;93;254,6;160;60,5;23,63;0;0;0;0;0;No;Normal;Senior;High;Diabetes
45;Female;98;118;76;59,9;147;40;18,51;0;0;0;0;0;No;Normal;Middle;Normal;Normal
49;Female;86;175;107;52,9;155;51,4;21,39;0;0;0;0;0;No;Normal;Senior;High;Normal
38;Male;76;145;89;76,6;173;55,6;18,58;0;0;0;0;0;No;Normal;Middle;High;Normal
34;Female;69;138;75;72,5;150;45,7;20,31;0;0;0;0;0;No;Normal;Middle;Normal;Normal
38;Female;80;200;115;82,5;155;54,5;22,68;0;0;0;0;0;No;Normal;Middle;High;Normal
38;Female;62;163;89;64,1;160;36,3;14,18;0;0;0;0;0;No;Underweight;Middle;High;Normal
55;Female;63;162;89;69,6;150;62,1;27,6;0;1;0;0;0;Yes;Overweight;Senior;High;Normal
25;Female;70;121;75;49,3;147;74,8;34,62;0;0;0;0;0;No;Obese;Young;Normal;Normal
25;Female;69;116;74;89,8;147;64,1;29,66;1;0;1;0;0;No;Overweight;Young;Normal;Normal
30;Female;79;132;92;69,8;142;44,9;22,27;0;0;0;0;0;Yes;Normal;Young;High;Normal
51;Female;73;125;71;71,2;157;49,3;20;0;0;0;0;0;No;Normal;Senior;Normal;Normal
24;Male;88;102;67;137,8;157;62,5;25,36;1;0;1;0;0;No;Overweight;Young;Normal;Diabetes
64;Female;77;155;90;71,1;147;45;20,82;0;0;0;0;0;No;Normal;Elderly;High;Normal
64;Male;84;110;70;95,1;160;54,8;21,41;0;0;0;0;0;No;Normal;Elderly;Normal;Normal
50;Female;51;144;79;83,4;150;44,7;19,87;0;1;0;0;0;No;Normal;Senior;High;Normal
45;Female;61;172;118;69,4;155;62,4;25,97;0;0;0;0;0;No;Overweight;Middle;High;Normal
40;Male;75;130;76;59;163;70;26,35;0;0;0;0;0;No;Overweight;Middle;Normal;Normal
45;Female;89;131;73;76,8;145;47,7;22,69;0;0;0;0;0;No;Normal;Middle;Normal;Normal
54;Male;58;127;61;62,6;157;46,5;18,86;0;0;0;0;0;No;Normal;Senior;Normal;Normal
50;Female;70;197;112;57,8;152;57,8;25,02;0;0;0;0;0;No;Overweight;Senior;High;Normal
35;Female;83;135;73;50,8;157;69;27,99;0;0;0;0;0;No;Overweight;Middle;Normal;Normal
30;Female;73;170;87;73,4;157;41,3;16,76;0;0;0;0;0;No;Underweight;Young;High;Normal
30;Female;87;147;104;71,3;152;68,6;29,69;0;0;0;0;0;No;Overweight;Young;High;Normal
50;Male;69;120;71;68,1;150;52,7;23,42;0;0;0;0;0;No;Normal;Senior;Normal;Normal
52;Female;61;170;96;64,8;157;50,2;20,37;0;0;0;0;0;No;Normal;Senior;High;Normal
26;Female;81;97;66;82,5;155;48,4;20,15;0;0;0;0;0;No;Normal;Young;Normal;Normal
40;Male;59;133;81;58,1;160;61,5;24,02;0;0;0;0;0;No;Normal;Middle;Normal;Normal
33;Female;95;113;76;64,9;155;64,3;26,76;0;0;0;0;0;No;Overweight;Middle;Normal;Normal
40;Female;81;167;107;80;152;84;36,36;0;0;0;0;0;No;Obese;Middle;High;Normal
37;Female;96;104;75;60;144;40;19,29;0;0;0;0;0;No;Normal;Middle;Normal;Normal
54;Male;96;172;112;60;162;72;27,43;0;0;0;0;0;No;Overweight;Senior;High;Normal
44;Female;98;123;79;70;157;55;22,31;0;0;0;0;0;No;Normal;Middle;Normal;Normal
43;Male;96;126;75;50;137;45;23,98;0;0;0;0;0;No;Normal;Middle;Normal;Normal
38;Female;96;120;80;80;157;60;24,34;0;0;0;0;0;No;Normal;Middle;Normal;Normal
60;Male;96;130;85;60;162;60;22,86;0;1;0;0;0;No;Normal;Senior;Normal;Normal
49;Female;96;126;86;80;154;56;23,61;0;1;0;0;0;No;Normal;Senior;Normal;Normal
43;Female;96;141;80;90;157;50;20,28;0;0;0;0;0;No;Normal;Middle;High;Normal
60;Female;78;154;79;90;154;80;33,73;0;1;0;0;0;No;Obese;Senior;High;Normal
25;Female;88;113;69;50;157;55;22,31;0;0;0;0;0;No;Normal;Young;Normal;Normal
36;Male;96;120;77;140;157;55;22,31;1;0;0;0;0;No;Normal;Middle;Normal;Diabetes
25;Female;85;107;70;40;152;49;21,21;0;0;0;0;0;No;Normal;Young;Normal;Normal
71;Male;50;160;78;90;152;50;21,64;0;1;0;0;0;Yes;Normal;Elderly;High;Normal
42;Female;91;158;95;60;160;72;28,12;0;1;0;0;0;No;Overweight;Middle;High;Normal
48;Female;70;106;62;50;157;49;19,88;0;0;0;0;0;No;Normal;Senior;Normal;Normal
22;Female;77;123;68;40;154;56;23,61;0;0;0;0;0;No;Normal;Young;Normal;Normal
30;Female;64;103;55;40;154;46;19,4;0;0;0;0;0;No;Normal;Young;Normal;Normal
40;Female;111;129;102;73;157;52;21,1;0;0;0;0;0;No;Normal;Middle;High;Normal
58;Male;74;139;85;220;154;60;25,3;0;1;0;0;0;No;Overweight;Senior;Normal;Diabetes
64;Male;72;173;84;120;157;70;28,4;0;1;0;0;0;Yes;Overweight;Elderly;High;Prediabetes
42;Female;91;156;95;90;154;66;27,83;0;0;0;0;0;No;Overweight;Middle;High;Normal
35;Female;88;103;75;70;144;54;26,04;0;0;0;0;0;No;Overweight;Middle;Normal;Normal
55;Male;64;117;60;76,4;157;56;22,72;0;0;0;0;0;No;Normal;Senior;Normal;Normal
79;Female;96;142;80;120;152;50;21,64;0;1;0;0;0;Yes;Normal;Elderly;High;Prediabetes
45;Female;82;119;64;81;147;45;20,82;0;0;0;0;0;No;Normal;Middle;Normal;Normal
56;Female;81;116;58;68,4;157;57,1;23,17;0;0;0;0;0;No;Normal;Senior;Normal;Normal
43;Female;70;154;80;66,6;152;43,5;18,83;0;0;0;0;0;No;Normal;Middle;High;Normal
33;Male;52;120;79;69,1;160;63;24,61;0;0;0;0;0;No;Normal;Middle;Normal;Normal
30;Female;63;110;76;78,4;150;60,1;26,71;0;0;0;0;0;No;Overweight;Young;Normal;Normal
30;Female;81;114;74;63,7;152;46,2;20;0;0;0;0;0;No;Normal;Young;Normal;Normal
26;Male;73;113;93;50;162;61;23,24;0;0;0;0;0;No;Normal;Young;High;Normal
45;Female;87;104;66;60;149;62;27,93;0;0;0;0;0;No;Overweight;Middle;Normal;Normal
33;Female;130;104;71;90;154;45;18,97;0;0;0;0;0;No;Normal;Middle;Normal;Normal
35;Male;72;128;82;63,6;170;59;20,42;0;0;0;0;0;No;Normal;Middle;Normal;Normal
35;Male;76;93;57;62,6;155;45,8;19,06;0;0;0;0;0;No;Normal;Middle;Normal;Normal
70;Male;76;123;66;85,9;163;55,5;20,89;0;0;0;0;0;No;Normal;Elderly;Normal;Normal
60;Female;64;152;75;102,6;150;42,6;18,93;0;0;0;0;0;No;Normal;Senior;High;Prediabetes
30;Female;66;142;85;61,7;155;50;20,81;0;0;0;0;0;No;Normal;Young;High;Normal
60;Female;82;150;83;49,4;157;37;15,01;0;0;0;0;0;No;Underweight;Senior;High;Normal
40;Female;80;96;58;79,1;160;49,7;19,41;0;0;0;0;0;No;Normal;Middle;Normal;Normal
40;Female;67;130;99;64,8;145;37,3;17,74;0;0;0;0;0;No;Underweight;Middle;High;Normal
39;Female;101;118;83;70,1;152;49;21,21;0;0;0;0;0;No;Normal;Middle;Normal;Normal
50;Female;80;155;94;72,3;152;42,5;18,4;0;0;0;0;0;No;Underweight;Senior;High;Normal
31;Female;79;134;89;48,2;152;50,3;21,77;0;0;0;0;0;No;Normal;Middle;Normal;Normal
31;Female;72;151;84;86,1;155;68;28,3;1;0;1;0;0;No;Overweight;Middle;High;Normal
30;Female;60;130;73;53,1;160;52;20,31;0;0;0;0;0;No;Normal;Young;Normal;Normal
25;Female;70;121;81;96,7;150;67,8;30,13;0;0;0;0;0;No;Obese;Young;Normal;Normal
63;Female;74;98;60;66,9;152;58,3;25,23;0;0;0;0;0;No;Overweight;Elderly;Normal;Normal
38;Female;71;119;78;142,4;152;60,4;26,14;0;0;0;0;0;No;Overweight;Middle;Normal;Diabetes
34;Female;69;120;66;79,7;152;46,7;20,21;0;0;0;0;0;No;Normal;Middle;Normal;Normal
60;Male;98;122;75;64,9;170;63,4;21,94;0;0;0;0;0;No;Normal;Senior;Normal;Normal
50;Male;63;117;77;66,8;160;58,9;23,01;0;0;0;0;0;No;Normal;Senior;Normal;Normal
60;Female;84;142;74;56,3;122;44,2;29,7;0;0;0;0;0;No;Overweight;Senior;High;Normal
55;Female;77;182;95;62,1;155;57;23,73;0;0;0;0;0;No;Normal;Senior;High;Normal
40;Female;63;163;90;63;155;64,8;26,97;0;1;0;0;0;No;Overweight;Middle;High;Normal
40;Male;90;107;68;77,7;150;42;18,67;0;0;0;0;0;No;Normal;Middle;Normal;Normal
65;Male;78;123;74;86;168;72,9;25,83;0;0;0;0;0;No;Overweight;Elderly;Normal;Normal
62;Female;72;142;77;95,8;142;68,7;34,07;0;0;0;0;0;No;Obese;Elderly;High;Normal
50;Female;103;148;94;170,9;132;45,3;26;0;0;0;0;0;No;Overweight;Senior;High;Diabetes
63;Male;67;179;99;65,7;170;56,4;19,52;0;0;0;0;0;No;Normal;Elderly;High;Normal
55;Female;93;151;98;105,3;142;45,3;22,47;0;0;0;0;0;No;Normal;Senior;High;Prediabetes
33;Female;81;128;72;66,9;147;43;19,9;0;0;0;0;0;No;Normal;Middle;Normal;Normal
43;Female;77;143;92;77;142;53,4;26,48;0;0;0;0;0;No;Overweight;Middle;High;Normal
60;Male;72;125;73;103,2;155;50,2;20,89;0;0;0;0;0;No;Normal;Senior;Normal;Prediabetes
50;Female;85;119;70;99,4;163;52,5;19,76;0;0;0;0;0;No;Normal;Senior;Normal;Normal
60;Female;74;169;94;50,3;152;59,4;25,71;0;0;0;0;0;No;Overweight;Senior;High;Normal
30;Male;65;129;67;57,4;170;48,9;16,92;0;0;0;0;0;No;Underweight;Young;Normal;Normal
65;Female;81;175;92;99,3;152;54,2;23,46;0;0;0;0;0;No;Normal;Elderly;High;Normal
55;Female;100;115;73;60,1;157;50,4;20,45;0;0;0;0;0;No;Normal;Senior;Normal;Normal
50;Female;90;141;72;76,2;145;40,4;19,22;0;0;0;0;0;No;Normal;Senior;High;Normal
60;Male;59;179;89;45,3;142;39,1;19,39;0;0;0;0;0;No;Normal;Senior;High;Normal
55;Female;60;188;93;85,4;137;37,3;19,87;0;0;0;0;0;No;Normal;Senior;High;Normal
30;Female;73;112;85;53,9;150;45;20;0;0;0;0;0;No;Normal;Young;Normal;Normal
35;Female;63;129;75;62,7;160;52;20,31;0;0;0;0;0;No;Normal;Middle;Normal;Normal
50;Female;69;116;72;76,4;145;33,7;16,03;0;0;0;0;0;No;Underweight;Senior;Normal;Normal
30;Male;62;131;68;52,2;150;43,2;19,2;0;0;0;0;0;No;Normal;Young;Normal;Normal
33;Female;56;168;102;70;150;58,6;26,04;0;0;0;0;0;Yes;Overweight;Middle;High;Normal
74;Female;75;137;58;74,2;152;43,1;18,65;0;0;0;0;0;No;Normal;Elderly;Normal;Normal
43;Female;64;161;93;66,9;157;50,4;20,45;0;0;0;0;0;No;Normal;Middle;High;Normal
54;Female;78;159;76;60,7;160;52;20,31;0;0;0;0;0;No;Normal;Senior;High;Normal
35;Male;73;112;57;68;165;63,6;23,36;0;0;0;0;0;No;Normal;Middle;Normal;Normal
35;Female;97;129;94;89,2;145;41,5;19,74;0;0;0;0;0;No;Normal;Middle;High;Normal
40;Female;77;130;75;66,6;147;54;24,99;0;0;0;0;0;No;Normal;Middle;Normal;Normal
55;Male;55;124;82;60,2;163;50,8;19,12;0;0;0;1;0;No;Normal;Senior;Normal;Normal
30;Female;77;123;71;66,1;152;50;21,64;0;0;0;0;0;No;Normal;Young;Normal;Normal
45;Female;60;119;70;66,8;152;55;23,81;0;0;0;0;0;No;Normal;Middle;Normal;Normal
30;Female;80;115;68;56,8;152;52;22,51;0;0;0;0;0;No;Normal;Young;Normal;Normal
50;Female;72;127;80;58,8;152;57,3;24,8;0;0;0;0;0;No;Normal;Senior;Normal;Normal
30;Female;78;142;74;40;152;56,4;24,41;0;0;0;0;0;No;Normal;Young;High;Normal
30;Female;58;130;74;44,1;157;53;21,5;1;0;1;0;0;No;Normal;Young;Normal;Normal
55;Female;74;114;74;61,2;155;65,5;27,26;0;0;0;0;0;No;Overweight;Senior;Normal;Normal
50;Male;57;144;91;94,1;155;56,7;23,6;0;0;0;0;0;No;Normal;Senior;High;Normal
70;Male;60;170;89;70,4;163;65,4;24,62;0;0;0;0;0;No;Normal;Elderly;High;Normal
60;Female;80;160;85;68,3;145;38,2;18,17;0;0;0;0;0;No;Underweight;Senior;High;Normal
70;Male;78;123;70;75,8;163;67;25,22;0;0;0;0;0;No;Overweight;Elderly;Normal;Normal
65;Female;69;133;80;76;155;65,2;27,14;0;0;0;0;0;No;Overweight;Elderly;Normal;Normal
50;Female;82;117;54;73,4;157;56;22,72;0;0;0;0;0;No;Normal;Senior;Normal;Normal
30;Female;85;100;69;87;160;57;22,27;0;0;0;0;0;No;Normal;Young;Normal;Normal
60;Male;77;129;74;78,5;155;57,4;23,89;0;0;0;0;0;No;Normal;Senior;Normal;Normal
50;Female;57;110;69;73,8;155;49,8;20,73;0;0;0;0;0;No;Normal;Senior;Normal;Normal
30;Female;86;127;75;60,4;155;52;21,64;0;0;0;0;0;No;Normal;Young;Normal;Normal
50;Female;83;132;81;79,2;155;56;23,31;0;0;0;0;0;No;Normal;Senior;Normal;Normal
60;Male;81;138;78;85,6;155;69;28,72;0;0;0;0;0;No;Overweight;Senior;Normal;Normal
30;Female;65;135;80;73,3;160;54,1;21,13;0;0;0;0;0;No;Normal;Young;Normal;Normal
60;Female;66;186;94;73,4;160;56;21,87;0;0;0;0;0;No;Normal;Senior;High;Normal
65;Male;70;145;89;64,2;157;53;21,5;0;0;0;0;0;No;Normal;Elderly;High;Normal
66;Female;82;136;84;76,8;157;57;23,12;0;0;0;0;0;No;Normal;Elderly;Normal;Normal
60;Male;75;127;87;67,5;160;56;21,87;0;0;0;0;0;No;Normal;Senior;Normal;Normal
30;Male;58;121;78;67,7;155;56;23,31;0;0;0;0;0;No;Normal;Young;Normal;Normal
50;Female;76;134;81;70;157;56;22,72;0;0;0;0;0;No;Normal;Senior;Normal;Normal
50;Female;68;99;67;58;147;50;23,14;0;0;0;0;0;No;Normal;Senior;Normal;Normal
80;Female;66;206;96;66,6;152;56,8;24,58;0;0;0;0;0;No;Normal;Elderly;High;Normal
25;Male;48;122;74;71;157;53;21,5;1;0;1;0;0;No;Normal;Young;Normal;Normal
25;Female;56;110;71;47,6;155;58,4;24,31;0;0;0;0;0;No;Normal;Young;Normal;Normal
30;Female;69;124;84;56,2;152;62,1;26,88;0;0;0;0;0;No;Overweight;Young;Normal;Normal
32;Female;71;124;82;57,1;152;45;19,48;0;0;0;0;0;No;Normal;Middle;Normal;Normal
50;Male;79;118;86;55,9;165;64,1;23,54;0;0;0;0;0;No;Normal;Senior;Normal;Normal
60;Male;66;131;81;58,6;163;65;24,46;0;0;0;0;0;No;Normal;Senior;Normal;Normal
36;Female;69;177;92;75,9;152;61;26,4;0;0;0;0;0;No;Overweight;Middle;High;Normal
50;Female;78;132;89;68,6;163;65;24,46;0;0;0;0;0;No;Normal;Senior;Normal;Normal
43;Male;72;135;91;65,5;168;65;23,03;1;0;1;0;0;Yes;Normal;Middle;High;Normal
35;Female;71;144;92;67,1;157;56,4;22,88;0;1;0;0;0;No;Normal;Middle;High;Normal
42;Female;59;182;101;57,5;157;57,1;23,17;0;0;0;0;0;No;Normal;Middle;High;Normal
35;Male;74;145;84;73,9;155;53,4;22,23;0;0;0;0;0;No;Normal;Middle;High;Normal
70;Male;56;187;101;71,4;163;63,1;23,75;0;0;0;0;0;No;Normal;Elderly;High;Normal
55;Male;74;158;93;85,1;165;62,1;22,81;0;0;0;0;0;Yes;Normal;Senior;High;Normal
38;Female;58;137;81;73,6;155;54,4;22,64;0;0;0;0;0;No;Normal;Middle;Normal;Normal
36;Female;94;103;72;60,7;155;54,1;22,52;0;0;0;0;0;No;Normal;Middle;Normal;Normal
60;Female;77;135;71;68,8;155;61;25,39;0;1;0;0;0;No;Overweight;Senior;Normal;Normal
35;Female;79;105;71;77,5;160;54;21,09;0;0;0;0;0;No;Normal;Middle;Normal;Normal
35;Male;58;122;91;59,6;165;81,9;30,08;0;0;0;0;0;No;Obese;Middle;High;Normal
31;Female;70;106;73;62,2;152;62,4;27,01;0;0;0;0;0;No;Overweight;Middle;Normal;Normal
65;Male;78;128;84;69,9;160;47;18,36;0;0;0;0;0;No;Underweight;Elderly;Normal;Normal
30;Male;64;103;70;61,2;155;53,1;22,1;0;0;0;0;0;No;Normal;Young;Normal;Normal
55;Female;66;155;100;58,7;157;54,2;21,99;0;0;0;0;0;No;Normal;Senior;High;Normal
48;Male;62;129;79;68,1;163;69;25,97;0;0;0;0;0;No;Overweight;Senior;Normal;Normal
42;Female;71;122;79;64,8;157;57;23,12;0;0;0;0;0;No;Normal;Middle;Normal;Normal
65;Male;72;121;74;101,6;155;72;29,97;0;1;0;1;0;Yes;Overweight;Elderly;Normal;Prediabetes
45;Female;86;143;95;174;157;62;25,15;0;1;0;1;0;Yes;Overweight;Middle;High;Diabetes
50;Female;70;131;87;69;152;49;21,21;0;0;0;0;0;No;Normal;Senior;Normal;Normal
60;Male;77;125;80;205,8;157;56;22,72;0;0;0;0;0;Yes;Normal;Senior;Normal;Diabetes
43;Female;63;139;100;71,4;155;56;23,31;0;1;0;0;0;No;Normal;Middle;High;Normal
60;Female;73;197;109;96,8;152;63;27,27;0;0;0;0;0;No;Overweight;Senior;High;Normal
36;Female;67;100;66;68,4;152;49,1;21,25;0;0;0;0;0;No;Normal;Middle;Normal;Normal
45;Female;73;165;98;100,4;152;45,4;19,65;0;1;0;0;0;No;Normal;Middle;High;Prediabetes
22;Male;71;119;68;72,3;160;56;21,87;1;0;1;0;0;No;Normal;Young;Normal;Normal
60;Male;70;130;85;68,5;157;67,1;27,22;0;0;0;0;0;No;Overweight;Senior;Normal;Normal
35;Female;74;166;106;53,6;152;52;22,51;0;0;0;0;0;No;Normal;Middle;High;Normal
50;Male;80;151;95;96,7;160;65;25,39;0;0;0;0;0;No;Overweight;Senior;High;Normal
40;Female;78;147;84;68,9;147;35;16,2;0;1;0;0;0;No;Underweight;Middle;High;Normal
50;Male;64;128;84;86,3;160;65,4;25,55;0;0;0;0;0;No;Overweight;Senior;Normal;Normal
45;Female;77;165;104;90,6;145;39,1;18,6;0;0;0;0;0;No;Normal;Middle;High;Normal
35;Female;75;110;77;53,6;155;52,1;21,69;0;0;0;0;0;No;Normal;Middle;Normal;Normal
35;Female;86;155;87;260;152;51,2;22,16;0;0;0;0;0;No;Normal;Middle;High;Diabetes
60;Male;64;143;73;43,7;157;59,1;23,98;0;0;0;0;0;No;Normal;Senior;High;Normal
30;Female;62;103;67;78,6;157;52;21,1;0;0;0;0;0;No;Normal;Young;Normal;Normal
40;Female;92;172;101;77,7;155;54,2;22,56;0;0;0;0;0;No;Normal;Middle;High;Normal
40;Female;79;144;73;55,6;155;42;17,48;0;0;0;0;0;No;Underweight;Middle;High;Normal
70;Male;66;145;94;86,5;157;50,6;20,53;0;0;0;1;0;No;Normal;Elderly;High;Normal
48;Female;74;128;84;53,5;155;47,7;19,85;0;0;0;1;0;No;Normal;Senior;Normal;Normal
36;Female;80;132;75;56,9;150;52;23,11;0;0;0;0;0;No;Normal;Middle;Normal;Normal
50;Female;75;159;90;67,1;155;65;27,06;0;1;0;0;0;No;Overweight;Senior;High;Normal
28;Male;82;129;83;50,2;157;59;23,94;0;0;0;0;0;No;Normal;Young;Normal;Normal
70;Male;65;144;82;54,1;160;65,3;25,51;0;1;0;0;0;No;Overweight;Elderly;High;Normal
30;Female;88;154;102;58,3;150;40,7;18,09;0;0;0;0;0;No;Underweight;Young;High;Normal
65;Male;72;132;78;67;157;58;23,53;0;0;0;0;0;No;Normal;Elderly;Normal;Normal
40;Female;86;136;88;69,9;160;74,8;29,22;0;0;0;0;0;No;Overweight;Middle;Normal;Normal
60;Female;69;117;74;73,2;155;56,4;23,48;0;0;0;0;0;No;Normal;Senior;Normal;Normal
55;Female;71;140;78;70,9;150;52,3;23,24;0;0;0;0;0;No;Normal;Senior;High;Normal
32;Female;90;126;85;67,4;152;54,1;23,42;0;0;0;0;0;No;Normal;Middle;Normal;Normal
37;Female;63;112;67;54,5;147;45;20,82;0;0;0;1;0;No;Normal;Middle;Normal;Normal
52;Male;77;129;90;55,6;160;63,8;24,92;0;0;0;0;0;Yes;Normal;Senior;High;Normal
47;Female;84;129;83;40,5;152;54;23,37;0;0;0;0;0;No;Normal;Senior;Normal;Normal
57;Male;73;128;86;48,9;163;67;25,22;0;1;0;0;0;Yes;Overweight;Senior;Normal;Normal
52;Female;73;153;86;55,9;152;63,8;27,61;0;0;0;0;0;Yes;Overweight;Senior;High;Normal
27;Male;91;116;82;57,2;160;65,7;25,66;1;0;1;0;0;No;Overweight;Young;Normal;Normal
24;Female;84;120;92;64,3;152;65,5;28,35;0;0;0;0;0;No;Overweight;Young;High;Normal
31;Male;72;122;75;80,9;163;59;22,21;0;0;0;0;0;No;Normal;Middle;Normal;Normal
50;Female;58;166;82;54,6;157;56,7;23;0;0;0;0;0;No;Normal;Senior;High;Normal
60;Male;65;114;82;74,1;155;58,2;24,22;0;0;0;0;0;No;Normal;Senior;Normal;Normal
28;Female;66;153;86;72,3;155;60,1;25,02;0;0;0;0;0;No;Overweight;Young;High;Normal
35;Female;91;129;85;65;152;57,4;24,84;0;0;0;0;0;No;Normal;Middle;Normal;Normal
30;Male;61;119;80;300;162;51;19,43;0;0;0;0;0;No;Normal;Young;Normal;Diabetes
26;Female;82;123;77;300;152;61;26,4;0;0;0;0;0;No;Overweight;Young;Normal;Diabetes
47;Male;78;101;72;78,4;157;46,8;18,99;0;0;0;0;0;No;Normal;Senior;Normal;Normal
35;Female;69;123;86;72,3;155;64,6;26,89;0;0;0;0;0;No;Overweight;Middle;Normal;Normal
50;Female;85;158;76;64,1;150;42,1;18,71;0;0;0;0;0;No;Normal;Senior;High;Normal
32;Female;76;123;72;74,2;155;45,7;19,02;0;0;0;0;0;No;Normal;Middle;Normal;Normal
42;Female;78;132;92;97,6;155;65,7;27,35;0;0;0;0;0;No;Overweight;Middle;High;Normal
60;Female;65;142;92;71,5;152;45,8;19,82;0;1;0;0;0;No;Normal;Senior;High;Normal
70;Male;83;181;91;90,8;160;56,7;22,15;0;0;0;0;0;No;Normal;Elderly;High;Normal
60;Female;39;119;78;94,4;150;42,5;18,89;0;0;0;0;0;No;Normal;Senior;Normal;Normal
48;Female;72;134;82;99,9;155;78,2;32,55;0;0;0;0;0;No;Obese;Senior;Normal;Normal
40;Female;74;133;92;60,6;155;60,4;25,14;0;0;0;0;0;No;Overweight;Middle;High;Normal
35;Female;81;126;71;66,8;157;52,7;21,38;0;0;0;0;0;No;Normal;Middle;Normal;Normal
60;Male;103;111;70;85,9;152;46,8;20,26;0;0;0;0;0;No;Normal;Senior;Normal;Normal
28;Female;80;102;66;100;160;52;20,31;0;0;0;0;0;Yes;Normal;Young;Normal;Normal
45;Female;50;131;92;50;165;71;26,08;0;0;0;0;0;No;Overweight;Middle;High;Normal
46;Female;73;174;88;73,1;155;51;21,23;0;0;0;0;0;No;Normal;Senior;High;Normal
33;Female;82;128;74;81,4;155;57;23,73;0;0;0;0;0;No;Normal;Middle;Normal;Normal
70;Male;67;138;81;63,8;163;55;20,7;0;0;0;0;0;No;Normal;Elderly;Normal;Normal
42;Female;78;135;81;57,7;155;61;25,39;0;0;0;0;0;No;Overweight;Middle;Normal;Normal
52;Female;88;141;90;67,7;157;51,5;20,89;0;0;0;0;0;No;Normal;Senior;High;Normal
45;Female;91;119;73;65,5;157;53;21,5;0;0;0;0;0;No;Normal;Middle;Normal;Normal
38;Male;75;130;74;53,4;155;65,8;27,39;0;0;0;0;0;No;Overweight;Middle;Normal;Normal
25;Female;81;113;86;98,8;155;67,6;28,14;0;0;0;0;0;No;Overweight;Young;Normal;Normal
35;Female;93;116;79;71,5;160;46;17,97;0;0;0;0;0;No;Underweight;Middle;Normal;Normal
50;Female;69;155;83;96,5;157;49,8;20,2;0;0;0;1;0;No;Normal;Senior;High;Normal
23;Female;67;117;71;65;152;54,9;23,76;0;0;0;0;0;No;Normal;Young;Normal;Normal
65;Male;88;195;108;101,6;160;72;28,12;0;0;0;0;0;No;Overweight;Elderly;High;Prediabetes
45;Female;81;127;92;82,4;152;45;19,48;0;0;0;0;0;No;Normal;Middle;High;Normal
30;Female;82;119;75;75,9;155;56,4;23,48;0;0;0;0;0;No;Normal;Young;Normal;Normal
42;Female;94;92;61;70,2;157;51,4;20,85;0;0;0;0;0;No;Normal;Middle;Normal;Normal
65;Female;90;105;62;84,1;155;68;28,3;0;0;0;0;0;No;Overweight;Elderly;Normal;Normal
35;Male;63;130;86;71,7;160;61;23,83;0;0;0;0;0;No;Normal;Middle;Normal;Normal
70;Male;66;145;85;53,4;165;59,5;21,85;0;0;0;0;0;No;Normal;Elderly;High;Normal
65;Female;77;173;99;58,2;157;65;26,37;0;1;0;0;0;No;Overweight;Elderly;High;Normal
30;Female;78;116;68;59,3;157;52;21,1;0;0;0;0;0;No;Normal;Young;Normal;Normal
35;Male;66;149;62;71,4;160;56;21,87;0;0;0;0;0;No;Normal;Middle;High;Normal
60;Female;80;168;92;123,5;152;39;16,88;0;1;0;0;0;Yes;Underweight;Senior;High;Prediabetes
30;Female;78;129;84;64,2;157;56;22,72;0;0;0;0;0;Yes;Normal;Young;Normal;Normal
50;Female;88;115;75;101,7;155;45,8;19,06;0;0;0;0;0;No;Normal;Senior;Normal;Prediabetes
50;Female;76;127;83;56,3;152;42;18,18;0;0;0;0;0;No;Underweight;Senior;Normal;Normal
40;Female;72;124;88;64,9;155;56;23,31;0;0;0;0;0;No;Normal;Middle;Normal;Normal
50;Male;83;145;71;76,1;168;61;21,61;0;0;0;0;0;No;Normal;Senior;High;Normal
35;Male;92;133;101;64,1;165;58,2;21,38;0;0;0;0;0;No;Normal;Middle;High;Normal
50;Female;83;124;79;104,9;152;56;24,24;0;0;0;0;0;No;Normal;Senior;Normal;Prediabetes
30;Female;75;140;88;54,7;152;44;19,04;0;0;0;0;0;No;Normal;Young;High;Normal
32;Female;82;139;76;61,9;155;47,8;19,9;0;0;0;0;0;No;Normal;Middle;Normal;Normal
22;Female;83;124;80;66,4;155;63;26,22;0;0;0;0;0;No;Overweight;Young;Normal;Normal
70;Male;58;147;77;93,2;173;72;24,06;0;0;0;0;0;No;Normal;Elderly;High;Normal
60;Female;78;121;103;57,7;150;51,8;23,02;0;0;0;0;0;No;Normal;Senior;High;Normal
45;Male;82;129;90;51,5;155;57,4;23,89;1;0;1;0;0;No;Normal;Middle;High;Normal
32;Female;80;152;100;57,6;152;62,9;27,22;0;0;0;0;0;No;Overweight;Middle;High;Normal
35;Male;36;126;79;67,4;163;62,1;23,37;0;0;0;0;0;No;Normal;Middle;Normal;Normal
35;Female;66;162;109;41,4;157;56,4;22,88;0;0;0;0;0;No;Normal;Middle;High;Normal
50;Female;76;119;79;74,6;155;45,5;18,94;0;0;0;0;0;No;Normal;Senior;Normal;Normal
65;Male;73;130;82;72;165;61,1;22,44;0;0;0;0;0;No;Normal;Elderly;Normal;Normal
55;Female;75;150;80;76,3;147;36;16,66;0;0;0;0;0;No;Underweight;Senior;High;Normal
28;Female;80;138;78;72,5;155;62,1;25,85;0;0;0;0;0;No;Overweight;Young;Normal;Normal
60;Female;82;151;93;108,4;147;39,8;18,42;0;1;0;0;1;No;Underweight;Senior;High;Prediabetes
42;Male;82;169;102;77,4;160;63,1;24,65;0;0;0;0;0;No;Normal;Middle;High;Normal
38;Female;70;131;72;351;152;45,4;19,65;0;0;0;0;0;No;Normal;Middle;Normal;Diabetes
66;Male;66;134;80;75,2;147;39,8;18,42;0;0;0;0;0;No;Underweight;Elderly;Normal;Normal
35;Female;65;113;66;81,6;147;41,1;19,02;1;0;1;0;0;No;Normal;Middle;Normal;Normal
25;Female;81;139;87;61,8;157;56,4;22,88;0;0;0;0;0;No;Normal;Young;Normal;Normal
40;Female;61;138;89;74,6;150;48,2;21,42;0;0;0;0;0;No;Normal;Middle;Normal;Normal
65;Female;83;144;92;126,2;152;36,1;15,62;0;0;0;0;0;Yes;Underweight;Elderly;High;Diabetes
35;Male;79;125;79;65,3;157;58,3;23,65;0;0;0;0;0;No;Normal;Middle;Normal;Normal
30;Female;73;145;92;128,1;157;51,1;20,73;0;0;0;0;0;No;Normal;Young;High;Diabetes
30;Female;72;120;63;98,2;155;51,2;21,31;0;0;0;0;0;No;Normal;Young;Normal;Normal
43;Female;81;144;89;115,2;155;52;21,64;0;0;0;0;0;No;Normal;Middle;High;Prediabetes
55;Male;102;115;82;66,7;165;64;23,51;0;0;0;0;0;No;Normal;Senior;Normal;Normal
50;Female;80;123;86;69,2;155;56,7;23,6;0;0;0;0;0;No;Normal;Senior;Normal;Normal
40;Female;83;128;86;58,8;152;54;23,37;0;0;0;0;0;No;Normal;Middle;Normal;Normal
40;Female;64;148;91;105,6;152;48,9;21,17;0;0;0;0;0;No;Normal;Middle;High;Prediabetes
40;Female;68;156;86;67,1;155;56,2;23,39;0;0;0;0;0;No;Normal;Middle;High;Normal
30;Male;45;145;83;74,3;165;57,4;21,08;0;0;0;0;0;No;Normal;Young;High;Normal
30;Female;83;116;55;77,1;155;52;21,64;0;0;0;0;0;No;Normal;Young;Normal;Normal
65;Male;64;191;96;61;152;56;24,24;0;1;0;0;0;No;Normal;Elderly;High;Normal
65;Male;82;111;73;81,1;165;62;22,77;0;0;0;0;0;No;Normal;Elderly;Normal;Normal
35;Female;77;124;75;62,2;152;40;17,31;0;0;0;0;0;No;Underweight;Middle;Normal;Normal
75;Male;79;102;67;59,7;157;48;19,47;0;0;0;0;0;No;Normal;Elderly;Normal;Normal
36;Male;69;115;61;60,9;165;56;20,57;1;0;1;0;0;No;Normal;Middle;Normal;Normal
30;Female;91;101;77;60,7;152;48,8;21,12;0;0;0;0;0;No;Normal;Young;Normal;Normal
30;Male;51;124;83;59,3;160;48;18,75;0;0;0;0;0;No;Normal;Young;Normal;Normal
26;Female;70;116;76;48,3;152;52;22,51;0;0;0;0;0;No;Normal;Young;Normal;Normal
57;Male;64;165;92;117,2;157;60;24,34;0;0;0;0;0;No;Normal;Senior;High;Prediabetes
50;Male;43;199;74;67,9;157;58,7;23,81;0;0;0;0;0;No;Normal;Senior;High;Normal
40;Female;91;163;113;74,3;157;63,4;25,72;0;0;0;0;0;No;Overweight;Middle;High;Normal
30;Female;75;124;76;71,7;155;73;30,39;0;0;0;0;0;No;Obese;Young;Normal;Normal
65;Female;54;158;99;70,8;160;40,3;15,74;0;1;0;0;0;No;Underweight;Elderly;High;Normal
45;Female;43;199;81;66,6;152;47;20,34;0;0;0;0;0;No;Normal;Middle;High;Normal
65;Male;54;169;108;75,4;160;54,5;21,29;0;0;0;0;0;No;Normal;Elderly;High;Normal
55;Female;62;137;82;60,1;152;36,6;15,84;0;0;0;0;0;No;Underweight;Senior;Normal;Normal
49;Female;73;155;96;281,7;152;49;21,21;0;0;0;0;0;No;Normal;Senior;High;Diabetes
39;Female;74;119;80;61,3;152;55;23,81;0;0;0;0;0;No;Normal;Middle;Normal;Normal
33;Female;60;139;99;51,4;147;48;22,21;0;0;0;0;0;No;Normal;Middle;High;Normal
35;Female;75;132;87;59,4;152;53,4;23,11;0;0;0;0;0;No;Normal;Middle;Normal;Normal
74;Female;56;172;103;59,6;155;39,8;16,57;0;0;0;0;0;No;Underweight;Elderly;High;Normal
39;Female;87;139;95;168,4;152;72,4;31,34;0;0;0;0;0;No;Obese;Middle;High;Diabetes
31;Male;64;105;72;49,9;152;48;20,78;0;0;0;0;0;No;Normal;Middle;Normal;Normal
45;Female;72;137;81;55,4;147;41,2;19,07;0;0;0;0;0;No;Normal;Middle;Normal;Normal
70;Male;64;123;60;60,9;152;50;21,64;0;0;0;0;0;No;Normal;Elderly;Normal;Normal
30;Male;65;119;71;49,7;152;45,4;19,65;0;0;0;0;0;No;Normal;Young;Normal;Normal
60;Female;70;125;73;80,2;155;54;22,48;0;0;0;0;0;No;Normal;Senior;Normal;Normal
50;Female;73;120;65;63,8;155;52;21,64;0;0;0;0;0;No;Normal;Senior;Normal;Normal
65;Female;84;127;64;88,7;155;35,1;14,61;0;0;0;0;0;No;Underweight;Elderly;Normal;Normal
45;Male;60;115;66;71,2;163;54,8;20,63;0;0;0;0;0;No;Normal;Middle;Normal;Normal
60;Female;70;153;90;58,8;147;50,7;23,46;0;0;0;0;0;No;Normal;Senior;High;Normal
50;Male;70;139;89;67;160;49;19,14;0;0;0;0;0;No;Normal;Senior;Normal;Normal
40;Female;67;120;81;65;152;48,7;21,08;0;0;0;0;0;No;Normal;Middle;Normal;Normal
45;Male;51;139;85;80,5;155;40;16,65;0;0;0;0;0;No;Underweight;Middle;Normal;Normal
32;Female;90;142;81;67,7;155;76;31,63;0;0;0;0;0;No;Obese;Middle;High;Normal
60;Male;72;115;69;64,6;163;51;19,2;0;0;0;0;0;No;Normal;Senior;Normal;Normal
57;Female;82;101;73;61,7;155;39,5;16,44;0;0;0;0;0;No;Underweight;Senior;Normal;Normal
70;Male;53;160;76;77,1;157;55;22,31;0;0;0;0;0;No;Normal;Elderly;High;Normal
76;Male;69;103;74;59,5;163;40;15,06;0;0;0;0;0;No;Underweight;Elderly;Normal;Normal
52;Female;85;135;84;76,4;150;49;21,78;0;0;0;0;0;No;Normal;Senior;Normal;Normal
32;Male;75;127;72;68,2;163;75,1;28,27;0;0;0;0;0;No;Overweight;Middle;Normal;Normal
55;Female;89;122;81;72,6;152;57;24,67;0;0;0;0;0;No;Normal;Senior;Normal;Normal
59;Male;66;121;88;61,3;163;55;20,7;0;0;0;0;0;No;Normal;Senior;Normal;Normal
41;Female;66;119;82;99,3;152;46;19,91;0;0;0;0;0;No;Normal;Middle;Normal;Normal
60;Male;55;171;105;73,2;155;55;22,89;0;0;0;0;0;No;Normal;Senior;High;Normal
50;Female;60;135;89;68,9;155;52;21,64;0;0;0;0;0;No;Normal;Senior;Normal;Normal
43;Female;66;131;89;55,7;155;60,4;25,14;0;0;0;0;0;No;Overweight;Middle;Normal;Normal
40;Male;58;112;83;77,1;160;58,3;22,77;0;0;0;0;0;No;Normal;Middle;Normal;Normal
35;Female;57;119;74;63,3;152;48,9;21,17;0;0;0;0;0;No;Normal;Middle;Normal;Normal
30;Female;71;140;99;59,5;147;65;30,08;0;0;0;0;0;No;Obese;Young;High;Normal
37;Female;74;135;89;67;152;68,3;29,56;0;0;0;0;0;No;Overweight;Middle;Normal;Normal
57;Male;68;152;96;49,9;157;60;24,34;0;1;0;0;0;Yes;Normal;Senior;High;Normal
65;Male;65;147;76;78,6;155;57,1;23,77;0;0;0;0;0;No;Normal;Elderly;High;Normal
55;Female;81;133;96;50;152;49,1;21,25;0;0;0;0;0;No;Normal;Senior;High;Normal
39;Male;58;129;79;49,8;165;55,4;20,35;0;0;0;0;0;No;Normal;Middle;Normal;Normal
52;Female;65;131;117;53,7;152;56;24,24;0;0;0;0;0;No;Normal;Senior;High;Normal
60;Female;72;104;69;67,1;145;48;22,83;0;0;0;0;0;No;Normal;Senior;Normal;Normal
59;Female;59;132;96;87,4;147;39,9;18,46;0;0;0;0;0;No;Underweight;Senior;High;Normal
40;Female;86;117;88;94;147;48;22,21;0;0;0;0;0;No;Normal;Middle;Normal;Normal
42;Male;76;114;77;71;155;59;24,56;0;0;0;0;0;No;Normal;Middle;Normal;Normal
34;Female;85;128;85;67,1;147;44,3;20,5;0;0;0;0;0;No;Normal;Middle;Normal;Normal
35;Female;68;114;75;71,2;152;83;35,92;0;0;0;0;0;No;Obese;Middle;Normal;Normal
53;Male;71;121;80;47;157;39;15,82;0;0;0;0;0;No;Underweight;Senior;Normal;Normal
42;Female;78;135;101;53,4;152;81,8;35,41;0;0;0;0;0;No;Obese;Middle;High;Normal
36;Male;86;119;90;52,5;160;56;21,87;0;0;0;0;0;No;Normal;Middle;High;Normal
32;Female;71;154;91;52,7;150;62;27,56;0;0;0;0;0;No;Overweight;Middle;High;Normal
65;Male;74;147;88;75,4;147;47;21,75;0;0;0;0;0;No;Normal;Elderly;High;Normal
40;Male;61;173;99;73,5;160;48,1;18,79;0;0;0;0;0;No;Normal;Middle;High;Normal
35;Female;67;123;88;82,2;155;45,6;18,98;0;0;0;0;0;No;Normal;Middle;Normal;Normal
42;Female;79;111;68;67,7;152;49,8;21,55;0;0;0;0;0;No;Normal;Middle;Normal;Normal
50;Female;68;99;63;55,2;155;42,3;17,61;0;0;0;0;0;No;Underweight;Senior;Normal;Normal
54;Male;60;171;94;51,9;160;46,7;18,24;0;0;0;0;0;No;Underweight;Senior;High;Normal
50;Female;66;94;70;69,2;147;41,9;19,39;0;0;0;0;0;No;Normal;Senior;Normal;Normal
35;Female;69;108;77;79,9;152;43;18,61;0;0;0;0;0;No;Normal;Middle;Normal;Normal
38;Male;80;111;80;75,6;152;38;16,45;0;0;0;0;0;No;Underweight;Middle;Normal;Normal
34;Female;76;116;77;57,2;155;42,8;17,81;0;0;0;0;0;No;Underweight;Middle;Normal;Normal
80;Female;51;130;76;136,2;150;40;17,78;0;0;0;0;0;No;Underweight;Elderly;Normal;Diabetes
38;Male;74;128;80;65,8;160;63,1;24,65;0;0;0;0;0;No;Normal;Middle;Normal;Normal
27;Female;88;94;64;75;137;41;21,84;0;0;0;0;0;No;Normal;Young;Normal;Normal
62;Male;64;144;81;78,7;168;62,6;22,18;0;0;0;0;0;No;Normal;Elderly;High;Normal
49;Female;66;150;96;53,2;155;55;22,89;0;0;0;0;0;No;Normal;Senior;High;Normal
69;Female;79;138;82;73,3;152;48;20,78;0;0;0;0;0;No;Normal;Elderly;Normal;Normal
70;Male;53;129;68;75,7;168;69,7;24,7;0;0;0;0;0;No;Normal;Elderly;Normal;Normal
60;Female;81;141;79;57,4;157;54;21,91;0;0;0;0;0;No;Normal;Senior;High;Normal
50;Female;68;156;96;65,3;152;50;21,64;0;0;0;0;0;No;Normal;Senior;High;Normal
30;Female;103;128;113;77,9;152;69;29,86;0;0;0;0;0;No;Overweight;Young;High;Normal
45;Female;64;130;83;86,7;152;46;19,91;0;0;0;0;0;No;Normal;Middle;Normal;Normal
47;Male;76;110;73;50,4;160;44;17,19;0;0;0;0;0;No;Underweight;Senior;Normal;Normal
35;Female;80;101;70;70,7;152;44;19,04;0;0;0;0;0;No;Normal;Middle;Normal;Normal
40;Male;65;121;79;47,1;163;60;22,58;0;0;0;0;0;No;Normal;Middle;Normal;Normal
40;Female;81;156;114;105,7;147;66,7;30,87;0;1;0;0;0;Yes;Obese;Middle;High;Prediabetes
39;Female;90;113;74;71,7;155;56,7;23,6;0;0;0;0;0;No;Normal;Middle;Normal;Normal
59;Female;89;146;67;160;142;62;30,75;0;1;0;0;0;No;Obese;Senior;High;Diabetes
71;Male;83;135;76;59,4;155;55;22,89;0;0;0;0;0;No;Normal;Elderly;Normal;Normal
55;Male;76;136;77;78,2;155;47,9;19,94;0;0;0;0;0;No;Normal;Senior;Normal;Normal
54;Female;56;118;74;54,3;155;41;17,07;0;0;0;0;0;No;Underweight;Senior;Normal;Normal
54;Female;70;147;86;61;152;60;25,97;0;0;0;0;0;No;Overweight;Senior;High;Normal
60;Female;54;167;106;61,6;152;40,5;17,53;0;0;0;0;0;No;Underweight;Senior;High;Normal
48;Male;68;122;99;48,5;160;57,2;22,34;0;0;0;0;0;No;Normal;Senior;High;Normal
46;Male;81;147;88;78;163;64;24,09;0;0;0;0;0;No;Normal;Senior;High;Normal
65;Female;68;136;77;73,9;152;39,8;17,23;0;0;0;0;0;No;Underweight;Elderly;Normal;Normal
30;Female;85;115;80;88,5;145;48,4;23,02;0;0;0;0;0;No;Normal;Young;Normal;Normal
35;Male;87;130;102;59,6;157;67,7;27,47;0;1;0;0;0;No;Overweight;Middle;High;Normal
59;Male;64;134;77;99;157;48;19,47;0;0;0;0;0;No;Normal;Senior;Normal;Normal
50;Female;70;132;78;71;150;52,1;23,16;0;0;0;0;0;No;Normal;Senior;Normal;Normal
79;Female;70;130;119;86,9;145;44,3;21,07;0;0;0;0;0;No;Normal;Elderly;High;Normal
61;Male;63;150;81;89,8;160;55,7;21,76;0;0;0;0;0;No;Normal;Elderly;High;Normal
56;Female;64;116;75;75,2;147;40,5;18,74;0;0;0;0;0;No;Normal;Senior;Normal;Normal
28;Female;69;110;79;69,1;152;64;27,7;0;0;0;0;0;No;Overweight;Young;Normal;Normal
27;Female;97;123;83;47,7;152;61;26,4;0;0;0;0;0;No;Overweight;Young;Normal;Normal
58;Female;64;126;79;68,2;145;42;19,98;0;0;0;0;0;No;Normal;Senior;Normal;Normal
38;Female;64;156;101;82,8;152;50,8;21,99;0;0;0;0;0;No;Normal;Middle;High;Normal
65;Male;91;171;94;66,6;152;55,7;24,11;0;0;0;0;0;No;Normal;Elderly;High;Normal
50;Female;80;129;90;116,1;145;56,2;26,73;0;0;0;0;0;No;Overweight;Senior;High;Prediabetes
65;Male;70;144;79;61,8;160;51,4;20,08;0;0;0;0;0;No;Normal;Elderly;High;Normal
32;Male;98;119;76;72,3;173;56;18,71;0;0;0;0;0;No;Normal;Middle;Normal;Normal
28;Female;97;125;77;86,2;152;83,9;36,31;0;0;0;0;0;No;Obese;Young;Normal;Normal
27;Female;82;150;105;92,5;150;56,6;25,16;0;0;0;0;0;No;Overweight;Young;High;Normal
65;Male;97;160;87;77,5;147;46;21,29;0;0;0;0;0;No;Normal;Elderly;High;Normal
58;Female;85;132;83;79,9;150;46;20,44;0;0;0;0;0;No;Normal;Senior;Normal;Normal
32;Female;69;148;85;72,8;155;47,8;19,9;0;0;0;0;0;No;Normal;Middle;High;Normal
52;Male;89;146;92;91,7;155;53,8;22,39;0;0;0;0;0;No;Normal;Senior;High;Normal
76;Female;81;170;88;73,5;152;41,5;17,96;0;0;0;0;0;No;Underweight;Elderly;High;Normal
37;Female;79;141;95;84,9;152;57,4;24,84;1;0;1;0;0;No;Normal;Middle;High;Normal
47;Male;65;134;102;60,8;157;69;27,99;0;0;0;0;0;Yes;Overweight;Senior;High;Normal
40;Male;75;117;71;49,4;163;62;23,34;0;0;0;0;0;No;Normal;Middle;Normal;Normal
30;Female;67;100;67;67,3;150;45;20;0;0;0;0;0;No;Normal;Young;Normal;Normal
60;Female;71;106;66;82,7;152;60,9;26,36;0;0;0;0;0;No;Overweight;Senior;Normal;Normal
40;Female;73;140;91;70,5;155;82,6;34,38;0;0;0;0;0;No;Obese;Middle;High;Normal
75;Male;69;101;66;70,1;157;47,4;19,23;0;0;0;0;0;No;Normal;Elderly;Normal;Normal
65;Female;80;166;92;70,4;155;50;20,81;0;0;0;0;0;No;Normal;Elderly;High;Normal
55;Female;73;158;82;76,8;152;52,7;22,81;0;0;0;0;0;No;Normal;Senior;High;Normal
59;Male;73;119;74;47,4;147;45,8;21,19;0;0;0;0;0;No;Normal;Senior;Normal;Normal
50;Female;82;100;73;54;152;38,6;16,71;0;0;0;0;0;No;Underweight;Senior;Normal;Normal
32;Female;65;120;81;56,7;152;60;25,97;0;0;0;0;0;No;Overweight;Middle;Normal;Normal
40;Female;77;113;77;70,3;160;50;19,53;0;0;0;0;0;No;Normal;Middle;Normal;Normal
70;Male;60;129;64;70,4;165;52;19,1;0;0;0;0;0;No;Normal;Elderly;Normal;Normal
60;Female;69;146;71;86,1;152;54;23,37;0;0;0;0;0;No;Normal;Senior;High;Normal
35;Male;55;128;78;68,5;163;73;27,48;0;0;0;0;0;No;Overweight;Middle;Normal;Normal
27;Female;67;111;75;80,8;150;52;23,11;0;0;0;0;0;No;Normal;Young;Normal;Normal
45;Male;81;122;90;68,1;165;71,1;26,12;0;0;0;0;0;No;Overweight;Middle;High;Normal
60;Female;92;128;84;93,3;152;57,3;24,8;0;0;0;0;0;No;Normal;Senior;Normal;Normal
40;Female;111;130;90;88,1;152;69,8;30,21;0;0;0;0;0;No;Obese;Middle;High;Normal
41;Male;74;112;77;53,3;163;48,2;18,14;0;0;0;0;0;No;Underweight;Middle;Normal;Normal
39;Female;85;112;74;92,6;152;64,7;28;0;0;0;0;0;No;Overweight;Middle;Normal;Normal
48;Male;57;111;61;54,5;132;41;23,53;0;0;0;0;0;No;Normal;Senior;Normal;Normal
42;Female;67;99;64;66,1;147;59,8;27,67;0;0;0;0;0;No;Overweight;Middle;Normal;Normal
36;Male;69;102;64;62,3;157;50;20,28;0;0;0;0;0;No;Normal;Middle;Normal;Normal
32;Female;77;132;105;85;150;44,5;19,78;0;0;0;0;0;No;Normal;Middle;High;Normal
70;Female;76;172;79;57,6;163;50;18,82;1;0;1;0;0;No;Normal;Elderly;High;Normal
32;Male;64;152;74;98,9;165;61,9;22,74;0;0;0;0;0;No;Normal;Middle;High;Normal
50;Male;70;125;72;61,8;160;52,3;20,43;0;0;0;0;0;No;Normal;Senior;Normal;Normal
42;Female;75;120;94;58,4;152;57,3;24,8;0;0;0;0;0;No;Normal;Middle;High;Normal
39;Female;66;104;65;56,8;152;61;26,4;0;0;0;0;0;No;Overweight;Middle;Normal;Normal
52;Male;73;134;75;82,6;163;47,1;17,73;0;0;0;0;0;No;Underweight;Senior;Normal;Normal
57;Female;73;140;74;74,8;155;51;21,23;0;0;0;0;0;No;Normal;Senior;High;Normal
35;Male;80;130;74;82;163;70;26,35;0;0;0;0;0;No;Overweight;Middle;Normal;Normal
30;Female;77;125;83;70,7;150;60,5;26,89;0;0;0;0;0;No;Overweight;Young;Normal;Normal
35;Female;75;146;87;72,1;152;72,1;31,21;0;0;0;0;0;No;Obese;Middle;High;Normal
80;Female;78;168;87;64,6;122;40,6;27,28;0;0;0;0;0;No;Overweight;Elderly;High;Normal
50;Male;79;119;87;75,7;160;45,8;17,89;0;0;0;0;0;No;Underweight;Senior;Normal;Normal
40;Female;73;113;67;86,3;152;57;24,67;0;0;0;0;0;No;Normal;Middle;Normal;Normal
70;Male;86;165;102;100;168;41;14,53;0;0;0;0;0;No;Underweight;Elderly;High;Normal
30;Female;76;146;96;59,5;152;52;22,51;0;0;0;0;0;No;Normal;Young;High;Normal
50;Female;75;129;84;69,4;155;60,9;25,35;0;0;0;0;0;Yes;Overweight;Senior;Normal;Normal
32;Male;68;141;98;357;152;68,9;29,82;0;0;0;0;0;No;Overweight;Middle;High;Diabetes
60;Female;71;148;88;157,9;135;48;26,34;0;0;0;0;0;No;Overweight;Senior;High;Diabetes
55;Male;69;130;72;62,6;163;54,3;20,44;0;0;0;0;0;No;Normal;Senior;Normal;Normal
50;Female;75;161;119;58,6;152;40,6;17,57;0;0;0;0;0;No;Underweight;Senior;High;Normal
50;Male;81;97;57;55,5;170;52,1;18,03;0;0;0;0;0;No;Underweight;Senior;Normal;Normal
51;Male;60;128;80;68,4;173;55,3;18,48;0;0;0;0;0;No;Underweight;Senior;Normal;Normal
40;Female;61;117;89;55,2;145;44;20,93;0;0;0;0;0;No;Normal;Middle;Normal;Normal
60;Male;62;139;91;64,1;163;59,7;22,47;0;0;0;0;0;No;Normal;Senior;High;Normal
50;Female;71;136;98;62,3;152;70;30,3;0;0;0;0;0;No;Obese;Senior;High;Normal
44;Female;75;148;89;60,9;168;51,3;18,18;0;0;0;0;0;No;Underweight;Middle;High;Normal
37;Male;64;120;75;79,3;163;71,3;26,84;0;0;0;0;0;No;Overweight;Middle;Normal;Normal
27;Female;73;105;71;54,5;152;60;25,97;0;0;0;0;0;No;Overweight;Young;Normal;Normal
40;Female;82;120;83;46,9;157;53;21,5;0;0;0;0;0;No;Normal;Middle;Normal;Normal
30;Female;75;119;76;69;157;55;22,31;0;0;0;0;0;No;Normal;Young;Normal;Normal
32;Female;83;121;81;51,4;157;62;25,15;0;0;0;0;0;No;Overweight;Middle;Normal;Normal
30;Male;66;129;86;60,3;157;52;21,1;0;0;0;0;0;No;Normal;Young;Normal;Normal
28;Female;81;130;76;73,2;157;53;21,5;0;0;0;0;0;No;Normal;Young;Normal;Normal
36;Female;64;116;79;70,2;152;49;21,21;0;0;0;0;0;No;Normal;Middle;Normal;Normal
51;Male;68;148;91;76,4;152;50;21,64;0;0;0;0;0;No;Normal;Senior;High;Normal
30;Female;78;138;85;58,2;147;53;24,53;0;0;0;0;0;No;Normal;Young;Normal;Normal
70;Male;63;134;60;73,2;152;42,6;18,44;0;0;0;0;0;No;Underweight;Elderly;Normal;Normal
45;Female;84;115;71;76,4;160;58;22,66;0;0;0;0;0;No;Normal;Middle;Normal;Normal
52;Male;62;173;103;53,8;168;55;19,49;0;1;0;0;0;No;Normal;Senior;High;Normal
25;Female;84;117;73;62,7;160;56;21,87;0;0;0;0;0;No;Normal;Young;Normal;Normal
60;Female;68;114;67;57,9;142;47,4;23,51;0;0;0;0;0;No;Normal;Senior;Normal;Normal
40;Male;74;112;72;78,6;147;52;24,06;0;0;0;0;0;No;Normal;Middle;Normal;Normal
30;Male;75;123;80;53,8;157;52;21,1;1;0;1;0;0;No;Normal;Young;Normal;Normal
30;Female;91;111;78;80,1;157;56;22,72;0;0;0;0;0;No;Normal;Young;Normal;Normal
40;Male;71;117;75;58;168;47,7;16,9;0;0;0;0;0;No;Underweight;Middle;Normal;Normal
60;Male;59;160;87;71;168;62;21,97;0;0;0;0;0;No;Normal;Senior;High;Normal
50;Female;74;114;74;63,7;152;53;22,94;0;0;0;0;0;No;Normal;Senior;Normal;Normal
45;Female;88;126;89;62,7;157;52;21,1;0;0;0;0;0;No;Normal;Middle;Normal;Normal
52;Female;90;151;86;108,7;147;58;26,84;0;0;0;0;0;No;Overweight;Senior;High;Prediabetes
37;Female;79;116;74;84,8;157;52;21,1;0;0;0;0;0;No;Normal;Middle;Normal;Normal
40;Male;74;119;73;95,3;165;59,8;21,97;0;0;0;0;0;No;Normal;Middle;Normal;Normal
32;Female;60;129;81;60,5;160;56;21,87;0;0;0;0;0;No;Normal;Middle;Normal;Normal
65;Male;56;192;116;55,2;168;63;22,32;0;0;0;0;0;No;Normal;Elderly;High;Normal
30;Female;78;128;72;83,8;163;51,2;19,27;0;0;0;0;0;No;Normal;Young;Normal;Normal
60;Male;71;142;64;82;160;55;21,48;0;0;0;0;0;No;Normal;Senior;High;Normal
45;Female;76;129;76;64,6;157;56;22,72;0;0;0;0;0;No;Normal;Middle;Normal;Normal
50;Male;87;135;88;71,5;173;66;22,05;0;0;0;0;0;No;Normal;Senior;Normal;Normal
38;Female;55;131;85;76,8;155;52;21,64;0;0;0;0;0;No;Normal;Middle;Normal;Normal
50;Female;66;129;69;54,2;147;55;25,45;0;0;0;0;0;No;Overweight;Senior;Normal;Normal
60;Female;87;186;108;70;160;45;17,58;0;1;0;0;0;No;Underweight;Senior;High;Normal
61;Female;56;130;73;80;137;30;15,98;0;0;0;0;0;No;Underweight;Elderly;Normal;Normal
38;Female;72;128;78;120;157;40;16,23;0;0;0;0;0;Yes;Underweight;Middle;Normal;Prediabetes
38;Female;79;136;92;64,2;152;52;22,51;0;0;0;0;0;No;Normal;Middle;High;Normal
55;Female;76;139;89;120;157;40;16,23;0;0;0;0;0;Yes;Underweight;Senior;Normal;Prediabetes
60;Female;81;176;109;110;165;65;23,88;0;1;0;0;0;Yes;Normal;Senior;High;Prediabetes
34;Female;77;137;86;80;165;65;23,88;0;0;0;0;0;No;Normal;Middle;Normal;Normal
41;Female;79;170;103;100;170;75;25,95;0;1;0;0;0;Yes;Overweight;Middle;High;Normal
37;Female;91;129;84;170;147;40;18,51;0;0;0;0;0;No;Normal;Middle;Normal;Diabetes
60;Female;64;156;95;63,3;155;52;21,64;0;1;0;0;0;No;Normal;Senior;High;Normal
37;Female;92;122;80;120;154;55;23,19;0;0;0;0;0;Yes;Normal;Middle;Normal;Prediabetes
23;Female;66;111;72;80;160;50;19,53;0;0;0;0;0;No;Normal;Young;Normal;Normal
53;Male;67;105;71;80;157;50;20,28;0;0;0;0;0;Yes;Normal;Senior;Normal;Normal
70;Male;78;100;60;190;162;55;20,96;0;0;0;0;0;No;Normal;Elderly;Normal;Diabetes
57;Male;78;150;88;80;157;55;22,31;0;0;0;0;0;Yes;Normal;Senior;High;Normal
23;Female;90;161;83;40;157;65;26,37;0;0;0;0;0;No;Overweight;Young;High;Normal
63;Female;100;145;99;120;152;45;19,48;0;0;0;0;0;Yes;Normal;Elderly;High;Prediabetes
38;Female;94;135;73;190;157;60;24,34;0;0;0;0;0;Yes;Normal;Middle;Normal;Diabetes
45;Female;99;148;89;120;157;50;20,28;0;0;0;0;0;No;Normal;Middle;High;Prediabetes
21;Male;72;114;76;90;157;60;24,34;0;0;0;0;0;No;Normal;Young;Normal;Normal
25;Female;93;94;72;60;157;48;19,47;0;0;0;0;0;No;Normal;Young;Normal;Normal
45;Male;80;131;76;90;165;60;22,04;0;1;0;0;0;Yes;Normal;Middle;Normal;Normal
42;Female;70;119;79;70;157;50;20,28;0;0;0;0;0;No;Normal;Middle;Normal;Normal
36;Female;103;104;66;70;157;50;20,28;0;0;0;0;0;No;Normal;Middle;Normal;Normal
43;Female;70;140;83;180;149;46;20,72;0;1;0;0;0;Yes;Normal;Middle;High;Diabetes
65;Female;101;139;94;50;160;58;22,66;0;1;0;0;0;No;Normal;Elderly;High;Normal
61;Female;79;141;89;60;157;50;20,28;0;1;0;0;0;No;Normal;Elderly;High;Normal
50;Female;77;103;74;57,1;160;56;21,87;0;0;0;0;0;No;Normal;Senior;Normal;Normal
50;Male;81;118;74;80;162;59;22,48;0;0;0;0;0;Yes;Normal;Senior;Normal;Normal
24;Female;74;120;72;70;160;60;23,44;0;0;0;0;0;No;Normal;Young;Normal;Normal
65;Male;64;128;81;80,4;160;61;23,83;0;0;0;0;0;No;Normal;Elderly;Normal;Normal
55;Female;57;120;69;87,4;160;55;21,48;0;0;0;0;0;No;Normal;Senior;Normal;Normal
50;Female;71;155;79;56,5;157;44,6;18,09;0;0;0;0;0;No;Underweight;Senior;High;Normal
48;Female;88;145;75;90;157;50;20,28;0;1;0;0;0;Yes;Normal;Senior;High;Normal
39;Female;87;130;87;70;154;58;24,46;0;0;0;0;0;No;Normal;Middle;Normal;Normal
35;Female;82;151;116;58,2;157;68;27,59;0;1;0;0;0;No;Overweight;Middle;High;Normal
25;Female;97;134;87;140;127;38;23,56;0;0;0;0;0;No;Normal;Young;Normal;Diabetes
50;Female;78;141;93;82,9;155;52;21,64;0;0;0;0;0;No;Normal;Senior;High;Normal
80;Male;77;142;93;59,9;142;50;24,8;0;1;0;0;1;No;Normal;Elderly;High;Normal
70;Female;70;206;119;59,2;152;60;25,97;0;1;0;0;1;No;Overweight;Elderly;High;Normal
35;Male;75;134;86;69,7;160;63;24,61;1;0;1;0;0;No;Normal;Middle;Normal;Normal
36;Female;103;138;88;60;154;56;23,61;0;1;0;0;0;No;Normal;Middle;Normal;Normal
50;Female;77;148;82;250;127;36;22,32;0;1;0;0;0;Yes;Normal;Senior;High;Diabetes
32;Male;76;118;85;68,5;165;48,4;17,78;1;0;1;0;0;Yes;Underweight;Middle;Normal;Normal
29;Male;72;130;88;62,2;157;64,9;26,33;1;0;1;0;0;No;Overweight;Young;Normal;Normal
42;Male;76;126;88;77,4;170;70;24,22;0;0;0;0;0;No;Normal;Middle;Normal;Normal
38;Female;71;155;107;74;157;53;21,5;0;0;0;0;0;No;Normal;Middle;High;Normal
50;Male;58;122;82;78,6;160;57,1;22,3;0;0;0;0;0;No;Normal;Senior;Normal;Normal
45;Female;61;118;88;72,9;152;59,3;25,67;0;0;0;0;0;No;Overweight;Middle;Normal;Normal
35;Male;65;129;86;47,5;163;66,7;25,1;0;0;0;0;0;No;Overweight;Middle;Normal;Normal
32;Female;64;120;72;60,9;157;52;21,1;0;0;0;0;0;No;Normal;Middle;Normal;Normal
32;Female;75;130;91;95;147;52;24,06;0;0;0;0;0;No;Normal;Middle;High;Normal
65;Female;65;108;81;64,4;163;55;20,7;0;0;0;0;0;No;Normal;Elderly;Normal;Normal
37;Female;86;127;94;65,7;157;56;22,72;0;0;0;0;0;No;Normal;Middle;High;Normal
40;Female;76;111;73;63,3;157;53;21,5;0;0;0;0;0;No;Normal;Middle;Normal;Normal
30;Female;54;152;82;66,6;160;56;21,87;0;0;0;0;0;No;Normal;Young;High;Normal
58;Male;53;154;88;58,5;155;55;22,89;0;0;0;0;0;No;Normal;Senior;High;Normal
58;Male;69;173;100;72;157;60;24,34;0;1;0;0;0;No;Normal;Senior;High;Normal
55;Female;80;140;97;84,6;155;55;22,89;0;0;0;0;0;No;Normal;Senior;High;Normal
28;Female;62;140;93;58,5;157;60;24,34;1;0;1;0;0;No;Normal;Young;High;Normal
40;Male;68;129;81;60,6;163;55;20,7;0;0;0;0;0;Yes;Normal;Middle;Normal;Normal
35;Female;59;130;78;50,2;152;60;25,97;0;0;0;0;0;No;Overweight;Middle;Normal;Normal
50;Female;73;142;102;53,2;152;58;25,1;1;0;1;0;0;No;Overweight;Senior;High;Normal
38;Male;70;128;88;76,9;157;55;22,31;0;0;0;0;0;No;Normal;Middle;Normal;Normal
35;Female;72;149;100;54,1;157;52;21,1;0;0;0;0;0;No;Normal;Middle;High;Normal
60;Male;67;143;104;65,9;157;56;22,72;0;0;0;0;0;No;Normal;Senior;High;Normal
50;Male;63;142;93;88,9;152;55;23,81;1;0;1;0;0;No;Normal;Senior;High;Normal
32;Male;73;135;81;84,6;157;56;22,72;1;0;1;0;0;No;Normal;Middle;Normal;Normal
35;Female;66;162;85;61,2;157;58;23,53;0;0;0;0;0;No;Normal;Middle;High;Normal
30;Female;72;145;93;60,2;150;55;24,44;1;0;1;0;0;No;Normal;Young;High;Normal
32;Female;78;131;77;53;163;53;19,95;0;0;0;0;0;No;Normal;Middle;Normal;Normal
55;Female;79;124;79;62,5;157;60;24,34;0;0;0;0;0;No;Normal;Senior;Normal;Normal
28;Male;83;114;75;65,2;142;45;22,32;1;0;1;0;0;No;Normal;Young;Normal;Normal
65;Male;82;125;73;96,1;163;55;20,7;0;0;0;0;0;No;Normal;Elderly;Normal;Normal
50;Male;71;126;77;92,5;142;45;22,32;1;0;1;0;0;No;Normal;Senior;Normal;Normal
35;Female;75;135;91;55,8;155;60;24,97;1;0;1;0;0;Yes;Normal;Middle;High;Normal
49;Male;72;114;59;72,6;168;56;19,84;0;0;0;0;0;No;Normal;Senior;Normal;Normal
65;Male;58;197;107;61,3;168;65;23,03;0;1;0;0;0;No;Normal;Elderly;High;Normal
34;Female;72;154;90;60;149;57;25,67;0;0;0;0;0;No;Overweight;Middle;High;Normal
55;Female;72;162;100;57,4;152;40;17,31;1;0;1;0;0;No;Underweight;Senior;High;Normal
35;Female;90;154;82;80;149;67;30,18;0;0;0;0;0;No;Obese;Middle;High;Normal
48;Female;84;192;108;100;124;59;38,37;0;1;0;0;0;Yes;Obese;Senior;High;Normal
24;Male;59;146;95;70,3;168;73;25,86;0;0;0;0;0;No;Overweight;Young;High;Normal
55;Female;69;157;85;170;162;58;22,1;0;1;0;0;0;Yes;Normal;Senior;High;Diabetes
22;Female;93;142;72;60;180;57;17,59;0;0;0;0;0;No;Underweight;Young;High;Normal
50;Female;82;146;93;140;154;61;25,72;0;1;0;0;0;Yes;Overweight;Senior;High;Diabetes
26;Female;95;121;80;56,2;152;60;25,97;0;0;0;0;0;No;Overweight;Young;Normal;Normal
45;Female;72;125;82;80;149;41;18,47;0;0;0;0;0;No;Underweight;Middle;Normal;Normal
42;Female;78;149;82;60;180;68;20,99;0;1;0;0;0;No;Normal;Middle;High;Normal
35;Female;52;125;72;62,5;147;75;34,71;0;0;0;0;0;No;Obese;Middle;Normal;Normal
54;Female;79;157;96;200;134;75;41,77;0;1;0;0;0;Yes;Obese;Senior;High;Diabetes
55;Female;75;128;79;86;163;60;22,58;0;0;0;0;0;No;Normal;Senior;Normal;Normal
45;Male;75;110;72;78,5;157;55;22,31;1;0;1;0;0;No;Normal;Middle;Normal;Normal
45;Female;61;153;84;72,3;168;75;26,57;0;0;0;0;0;No;Overweight;Middle;High;Normal
35;Female;72;115;84;68;150;55;24,44;0;0;0;0;0;No;Normal;Middle;Normal;Normal
35;Male;66;119;76;56,2;168;55;19,49;0;0;0;0;0;No;Normal;Middle;Normal;Normal
30;Male;54;112;74;79,8;152;48;20,78;1;0;1;0;0;No;Normal;Young;Normal;Normal
50;Female;55;177;96;68,1;155;61,7;25,68;0;1;0;0;0;No;Overweight;Senior;High;Normal
65;Female;76;128;71;65,8;152;45;19,48;0;0;0;0;0;No;Normal;Elderly;Normal;Normal
32;Female;79;125;79;60,1;157;58;23,53;1;0;1;0;0;No;Normal;Middle;Normal;Normal
28;Female;89;115;86;105,1;157;52;21,1;1;0;1;0;0;No;Normal;Young;Normal;Prediabetes
50;Male;63;142;85;61,6;160;61;23,83;0;1;0;0;0;No;Normal;Senior;High;Normal
45;Female;86;123;76;84,7;155;58;24,14;1;0;1;0;0;No;Normal;Middle;Normal;Normal
70;Male;60;191;86;81,6;165;86;31,59;0;1;0;0;0;No;Obese;Elderly;High;Normal
68;Female;88;144;88;61,1;152;60;25,97;0;1;0;0;0;No;Overweight;Elderly;High;Normal
35;Female;69;171;95;68;142;44;21,82;0;1;0;0;0;No;Normal;Middle;High;Normal
55;Male;70;133;83;63,6;170;46;15,92;0;0;0;0;0;No;Underweight;Senior;Normal;Normal
50;Female;78;129;91;56;155;53;22,06;0;0;0;0;0;No;Normal;Senior;High;Normal
45;Female;70;154;88;71,7;155;59;24,56;1;1;1;0;0;No;Normal;Middle;High;Normal
60;Female;61;176;95;67,9;152;50;21,64;0;0;0;0;0;No;Normal;Senior;High;Normal
45;Male;78;121;74;73;163;60;22,58;0;0;0;0;0;No;Normal;Middle;Normal;Normal
38;Female;70;121;83;59,1;155;55;22,89;1;0;1;0;0;No;Normal;Middle;Normal;Normal
60;Male;68;155;87;55,9;163;53;19,95;0;0;0;0;0;No;Normal;Senior;High;Normal
53;Female;59;165;88;58,8;155;55;22,89;0;1;0;0;0;Yes;Normal;Senior;High;Normal
32;Female;75;132;83;59,3;160;53;20,7;1;0;1;0;0;No;Normal;Middle;Normal;Normal
60;Female;60;133;84;58,4;147;49;22,68;0;0;0;0;0;No;Normal;Senior;Normal;Normal
40;Female;70;139;82;58,5;160;58;22,66;0;0;0;0;0;No;Normal;Middle;Normal;Normal
40;Female;56;126;88;52;157;56;22,72;0;0;0;0;0;No;Normal;Middle;Normal;Normal
65;Male;69;130;79;75,3;152;52;22,51;0;0;0;0;0;No;Normal;Elderly;Normal;Normal
52;Male;66;123;83;73,7;165;58;21,3;0;0;0;0;0;No;Normal;Senior;Normal;Normal
65;Female;63;164;75;88,3;150;40;17,78;0;0;0;0;0;No;Underweight;Elderly;High;Normal
45;Female;78;147;91;53,8;152;42;18,18;0;0;0;0;0;No;Underweight;Middle;High;Normal
30;Female;72;116;70;55;152;45;19,48;0;0;0;0;0;No;Normal;Young;Normal;Normal
39;Male;88;121;73;72,8;165;56;20,57;0;0;0;0;0;No;Normal;Middle;Normal;Normal
32;Female;74;151;90;64,4;157;45;18,26;0;0;0;0;0;No;Underweight;Middle;High;Normal
38;Female;96;108;77;63,8;152;46;19,91;0;0;0;0;0;No;Normal;Middle;Normal;Normal
55;Female;78;124;70;69,1;147;44;20,36;0;0;0;0;0;No;Normal;Senior;Normal;Normal
38;Male;95;111;78;74,8;152;51,2;22,16;0;0;0;0;0;No;Normal;Middle;Normal;Normal
33;Female;70;113;73;63,9;147;40,3;18,65;0;0;0;0;0;No;Normal;Middle;Normal;Normal
80;Female;88;132;75;74,1;147;42;19,44;0;0;0;0;0;No;Normal;Elderly;Normal;Normal
45;Male;65;103;75;72,8;166;71;25,77;0;0;0;0;0;No;Overweight;Middle;Normal;Normal
40;Female;94;145;90;100,3;155;71;29,55;0;0;0;0;0;No;Overweight;Middle;High;Prediabetes
60;Female;86;139;78;69,3;150;37,2;16,53;0;0;0;0;0;No;Underweight;Senior;Normal;Normal
50;Male;71;120;76;85,8;152;56;24,24;0;0;0;0;0;No;Normal;Senior;Normal;Normal
52;Male;67;156;94;75,8;152;56;24,24;0;0;0;0;0;No;Normal;Senior;High;Normal
26;Female;63;124;82;60,5;155;52;21,64;0;0;0;0;0;No;Normal;Young;Normal;Normal
55;Male;92;103;74;85,6;152;58;25,1;0;0;0;0;0;No;Overweight;Senior;Normal;Normal
45;Female;69;148;91;54,6;155;56;23,31;0;0;0;0;0;No;Normal;Middle;High;Normal
60;Male;94;123;96;53,1;152;56;24,24;0;0;0;0;0;No;Normal;Senior;High;Normal
50;Female;86;131;75;297;152;52;22,51;0;0;0;0;0;No;Normal;Senior;Normal;Diabetes
60;Male;62;129;76;68,6;165;58;21,3;0;0;0;0;0;No;Normal;Senior;Normal;Normal
40;Female;68;111;60;76,9;152;49;21,21;0;0;0;0;0;No;Normal;Middle;Normal;Normal
65;Male;83;158;96;80,4;160;55;21,48;0;0;0;0;0;No;Normal;Elderly;High;Normal
30;Female;88;127;88;67,6;152;52;22,51;0;0;0;0;0;No;Normal;Young;Normal;Normal
35;Female;83;128;75;82,7;152;55;23,81;0;0;0;0;0;No;Normal;Middle;Normal;Normal
34;Female;69;137;87;90,1;152;62;26,84;0;0;0;0;0;No;Overweight;Middle;Normal;Normal
50;Male;75;184;105;66,4;160;71,7;28,01;0;0;0;0;0;No;Overweight;Senior;High;Normal
47;Female;87;139;90;83,3;150;61,3;27,24;0;0;0;0;0;No;Overweight;Senior;High;Normal
44;Male;55;151;90;65,4;165;72,1;26,48;0;0;0;0;0;No;Overweight;Middle;High;Normal
38;Female;71;133;90;80;155;70,1;29,18;0;1;0;0;0;Yes;Overweight;Middle;High;Normal
48;Female;73;129;85;52,1;155;42,6;17,73;0;0;0;0;0;No;Underweight;Senior;Normal;Normal
41;Female;72;145;85;57,5;155;60,2;25,06;0;1;0;0;0;No;Overweight;Middle;High;Normal
55;Male;84;101;67;65,1;152;39;16,88;0;0;0;0;0;No;Underweight;Senior;Normal;Normal
45;Female;71;182;100;66,9;152;56,7;24,54;0;0;0;0;0;No;Normal;Middle;High;Normal
45;Female;66;121;74;55,7;152;53;22,94;0;0;0;0;0;No;Normal;Middle;Normal;Normal
42;Female;62;152;83;82,6;157;58,6;23,77;0;0;0;0;0;No;Normal;Middle;High;Normal
50;Male;62;112;67;58,5;168;56;19,84;0;0;0;0;0;No;Normal;Senior;Normal;Normal
65;Male;85;110;75;77,4;165;45;16,53;0;0;0;0;0;No;Underweight;Elderly;Normal;Normal
58;Female;70;140;96;63,6;152;40;17,31;0;0;0;0;0;No;Underweight;Senior;High;Normal
75;Male;77;155;86;63,1;155;47;19,56;0;0;0;0;0;No;Normal;Elderly;High;Normal
50;Female;70;103;66;46,5;152;46;19,91;0;0;0;0;0;No;Normal;Senior;Normal;Normal
52;Female;78;176;107;66;165;61,8;22,7;0;1;0;0;0;No;Normal;Senior;High;Normal
61;Male;70;145;81;54,3;155;50,9;21,19;0;0;0;0;0;No;Normal;Elderly;High;Normal
32;Female;80;105;69;57,3;157;63,7;25,84;0;0;0;0;0;No;Overweight;Middle;Normal;Normal
27;Female;86;135;94;72,7;160;63,4;24,77;0;0;0;0;0;No;Normal;Young;High;Normal
32;Female;65;131;94;105,9;160;54;21,09;0;0;0;0;0;No;Normal;Middle;High;Prediabetes
60;Female;80;145;74;72,3;160;44,5;17,38;0;1;0;0;0;No;Underweight;Senior;High;Normal
37;Male;83;136;93;74;170;73,3;25,36;0;1;0;0;0;No;Overweight;Middle;High;Normal
65;Female;82;123;75;85;145;39;18,55;0;0;0;0;0;No;Normal;Elderly;Normal;Normal
50;Male;77;117;85;78,2;170;53,4;18,48;0;0;0;0;0;No;Underweight;Senior;Normal;Normal
55;Female;65;149;88;70,2;157;77;31,24;0;0;0;0;0;No;Obese;Senior;High;Normal
40;Female;95;116;82;72,5;157;72,5;29,41;0;0;0;0;0;No;Overweight;Middle;Normal;Normal
42;Female;72;133;77;50,4;160;55,3;21,6;0;0;0;0;0;No;Normal;Middle;Normal;Normal
35;Female;77;149;99;72,9;155;90,8;37,79;0;0;0;0;0;No;Obese;Middle;High;Normal
35;Female;84;136;102;95,8;152;50,3;21,77;0;0;0;0;0;No;Normal;Middle;High;Normal
70;Male;94;123;85;59,6;170;55;19,03;0;0;0;0;0;No;Normal;Elderly;Normal;Normal
57;Female;69;102;63;67,4;152;38;16,45;0;0;0;0;0;No;Underweight;Senior;Normal;Normal
42;Male;61;126;63;81,9;170;52;17,99;0;0;0;0;0;No;Underweight;Middle;Normal;Normal
36;Female;67;152;101;76,7;152;50,5;21,86;0;1;0;0;0;No;Normal;Middle;High;Normal
27;Female;100;106;73;89,2;155;48,6;20,23;0;0;0;0;0;No;Normal;Young;Normal;Normal
42;Female;66;144;96;98,9;150;51;22,67;0;0;0;0;0;No;Normal;Middle;High;Normal
30;Female;93;104;72;60,8;140;38,3;19,54;1;0;1;0;0;No;Normal;Young;Normal;Normal
35;Female;80;111;76;83,2;160;64,6;25,23;0;0;0;0;0;No;Overweight;Middle;Normal;Normal
70;Male;83;143;77;95,9;168;53,6;18,99;0;0;0;0;0;No;Normal;Elderly;High;Normal
40;Male;91;112;69;62,1;175;51,8;16,91;0;0;0;0;0;No;Underweight;Middle;Normal;Normal
26;Female;82;97;84;58,6;152;57,7;24,97;0;0;0;0;0;No;Normal;Young;Normal;Normal
32;Female;74;152;85;79;160;55,7;21,76;0;0;0;0;0;No;Normal;Middle;High;Normal
52;Female;76;146;86;78,2;160;43,6;17,03;0;0;0;0;0;No;Underweight;Senior;High;Normal
62;Female;77;149;102;72,8;145;44,7;21,26;0;0;0;0;0;No;Normal;Elderly;High;Normal
50;Male;76;105;61;73;163;37,5;14,11;0;0;0;0;0;No;Underweight;Senior;Normal;Normal
50;Female;66;135;79;60,4;157;42,5;17,24;0;0;0;0;0;No;Underweight;Senior;Normal;Normal
32;Female;73;133;77;51,9;157;47,7;19,35;0;0;0;0;0;No;Normal;Middle;Normal;Normal
53;Male;76;151;79;88,8;163;51,6;19,42;0;0;0;0;0;No;Normal;Senior;High;Normal
42;Female;86;116;79;63;160;51,2;20;0;0;0;0;0;No;Normal;Middle;Normal;Normal
59;Male;70;120;75;82,3;165;55,2;20,28;0;0;0;0;0;No;Normal;Senior;Normal;Normal
50;Female;58;143;85;80;160;48,6;18,98;0;0;0;0;0;No;Normal;Senior;High;Normal
57;Male;72;113;68;62,3;165;50,1;18,4;0;0;0;0;0;No;Underweight;Senior;Normal;Normal
40;Female;73;128;100;57,9;152;50,6;21,9;0;0;0;0;0;No;Normal;Middle;High;Normal
42;Male;76;110;54;75,2;165;45,2;16,6;0;0;0;0;0;No;Underweight;Middle;Normal;Normal
35;Female;72;114;71;74,5;150;37;16,44;0;0;0;0;0;No;Underweight;Middle;Normal;Normal
57;Male;78;168;92;61,3;168;65,7;23,28;0;1;0;0;0;No;Normal;Senior;High;Normal
48;Female;74;150;89;67,9;130;45,3;26,8;0;0;0;0;0;No;Overweight;Senior;High;Normal
35;Female;84;129;83;122,2;152;50,3;21,77;0;0;0;0;0;No;Normal;Middle;Normal;Prediabetes
75;Female;69;146;80;216,3;152;48;20,78;0;0;0;0;0;No;Normal;Elderly;High;Diabetes
57;Female;66;137;70;71,5;152;50,7;21,94;0;0;0;0;0;No;Normal;Senior;Normal;Normal
35;Female;70;115;67;52,8;155;48,3;20,1;0;0;0;0;0;No;Normal;Middle;Normal;Normal
55;Female;60;194;112;63,8;155;60,5;25,18;0;0;0;0;0;No;Overweight;Senior;High;Normal
42;Female;78;150;100;98;152;48,5;20,99;0;0;0;0;0;No;Normal;Middle;High;Normal
68;Female;70;153;72;47,3;152;45,5;19,69;0;0;0;0;0;No;Normal;Elderly;High;Normal
67;Female;69;178;95;47,3;160;65,5;25,59;0;1;0;0;0;No;Overweight;Elderly;High;Normal
47;Female;80;133;86;220,9;157;47,7;19,35;0;1;0;1;0;Yes;Normal;Senior;Normal;Diabetes
75;Female;94;145;74;103,9;152;39,4;17,05;0;0;0;0;0;No;Underweight;Elderly;High;Prediabetes
40;Female;78;94;58;72,5;152;49;21,21;0;0;0;0;0;No;Normal;Middle;Normal;Normal
40;Male;81;130;86;120,4;165;66,5;24,43;0;0;0;0;0;No;Normal;Middle;Normal;Prediabetes
35;Female;66;123;81;68,9;157;66,9;27,14;0;0;0;0;0;No;Overweight;Middle;Normal;Normal
50;Female;70;128;75;105,1;164;81,6;30,34;0;0;0;0;0;No;Obese;Senior;Normal;Prediabetes
30;Female;79;122;81;53,6;155;52;21,64;0;0;0;0;0;No;Normal;Young;Normal;Normal
70;Female;74;137;71;79,6;142;36,7;18,2;0;1;0;0;0;No;Underweight;Elderly;Normal;Normal
53;Female;103;92;63;54,6;152;30,9;13,37;0;0;0;0;0;No;Underweight;Senior;Normal;Normal
32;Female;86;111;76;56,3;165;42,3;15,54;0;0;0;0;0;No;Underweight;Middle;Normal;Normal
40;Female;64;135;104;72,8;147;48,5;22,44;0;0;0;0;0;No;Normal;Middle;High;Normal
72;Female;89;148;75;92;152;50,8;21,99;0;1;0;0;0;No;Normal;Elderly;High;Normal
42;Female;80;126;71;83,2;160;61,9;24,18;0;0;0;0;0;No;Normal;Middle;Normal;Normal
62;Female;84;158;105;148,9;152;31,8;13,76;0;0;0;0;0;No;Underweight;Elderly;High;Diabetes
48;Female;84;102;65;74,1;160;43,6;17,03;0;0;0;0;0;No;Underweight;Senior;Normal;Normal
50;Female;85;96;68;61,4;157;47;19,07;0;0;0;0;0;No;Normal;Senior;Normal;Normal
63;Male;61;187;99;116,2;168;50;17,72;0;0;0;0;0;No;Underweight;Elderly;High;Prediabetes
63;Female;80;117;70;62,6;152;40;17,31;0;0;0;0;0;No;Underweight;Elderly;Normal;Normal
38;Female;71;141;55;53,2;150;38,2;16,98;0;0;0;0;0;No;Underweight;Middle;High;Normal
54;Male;71;127;86;63,7;170;64;22,15;0;0;0;0;0;No;Normal;Senior;Normal;Normal
40;Female;75;137;91;72,1;137;50;26,64;0;0;0;0;0;No;Overweight;Middle;High;Normal
54;Female;48;168;99;68,1;157;62;25,15;0;1;0;1;0;No;Overweight;Senior;High;Normal
59;Female;65;175;93;70,8;152;52;22,51;0;1;0;0;0;No;Normal;Senior;High;Normal
48;Female;87;153;96;106;152;52,1;22,55;0;0;0;0;0;Yes;Normal;Senior;High;Prediabetes
53;Female;68;177;102;98,2;180;52;16,05;0;1;0;0;0;No;Underweight;Senior;High;Normal
55;Female;64;155;101;183,9;147;52,7;24,39;0;1;0;0;0;Yes;Normal;Senior;High;Diabetes
36;Female;70;148;87;63,2;152;60,5;26,19;0;0;0;0;0;No;Overweight;Middle;High;Normal
49;Female;74;145;88;75,4;163;41;15,43;0;0;0;0;0;No;Underweight;Senior;High;Normal
56;Male;82;119;92;230,7;160;64,6;25,23;0;0;0;0;0;Yes;Overweight;Senior;High;Diabetes
28;Female;78;160;80;48,2;155;55;22,89;0;0;0;0;0;No;Normal;Young;High;Normal
36;Female;67;118;80;79,3;150;60;26,67;0;0;0;0;0;No;Overweight;Middle;Normal;Normal
30;Male;81;113;70;64,7;150;43,1;19,16;0;0;0;0;0;No;Normal;Young;Normal;Normal
56;Female;86;155;95;73,1;160;64,3;25,12;0;1;0;0;0;No;Overweight;Senior;High;Normal
80;Female;77;138;87;67,1;142;44,2;21,92;0;0;0;0;0;No;Normal;Elderly;Normal;Normal
50;Female;59;142;80;65,6;152;55,1;23,85;0;0;0;0;0;No;Normal;Senior;High;Normal
60;Female;74;153;91;81,6;124;57,6;37,46;0;1;0;1;0;No;Obese;Senior;High;Normal
40;Female;68;141;89;79,9;145;54,2;25,78;0;0;0;0;0;No;Overweight;Middle;High;Normal
60;Female;68;159;101;47,9;155;67;27,89;0;1;0;0;0;Yes;Overweight;Senior;High;Normal
36;Male;56;133;85;67,7;163;67,1;25,25;1;1;1;0;0;No;Overweight;Middle;Normal;Normal
36;Female;67;142;99;76,8;152;65;28,13;0;0;0;0;0;No;Overweight;Middle;High;Normal
54;Male;58;125;78;66,6;163;63;23,71;0;0;0;0;0;No;Normal;Senior;Normal;Normal
47;Female;91;138;94;100;149;66;29,73;0;0;0;0;0;No;Overweight;Senior;High;Normal
34;Female;73;105;71;72,3;152;49;21,21;0;0;0;0;0;No;Normal;Middle;Normal;Normal
25;Female;75;129;111;58,4;150;51,5;22,89;0;0;0;0;0;No;Normal;Young;High;Normal
30;Female;77;146;86;55,1;157;39;15,82;0;0;0;0;0;No;Underweight;Young;High;Normal
28;Female;81;111;75;64,6;157;65;26,37;0;0;0;0;0;No;Overweight;Young;Normal;Normal
60;Female;61;179;92;64,1;145;67;31,87;0;1;0;0;0;No;Obese;Senior;High;Normal
45;Female;60;128;87;47;150;44,1;19,6;0;0;0;0;0;No;Normal;Middle;Normal;Normal
25;Female;80;129;90;80,4;145;54,3;25,83;0;0;0;0;0;No;Overweight;Young;High;Normal
49;Female;71;172;109;69,6;145;51;24,26;0;0;0;0;0;No;Normal;Senior;High;Normal
59;Female;74;137;85;92,6;157;51;20,69;0;1;0;0;0;Yes;Normal;Senior;Normal;Normal
36;Female;73;130;95;69,2;152;58;25,1;0;0;0;0;0;No;Overweight;Middle;High;Normal
38;Female;64;147;91;67,3;145;51,2;24,35;0;0;0;0;0;No;Normal;Middle;High;Normal
53;Female;77;119;73;85,8;152;45;19,48;0;0;0;0;0;No;Normal;Senior;Normal;Normal
35;Female;66;107;70;60,4;152;48,5;20,99;0;0;0;0;0;No;Normal;Middle;Normal;Normal
60;Female;73;133;77;75,3;150;40;17,78;0;0;0;0;0;No;Underweight;Senior;Normal;Normal
52;Female;77;129;79;83,2;150;45;20;0;0;0;0;0;No;Normal;Senior;Normal;Normal
36;Female;82;116;81;215,1;152;78;33,76;0;0;0;0;0;No;Obese;Middle;Normal;Diabetes
45;Male;80;115;67;61,6;165;57,8;21,23;0;0;0;0;0;No;Normal;Middle;Normal;Normal
42;Male;85;123;86;94,7;166;75,2;27,29;0;0;0;0;0;Yes;Overweight;Middle;Normal;Normal
30;Female;79;139;83;68,4;150;71,6;31,82;0;0;0;0;0;No;Obese;Young;Normal;Normal
32;Female;85;110;83;80;157;60;24,34;0;1;0;0;0;Yes;Normal;Middle;Normal;Normal
60;Female;80;137;72;91,9;147;46,7;21,61;0;0;0;0;0;No;Normal;Senior;Normal;Normal
75;Male;47;231;101;50,4;163;66;24,84;0;1;0;0;0;No;Normal;Elderly;High;Normal
70;Female;61;193;111;57,5;145;36;17,12;0;1;0;0;0;No;Underweight;Elderly;High;Normal
24;Male;120;121;81;180;175;41;13,39;0;0;0;0;0;Yes;Underweight;Young;Normal;Diabetes
54;Female;103;143;96;90;149;55;24,77;0;1;0;0;0;Yes;Normal;Senior;High;Normal
28;Male;76;117;82;60;160;61;23,83;0;0;0;0;0;No;Normal;Young;Normal;Normal
35;Female;84;148;87;60;162;70;26,67;0;0;0;0;0;No;Overweight;Middle;High;Normal
35;Female;76;157;90;50;124;69;44,88;0;0;0;0;0;No;Obese;Middle;High;Normal
43;Female;107;140;106;80;157;53;21,5;0;0;0;0;0;Yes;Normal;Middle;High;Normal
51;Female;73;146;94;70;157;69;27,99;0;1;0;0;0;Yes;Overweight;Senior;High;Normal
48;Female;75;149;83;70;157;67;27,18;0;0;0;0;0;No;Overweight;Senior;High;Normal
40;Female;76;106;78;80;154;69;29,09;0;0;0;0;0;No;Overweight;Middle;Normal;Normal
50;Male;88;131;90;130;170;73;25,26;0;0;0;0;0;No;Overweight;Senior;High;Diabetes
66;Male;59;163;79;57,1;164;66,7;24,8;0;1;0;0;0;No;Normal;Elderly;High;Normal
54;Female;80;167;106;51,9;150;84;37,33;0;1;0;0;0;No;Obese;Senior;High;Normal
40;Female;87;133;89;60;147;50;23,14;0;0;1;1;0;No;Normal;Middle;Normal;Normal
46;Female;83;141;94;130;137;50;26,64;0;0;0;0;0;No;Overweight;Senior;High;Diabetes
70;Female;5;120;80;250;160;58;22,66;0;0;0;0;0;No;Normal;Elderly;Normal;Diabetes
41;Male;61;118;71;83,2;160;42;16,41;0;0;0;0;0;No;Underweight;Middle;Normal;Normal
35;Female;117;115;80;80;149;51;22,97;0;0;0;0;0;No;Normal;Middle;Normal;Normal
37;Female;72;164;109;79,7;150;50;22,22;0;0;0;0;0;No;Normal;Middle;High;Normal
60;Male;70;116;101;72,2;165;62;22,77;0;0;0;0;0;No;Normal;Senior;High;Normal
45;Female;105;128;85;57,4;155;52;21,64;0;0;0;0;0;No;Normal;Middle;Normal;Normal
32;Male;75;138;92;81,1;173;80;26,73;1;0;1;0;0;No;Overweight;Middle;High;Normal
23;Male;57;123;79;55,9;155;49,9;20,77;1;0;1;0;0;No;Normal;Young;Normal;Normal
50;Male;69;117;70;51,6;161;43,7;16,86;0;0;0;0;0;No;Underweight;Senior;Normal;Normal
65;Female;73;116;70;76,1;157;39;15,82;0;1;0;0;0;No;Underweight;Elderly;Normal;Normal
35;Female;96;120;94;70;157;55;22,31;0;0;0;0;0;No;Normal;Middle;High;Normal
40;Male;96;148;80;70;160;46;17,97;0;0;1;0;0;No;Underweight;Middle;High;Normal
40;Female;76;143;81;71,6;155;52,3;21,77;0;0;0;0;0;No;Normal;Middle;High;Normal
49;Female;68;139;85;60,9;152;47,5;20,56;0;0;0;0;0;No;Normal;Senior;Normal;Normal
70;Male;80;147;86;91,7;170;72,6;25,12;0;0;0;0;0;Yes;Overweight;Elderly;High;Normal
60;Female;52;165;86;67,2;152;59,8;25,88;0;1;0;0;0;No;Overweight;Senior;High;Normal
42;Male;92;105;78;79,4;175;85,5;27,92;1;0;1;0;0;No;Overweight;Middle;Normal;Normal
51;Female;56;167;79;70,8;160;47,5;18,55;0;1;0;0;0;No;Normal;Senior;High;Normal
40;Female;66;148;92;86;152;52;22,51;0;0;0;0;0;No;Normal;Middle;High;Normal
65;Female;65;129;79;55,2;152;63,1;27,31;0;0;0;0;0;No;Overweight;Elderly;Normal;Normal
34;Male;59;169;98;60,8;157;82,4;33,43;0;1;0;0;0;No;Obese;Middle;High;Normal
25;Female;70;128;81;75,1;152;50;21,64;0;0;0;0;0;No;Normal;Young;Normal;Normal
40;Female;70;127;85;62,2;152;58;25,1;0;0;0;0;0;No;Overweight;Middle;Normal;Normal
70;Male;70;140;72;70,2;157;48,2;19,55;0;0;0;0;0;No;Normal;Elderly;High;Normal
65;Female;77;172;105;120,8;147;62,7;29,02;0;1;0;0;0;No;Overweight;Elderly;High;Prediabetes
45;Female;75;116;75;80;152;52;22,51;0;0;0;0;0;No;Normal;Middle;Normal;Normal
35;Female;70;156;86;68;157;61,6;24,99;0;0;0;0;0;No;Normal;Middle;High;Normal
45;Female;63;152;95;80,4;155;55;22,89;0;0;0;0;0;No;Normal;Middle;High;Normal
60;Female;82;175;87;163,4;160;55;21,48;0;0;0;0;0;No;Normal;Senior;High;Diabetes
72;Male;58;220;94;397;157;54;21,91;0;1;0;0;0;Yes;Normal;Elderly;High;Diabetes
60;Male;73;129;86;58,6;165;61,3;22,52;0;0;0;0;0;Yes;Normal;Senior;Normal;Normal
50;Female;69;151;99;69,8;157;52;21,1;0;0;0;0;0;No;Normal;Senior;High;Normal
45;Female;86;135;91;105,7;152;62,1;26,88;0;0;0;0;0;No;Overweight;Middle;High;Prediabetes
40;Female;87;131;84;57,8;157;52;21,1;0;0;0;0;0;No;Normal;Middle;Normal;Normal
40;Female;81;115;79;66,5;152;53,2;23,03;0;0;0;0;0;No;Normal;Middle;Normal;Normal
40;Female;81;128;77;51,6;150;42,5;18,89;0;0;0;0;0;No;Normal;Middle;Normal;Normal
60;Female;89;131;82;83,5;152;52;22,51;0;0;0;0;0;No;Normal;Senior;Normal;Normal
62;Female;62;118;61;79,1;155;48;19,98;0;0;0;0;0;No;Normal;Elderly;Normal;Normal
50;Female;86;154;92;61,8;150;47;20,89;0;0;0;0;0;No;Normal;Senior;High;Normal
30;Male;101;113;69;76,2;163;48;18,07;0;0;0;0;0;No;Underweight;Young;Normal;Normal
35;Female;73;116;71;81,7;165;55;20,2;0;0;0;0;0;No;Normal;Middle;Normal;Normal
40;Female;78;147;96;45,2;150;55;24,44;0;0;0;0;0;No;Normal;Middle;High;Normal
25;Female;84;115;77;327;150;45;20;0;0;0;0;0;No;Normal;Young;Normal;Diabetes
70;Male;80;193;110;61,7;173;55;18,38;0;0;0;0;0;No;Underweight;Elderly;High;Normal
60;Female;70;174;96;57;140;38,2;19,49;0;0;0;0;0;No;Normal;Senior;High;Normal
30;Female;67;92;73;68,6;152;47;20,34;0;0;0;0;0;No;Normal;Young;Normal;Normal
70;Female;68;160;87;75,8;132;34,9;20,03;0;0;0;0;0;No;Normal;Elderly;High;Normal
40;Male;52;111;70;62,1;150;48,7;21,64;0;0;0;0;0;No;Normal;Middle;Normal;Normal
30;Female;63;116;74;50;152;46;19,91;0;0;0;0;0;No;Normal;Young;Normal;Normal
30;Female;71;156;81;97,8;152;49;21,21;0;0;0;0;0;No;Normal;Young;High;Normal
50;Female;73;159;84;79,3;150;46,4;20,62;0;0;0;0;0;No;Normal;Senior;High;Normal
45;Female;72;151;81;60;157;62;25,15;0;0;0;0;0;No;Overweight;Middle;High;Normal
28;Female;108;117;79;72,8;157;48;19,47;0;0;0;0;0;No;Normal;Young;Normal;Normal
35;Female;89;151;85;104;150;64;28,44;0;0;0;0;0;No;Overweight;Middle;High;Prediabetes
28;Male;85;120;81;60,6;163;63,2;23,79;1;0;1;0;0;No;Normal;Young;Normal;Normal
50;Female;61;133;80;56;152;52;22,51;0;0;0;0;0;No;Normal;Senior;Normal;Normal
40;Female;80;148;79;73;165;48,7;17,89;0;0;0;0;0;No;Underweight;Middle;High;Normal
50;Male;76;123;76;120,2;157;56;22,72;0;0;0;0;0;No;Normal;Senior;Normal;Prediabetes
40;Female;83;113;78;75,4;152;56;24,24;0;0;0;0;0;No;Normal;Middle;Normal;Normal
30;Female;88;121;76;74,9;152;64;27,7;0;0;0;0;0;No;Overweight;Young;Normal;Normal
48;Female;59;167;89;66,1;152;48;20,78;0;0;0;0;0;No;Normal;Senior;High;Normal
55;Female;86;198;117;122,4;152;49;21,21;0;0;0;0;0;No;Normal;Senior;High;Prediabetes
27;Female;92;117;78;70,8;150;56;24,89;0;0;0;0;0;No;Normal;Young;Normal;Normal
60;Female;86;134;81;68,7;168;48;17,01;0;0;0;0;0;No;Underweight;Senior;Normal;Normal
45;Male;55;111;65;70,3;157;55;22,31;0;0;0;0;0;No;Normal;Middle;Normal;Normal
50;Male;61;97;57;78,1;157;47;19,07;0;0;0;0;0;No;Normal;Senior;Normal;Normal
45;Female;63;121;86;55,8;145;45;21,4;0;0;0;0;0;No;Normal;Middle;Normal;Normal
40;Female;77;95;65;61,9;150;50;22,22;1;0;1;0;0;No;Normal;Middle;Normal;Normal
55;Female;82;119;76;63,7;150;55;24,44;0;0;0;0;0;No;Normal;Senior;Normal;Normal
30;Female;65;170;93;59,5;150;51;22,67;0;0;0;0;0;No;Normal;Young;High;Normal
40;Male;76;128;85;66,9;173;58;19,38;0;0;0;0;0;No;Normal;Middle;Normal;Normal
35;Female;85;110;75;53,6;152;55;23,81;0;0;0;0;0;No;Normal;Middle;Normal;Normal
36;Female;80;103;70;72,4;157;55;22,31;0;0;0;0;0;No;Normal;Middle;Normal;Normal
70;Male;61;170;105;101,2;165;60;22,04;0;0;0;0;0;No;Normal;Elderly;High;Prediabetes
30;Female;83;101;74;60,7;150;40;17,78;0;0;0;0;0;No;Underweight;Young;Normal;Normal
40;Male;72;135;89;60,9;165;68;24,98;0;0;0;0;0;No;Normal;Middle;Normal;Normal
60;Female;80;135;71;88;152;52;22,51;0;0;0;0;0;No;Normal;Senior;Normal;Normal
35;Female;67;106;75;112,9;160;45;17,58;0;0;0;0;0;No;Underweight;Middle;Normal;Prediabetes
60;Female;69;157;89;92,5;152;55;23,81;0;0;0;0;0;No;Normal;Senior;High;Normal
28;Female;85;107;67;40;149;67;30,18;0;0;0;0;0;No;Obese;Young;Normal;Normal
27;Female;101;105;80;79,8;155;48;19,98;0;0;0;0;0;No;Normal;Young;Normal;Normal
25;Female;99;120;73;78;155;49;20,4;0;0;0;0;0;No;Normal;Young;Normal;Normal
40;Female;10;150;101;80;154;45;18,97;0;0;0;0;0;No;Normal;Middle;High;Normal
65;Female;78;139;88;56,6;157;65;26,37;0;0;0;0;0;No;Overweight;Elderly;Normal;Normal
26;Female;84;130;84;70;152;52;22,51;0;0;0;0;0;No;Normal;Young;Normal;Normal
50;Female;74;99;70;58,6;150;53;23,56;0;0;0;0;0;No;Normal;Senior;Normal;Normal
63;Female;72;115;68;77,6;155;58;24,14;0;0;0;0;0;No;Normal;Elderly;Normal;Normal
30;Female;79;130;84;89,9;157;77;31,24;0;0;0;0;0;No;Obese;Young;Normal;Normal
60;Female;5;120;60;140;154;50;21,08;0;0;0;0;0;No;Normal;Senior;Normal;Diabetes
39;Female;70;128;74;66,8;145;38;18,07;0;0;0;0;0;No;Underweight;Middle;Normal;Normal
58;Male;69;130;76;145,7;163;63,5;23,9;0;0;0;0;0;Yes;Normal;Senior;Normal;Diabetes
54;Female;76;152;90;77,1;157;65,8;26,69;0;1;0;0;0;No;Overweight;Senior;High;Normal
59;Female;65;135;79;61,5;140;34;17,35;0;0;0;0;0;No;Underweight;Senior;Normal;Normal
45;Female;78;123;89;70;157;66;26,78;0;0;0;0;0;No;Overweight;Middle;Normal;Normal
64;Female;66;177;102;77,5;145;42;19,98;0;0;0;0;0;No;Normal;Elderly;High;Normal
35;Female;79;129;86;69,6;142;67;33,23;0;0;0;0;0;No;Obese;Middle;Normal;Normal
54;Female;96;124;72;69,8;155;51;21,23;0;0;0;0;0;No;Normal;Senior;Normal;Normal
35;Male;87;119;85;71,6;157;72;29,21;1;0;1;0;0;No;Overweight;Middle;Normal;Normal
25;Male;69;139;90;70,3;145;37;17,6;0;0;0;0;0;No;Underweight;Young;High;Normal
30;Female;70;132;80;89,6;145;44;20,93;0;0;0;0;0;No;Normal;Young;Normal;Normal
40;Female;72;141;79;100;137;59;31,43;0;0;0;0;0;No;Obese;Middle;High;Normal
28;Male;62;179;82;96,1;157;57,1;23,17;0;0;0;0;0;No;Normal;Young;High;Normal
40;Female;73;106;63;40;149;48;21,62;0;0;0;0;0;No;Normal;Middle;Normal;Normal
49;Female;73;114;69;63,8;155;56;23,31;0;0;0;0;0;No;Normal;Senior;Normal;Normal
52;Male;69;135;83;55;152;62,1;26,88;0;0;0;0;0;No;Overweight;Senior;Normal;Normal
47;Female;85;141;93;53;145;59,8;28,44;0;0;0;0;0;No;Overweight;Senior;High;Normal
45;Male;68;125;80;63,4;165;49,6;18,22;0;0;0;0;0;No;Underweight;Middle;Normal;Normal
35;Male;75;136;87;48,4;165;68,9;25,31;0;0;0;0;0;No;Overweight;Middle;Normal;Normal
65;Female;78;164;76;41,5;152;38,1;16,49;0;1;0;0;0;Yes;Underweight;Elderly;High;Normal
62;Male;88;104;61;85,8;168;68,4;24,23;0;0;0;0;0;No;Normal;Elderly;Normal;Normal
53;Female;80;101;69;69,2;145;52,1;24,78;0;0;0;0;0;No;Normal;Senior;Normal;Normal
38;Male;76;190;105;57,3;163;65,4;24,62;0;0;0;0;0;No;Normal;Middle;High;Normal
42;Female;78;130;94;72,4;135;45;24,69;0;0;0;0;0;No;Normal;Middle;High;Normal
31;Male;62;186;111;98,2;155;59,1;24,6;0;0;0;0;0;No;Normal;Middle;High;Normal
26;Male;59;127;74;57,1;168;48,9;17,33;0;0;0;1;0;No;Underweight;Young;Normal;Normal
24;Female;71;126;67;54,4;135;39;21,4;0;0;0;0;0;No;Normal;Young;Normal;Normal
30;Female;76;140;93;68,6;160;68;26,56;0;0;0;0;0;No;Overweight;Young;High;Normal
54;Male;74;168;108;89,9;155;65;27,06;0;0;0;0;0;No;Overweight;Senior;High;Normal
46;Female;73;122;74;58,2;145;54,8;26,06;0;0;0;0;0;No;Overweight;Senior;Normal;Normal
55;Male;67;133;80;120,8;152;49,2;21,3;0;0;0;0;0;No;Normal;Senior;Normal;Prediabetes
45;Female;80;142;93;64,8;145;69,1;32,87;0;0;0;0;0;No;Obese;Middle;High;Normal
34;Female;73;124;83;62,1;145;49,1;23,35;0;0;0;0;0;No;Normal;Middle;Normal;Normal
39;Female;74;123;74;57,8;145;49;23,31;0;0;0;0;0;No;Normal;Middle;Normal;Normal
70;Female;65;139;74;71,7;145;37,4;17,79;0;0;0;0;0;No;Underweight;Elderly;Normal;Normal
55;Male;74;128;91;68,1;163;69,9;26,31;0;0;0;0;0;No;Overweight;Senior;High;Normal
64;Male;77;167;111;68,2;145;40;19,02;0;0;0;0;0;No;Normal;Elderly;High;Normal
32;Female;75;108;72;55,6;132;266;21,9;0;0;0;0;0;No;Normal;Middle;Normal;Normal
45;Female;65;114;70;94,1;152;53,2;23,03;0;0;0;0;0;No;Normal;Middle;Normal;Normal
32;Female;76;123;68;68,2;157;66,1;26,82;0;0;0;0;0;No;Overweight;Middle;Normal;Normal
34;Female;77;145;93;73,3;157;45;18,26;0;0;0;0;0;No;Underweight;Middle;High;Normal
30;Female;111;127;91;90;152;74;32,03;0;0;0;0;0;No;Obese;Young;High;Normal
62;Female;67;161;102;59,8;142;55;27,28;0;0;0;0;0;No;Overweight;Elderly;High;Normal
36;Female;69;146;106;69,8;155;72,5;30,18;1;0;1;0;0;No;Obese;Middle;High;Normal
52;Female;78;129;84;210;154;76;32,05;0;0;0;0;0;No;Obese;Senior;Normal;Diabetes
44;Male;70;119;80;65,3;163;47,5;17,88;0;0;0;0;0;No;Underweight;Middle;Normal;Normal
39;Female;57;172;103;77;145;50,1;23,83;0;0;0;0;0;No;Normal;Middle;High;Normal
60;Male;84;154;100;70,1;163;61,6;23,18;0;0;0;0;0;No;Normal;Senior;High;Normal
44;Female;70;170;117;79,5;155;49;20,4;0;0;0;0;0;No;Normal;Middle;High;Normal
39;Female;74;142;89;54,8;145;59,1;28,11;0;0;0;0;0;No;Overweight;Middle;High;Normal
58;Female;79;105;68;69,3;152;37;16,01;0;0;0;0;0;No;Underweight;Senior;Normal;Normal
62;Female;61;162;102;85,5;155;36,6;15,23;0;1;0;0;0;No;Underweight;Elderly;High;Normal
65;Male;55;183;83;56,9;152;46,8;20,26;0;1;0;0;0;No;Normal;Elderly;High;Normal
55;Female;72;192;100;59,6;152;59,6;25,8;0;1;0;0;0;No;Overweight;Senior;High;Normal
36;Female;79;184;113;74;155;60,4;25,14;1;0;1;0;0;No;Overweight;Middle;High;Normal
59;Male;57;158;115;61,3;170;60,9;21,07;0;1;0;0;0;No;Normal;Senior;High;Normal
40;Female;57;154;90;67,3;142;62;30,75;0;0;0;0;0;Yes;Obese;Middle;High;Normal
61;Male;56;158;111;66,5;155;52;21,64;0;1;0;0;0;No;Normal;Elderly;High;Normal
44;Female;60;191;98;47,8;152;66,7;28,87;0;1;0;0;0;No;Overweight;Middle;High;Normal
55;Male;61;154;96;62,2;165;72;26,45;0;1;0;0;0;No;Overweight;Senior;High;Normal
70;Male;65;188;119;92,4;168;78;27,64;0;0;0;0;0;Yes;Overweight;Elderly;High;Normal
50;Female;68;143;100;61;145;73,3;34,86;0;1;0;0;0;No;Obese;Senior;High;Normal
21;Female;63;123;85;52,6;160;53,2;20,78;1;0;1;0;0;No;Normal;Young;Normal;Normal
30;Male;66;163;113;91,2;163;56;21,08;0;1;0;0;0;No;Normal;Young;High;Normal
30;Female;67;160;112;54,2;145;83,1;39,52;0;0;0;0;0;No;Obese;Young;High;Normal
35;Female;76;118;88;88,8;155;77,8;32,38;0;0;0;0;0;No;Obese;Middle;Normal;Normal
48;Male;64;160;102;65,6;163;61,7;23,22;0;1;0;0;0;No;Normal;Senior;High;Normal
35;Female;75;120;72;50;157;78;31,64;0;0;0;0;0;No;Obese;Middle;Normal;Normal
34;Female;74;153;86;77,4;145;65,5;31,15;0;0;0;0;0;No;Obese;Middle;High;Normal
60;Male;78;175;104;61,9;160;78,1;30,51;0;0;0;0;0;No;Obese;Senior;High;Normal
45;Female;69;177;96;98,1;142;70,5;34,96;0;0;0;0;0;No;Obese;Middle;High;Normal
35;Female;90;106;69;140;149;78;35,13;0;0;0;0;0;Yes;Obese;Middle;Normal;Diabetes
28;Female;73;129;80;90;154;67;28,25;0;0;0;0;0;No;Overweight;Young;Normal;Normal
38;Female;67;132;85;60,3;152;81,5;35,28;0;0;0;0;0;No;Obese;Middle;Normal;Normal
30;Male;68;132;77;57,5;155;61;25,39;0;0;0;0;0;No;Overweight;Young;Normal;Normal
54;Female;83;128;79;62,4;157;54,8;22,23;0;0;0;0;0;No;Normal;Senior;Normal;Normal
70;Female;98;154;98;90;142;63;31,24;0;0;0;0;0;No;Obese;Elderly;High;Normal
75;Male;49;155;85;123;166;58,8;21,34;0;0;0;0;0;No;Normal;Elderly;High;Prediabetes
45;Female;88;128;89;81,4;152;94,5;40,9;0;0;0;0;0;No;Obese;Middle;Normal;Normal
65;Female;80;203;114;82,6;141;57,4;28,87;0;1;0;0;0;Yes;Overweight;Elderly;High;Normal
30;Female;79;154;90;68,5;145;65,8;31,3;0;0;0;0;0;No;Obese;Young;High;Normal
35;Female;95;118;82;50;153;68;29,05;0;0;0;0;0;No;Overweight;Middle;Normal;Normal
43;Female;103;124;82;236,3;145;57;27,11;0;0;0;0;0;No;Overweight;Middle;Normal;Diabetes
45;Male;57;154;105;52,7;170;75,5;26,12;1;0;1;0;0;No;Overweight;Middle;High;Normal
63;Female;77;151;70;71,2;145;56,1;26,68;0;0;0;0;0;No;Overweight;Elderly;High;Normal
35;Female;83;125;75;90,8;145;56,8;27,02;0;0;0;0;0;No;Overweight;Middle;Normal;Normal
55;Female;68;175;91;67,7;127;63;39,06;0;0;0;0;0;No;Obese;Senior;High;Normal
35;Male;87;128;83;69,1;185;70;20,45;0;0;0;0;0;No;Normal;Middle;Normal;Normal
32;Female;73;154;96;49,4;155;61;25,39;0;0;0;0;0;No;Overweight;Middle;High;Normal
25;Female;64;139;83;73;157;59;23,94;0;0;0;0;0;No;Normal;Young;Normal;Normal
34;Female;94;160;101;49,7;145;52;24,73;0;0;0;0;0;No;Normal;Middle;High;Normal
32;Female;69;148;102;83,1;142;41;20,33;0;0;0;0;0;No;Normal;Middle;High;Normal
30;Male;97;136;105;52,9;183;75;22,4;0;0;0;0;0;No;Normal;Young;High;Normal
53;Female;93;127;77;70,6;155;63;26,22;0;0;0;0;0;No;Overweight;Senior;Normal;Normal
26;Female;74;134;98;68,4;155;56;23,31;0;0;0;0;0;No;Normal;Young;High;Normal
45;Male;86;133;73;54,6;168;47;16,65;0;0;0;0;0;No;Underweight;Middle;Normal;Normal
37;Female;77;120;75;76,5;142;41;20,33;0;0;0;0;0;No;Normal;Middle;Normal;Normal
35;Female;78;123;76;76,8;145;58;27,59;0;0;0;0;0;No;Overweight;Middle;Normal;Normal
50;Female;70;164;85;68;152;57;24,67;0;0;0;0;0;No;Normal;Senior;High;Normal
28;Female;83;130;76;75,7;145;58,2;27,68;0;0;0;0;0;No;Overweight;Young;Normal;Normal
60;Male;73;127;71;75,5;155;61,7;25,68;0;0;0;0;0;No;Overweight;Senior;Normal;Normal
50;Female;87;153;88;66,2;142;36,1;17,9;0;0;0;0;0;No;Underweight;Senior;High;Normal
37;Male;66;135;89;62,7;157;55,7;22,6;0;0;0;0;0;No;Normal;Middle;Normal;Normal
36;Female;79;130;68;85,5;152;44,7;19,35;0;0;0;0;0;No;Normal;Middle;Normal;Normal
49;Female;63;134;88;69,6;137;45;23,98;0;0;0;0;0;No;Normal;Senior;Normal;
69;Male;116;166;80;82,6;157;55,6;22,56;0;0;0;0;0;No;Normal;Elderly;High;Normal
59;Female;83;149;83;73,3;152;53;22,94;0;0;0;0;0;No;Normal;Senior;High;Normal
34;Female;53;155;74;103,5;152;69,2;29,95;0;0;0;0;0;No;Overweight;Middle;High;Prediabetes
52;Male;69;161;89;63,3;152;43,8;18,96;0;0;0;0;0;No;Normal;Senior;High;Normal
44;Female;119;114;65;74,9;152;37,5;16,23;0;0;0;0;0;No;Underweight;Middle;Normal;Normal
35;Female;88;113;71;70;157;55;22,31;0;0;0;0;0;No;Normal;Middle;Normal;Normal
61;Male;80;112;66;83;160;55,9;21,84;0;0;0;0;0;No;Normal;Elderly;Normal;Normal
54;Female;86;112;67;64,1;155;57,1;23,77;0;0;0;0;0;No;Normal;Senior;Normal;Normal
60;Male;74;130;81;61,9;147;40;18,51;0;0;0;0;0;No;Normal;Senior;Normal;Normal
70;Female;77;162;98;67,1;152;38;16,45;0;1;0;0;0;No;Underweight;Elderly;High;Normal
40;Female;87;129;90;61,5;160;72,5;28,32;0;0;0;0;0;No;Overweight;Middle;High;Normal
40;Female;74;139;86;52,6;127;58,4;36,21;1;0;1;0;0;No;Obese;Middle;Normal;Normal
38;Female;59;156;88;64,5;152;49,7;21,51;0;0;0;0;0;No;Normal;Middle;High;Normal
70;Male;50;201;108;73,8;145;54,2;25,78;0;1;0;0;1;Yes;Overweight;Elderly;High;Normal
55;Female;67;146;105;69;140;42,1;21,48;0;1;0;0;0;Yes;Normal;Senior;High;Normal
30;Female;71;122;90;60,3;145;49,5;23,54;0;0;0;0;0;No;Normal;Young;High;Normal
51;Male;66;138;93;58;168;80,1;28,38;0;1;0;0;0;No;Overweight;Senior;High;Normal
39;Female;89;146;101;73;157;68,9;27,95;0;0;0;0;0;Yes;Overweight;Middle;High;Normal
50;Female;70;150;93;61,2;152;63,2;27,35;0;1;0;0;0;Yes;Overweight;Senior;High;Normal
24;Female;92;153;102;46,5;155;52,4;21,81;1;0;1;0;0;No;Normal;Young;High;Normal
65;Male;83;150;75;78,9;163;46;17,31;0;0;0;0;0;No;Underweight;Elderly;High;Normal
34;Female;79;116;73;65,8;157;42;17,04;0;0;0;0;0;No;Underweight;Middle;Normal;Normal
51;Female;64;133;78;64,6;142;47;23,31;0;0;0;0;0;No;Normal;Senior;Normal;Normal
36;Female;68;130;85;68,3;152;60,9;26,36;0;0;0;0;0;No;Overweight;Middle;Normal;Normal
31;Male;72;126;83;51,5;170;69;23,88;0;0;0;0;0;No;Normal;Middle;Normal;Normal
29;Female;73;139;92;56,6;160;86,9;33,95;0;0;0;0;0;No;Obese;Young;High;Normal
55;Female;78;146;84;75,8;147;43;19,9;0;0;0;0;0;No;Normal;Senior;High;Normal
60;Male;66;146;94;57,3;160;59,1;23,09;0;0;0;0;0;No;Normal;Senior;High;Normal
55;Female;50;166;96;64;145;49,8;23,69;0;0;0;0;0;No;Normal;Senior;High;Normal
35;Female;80;147;82;51,9;145;52,2;24,83;0;0;0;0;0;No;Normal;Middle;High;Normal
30;Female;68;125;70;54,3;152;59;25,54;0;0;0;0;0;No;Overweight;Young;Normal;Normal
40;Female;76;119;72;61,5;157;53;21,5;0;0;0;0;0;No;Normal;Middle;Normal;Normal
40;Female;86;156;88;74,7;152;55;23,81;0;0;0;0;0;No;Normal;Middle;High;Normal
50;Female;79;138;79;110;134;59;32,86;0;0;0;0;0;No;Obese;Senior;Normal;Prediabetes
44;Female;78;154;90;62,6;157;56;22,72;0;0;0;0;0;No;Normal;Middle;High;Normal
40;Female;75;130;75;62,4;152;47;20,34;0;0;0;0;0;No;Normal;Middle;Normal;Normal
34;Female;71;141;88;60,1;150;59,4;26,4;0;0;0;0;0;No;Overweight;Middle;High;Normal
70;Male;86;133;70;90,1;163;58;21,83;0;0;0;0;0;No;Normal;Elderly;Normal;Normal
65;Female;61;146;74;66,5;145;39;18,55;0;1;0;0;0;No;Normal;Elderly;High;Normal
62;Male;69;126;82;79,7;168;53;18,78;0;0;0;0;0;No;Normal;Elderly;Normal;Normal
55;Female;104;108;60;90;163;58;21,83;0;0;0;0;0;No;Normal;Senior;Normal;Normal
60;Male;77;120;74;61,8;157;46,4;18,82;0;0;0;0;0;No;Normal;Senior;Normal;Normal
55;Female;61;133;94;57,9;150;44;19,56;0;0;0;0;0;No;Normal;Senior;High;Normal
36;Male;61;121;74;51,4;163;55;20,7;0;0;0;0;0;No;Normal;Middle;Normal;Normal
58;Female;51;165;89;89;152;50;21,64;0;0;0;0;0;No;Normal;Senior;High;Normal
50;Female;86;130;83;158,3;152;48;20,78;0;0;0;0;0;No;Normal;Senior;Normal;Diabetes
28;Female;63;154;104;68;152;58;25,1;0;0;0;0;0;No;Overweight;Young;High;Normal
27;Female;83;95;69;94,4;150;45;20;0;0;0;0;0;No;Normal;Young;Normal;Normal
28;Female;88;113;78;66,3;150;51,9;23,07;0;0;0;0;0;No;Normal;Young;Normal;Normal
26;Female;87;119;78;70,3;155;64,2;26,72;0;0;0;0;0;No;Overweight;Young;Normal;Normal
25;Male;65;112;70;61,1;165;55,6;20,42;1;0;1;0;0;No;Normal;Young;Normal;Normal
75;Male;47;160;89;57,3;157;47;19,07;0;1;0;0;0;No;Normal;Elderly;High;Normal
40;Male;44;145;90;54,1;163;54,2;20,4;1;0;1;0;1;No;Normal;Middle;High;Normal
49;Male;56;166;101;53,8;165;67,5;24,79;0;0;0;0;0;No;Normal;Senior;High;Normal
71;Female;85;115;74;66,9;152;45;19,48;0;0;0;0;0;No;Normal;Elderly;Normal;Normal
67;Male;69;160;87;83,8;160;60,7;23,71;0;0;0;0;0;No;Normal;Elderly;High;Normal
58;Female;74;118;72;75,3;155;54,5;22,68;0;0;0;0;0;No;Normal;Senior;Normal;Normal
64;Male;64;170;107;78,1;168;73,6;26,08;0;1;0;0;0;Yes;Overweight;Elderly;High;Normal
51;Female;71;163;94;52,7;150;62,9;27,96;0;0;0;0;0;Yes;Overweight;Senior;High;Normal
38;Male;74;130;88;57,9;165;76,6;28,14;0;0;0;0;0;No;Overweight;Middle;Normal;Normal
31;Female;71;103;76;56;152;69,4;30,04;0;0;0;0;0;No;Obese;Middle;Normal;Normal
26;Female;77;130;78;78,9;152;56,9;24,63;0;0;0;0;0;No;Normal;Young;Normal;Normal
50;Male;61;140;96;50,5;152;53;22,94;0;0;0;0;0;No;Normal;Senior;High;Normal
55;Male;54;146;79;50,1;157;55;22,31;0;1;0;0;0;Yes;Normal;Senior;High;Normal
40;Male;66;127;90;106,2;152;56;24,24;0;0;0;1;0;Yes;Normal;Middle;High;Prediabetes
40;Female;76;202;108;134,7;157;58,9;23,9;0;0;0;0;0;No;Normal;Middle;High;Diabetes
35;Female;72;136;93;70,4;142;57;28,27;0;0;0;0;0;No;Overweight;Middle;High;Normal
53;Female;59;119;70;72;160;56;21,87;0;0;0;0;0;No;Normal;Senior;Normal;Normal
35;Male;58;126;78;80,3;163;60;22,58;1;0;1;0;0;No;Normal;Middle;Normal;Normal
70;Female;85;173;81;58,1;152;35;15,15;0;1;0;0;0;No;Underweight;Elderly;High;Normal
38;Female;92;153;92;110;152;72;31,16;0;0;0;0;0;No;Obese;Middle;High;Prediabetes
40;Female;86;150;81;86,2;157;53;21,5;0;0;0;0;0;No;Normal;Middle;High;Normal
35;Male;65;125;83;60;154;55;23,19;0;0;0;0;0;No;Normal;Middle;Normal;Normal
65;Female;82;173;92;59,1;152;54;23,37;0;0;0;0;0;No;Normal;Elderly;High;Normal
40;Female;75;115;73;82,4;155;52;21,64;0;0;0;0;0;No;Normal;Middle;Normal;Normal
30;Female;57;119;73;57,5;150;44;19,56;0;0;0;0;0;No;Normal;Young;Normal;Normal
70;Male;82;163;88;62,5;152;64,5;27,92;0;0;0;0;0;No;Overweight;Elderly;High;Normal
60;Female;73;169;81;65,8;152;52;22,51;0;0;0;0;0;No;Normal;Senior;High;Normal
55;Female;66;127;70;61,5;150;40;17,78;0;0;0;0;0;No;Underweight;Senior;Normal;Normal
22;Female;82;124;83;55,4;142;45;22,32;0;0;0;0;0;No;Normal;Young;Normal;Normal
59;Female;91;150;83;63,9;152;55;23,81;0;0;0;0;0;No;Normal;Senior;High;Normal
39;Female;86;139;99;53,8;155;55;22,89;0;0;0;0;0;No;Normal;Middle;High;Normal
38;Female;65;125;83;66,7;155;55;22,89;0;0;0;0;0;No;Normal;Middle;Normal;Normal
50;Female;85;167;102;194,5;150;41,4;18,4;0;0;0;0;0;No;Underweight;Senior;High;Diabetes
50;Male;77;164;105;157,4;170;70,8;24,5;0;0;0;0;0;Yes;Normal;Senior;High;Diabetes
70;Male;49;145;86;54,1;160;53,9;21,05;0;1;0;0;0;No;Normal;Elderly;High;Normal
60;Female;75;119;78;156,7;155;66,2;27,55;0;1;0;0;0;Yes;Overweight;Senior;Normal;Diabetes
42;Male;80;143;103;82;160;72,2;28,2;1;0;1;0;0;No;Overweight;Middle;High;Normal
40;Female;71;140;105;62,4;152;59,6;25,8;0;0;0;0;0;No;Overweight;Middle;High;Normal
30;Female;80;102;65;73,1;145;50;23,78;0;0;0;0;0;No;Normal;Young;Normal;Normal
42;Female;63;179;105;83,7;157;63,3;25,68;0;0;0;0;0;No;Overweight;Middle;High;Normal
47;Female;71;115;73;66,6;140;56;28,57;0;0;0;0;0;No;Overweight;Senior;Normal;Normal
44;Female;71;168;105;75,9;147;46,9;21,7;0;0;0;0;0;No;Normal;Middle;High;Normal
42;Female;60;179;101;64,6;152;58,9;25,49;0;1;0;1;0;No;Overweight;Middle;High;Normal
50;Male;83;118;71;77;165;62;22,77;0;0;0;0;0;No;Normal;Senior;Normal;Normal
30;Female;74;129;80;60,2;155;59,3;24,68;0;0;0;0;0;No;Normal;Young;Normal;Normal
40;Female;70;135;81;52,4;152;55,7;24,11;0;0;0;0;0;No;Normal;Middle;Normal;Normal
50;Female;69;111;67;62,3;145;67,3;32,01;0;0;0;0;0;No;Obese;Senior;Normal;Normal
32;Male;70;125;80;84,3;155;56,4;23,48;0;0;0;0;0;No;Normal;Middle;Normal;Normal
60;Male;64;138;81;62,8;163;50;18,82;0;0;0;0;0;No;Normal;Senior;Normal;Normal
50;Female;65;121;76;78,3;147;56,8;26,29;0;0;0;0;0;No;Overweight;Senior;Normal;Normal
35;Male;71;116;69;56,3;170;58;20,07;0;0;0;0;0;No;Normal;Middle;Normal;Normal
55;Female;78;122;78;61,7;152;47;20,34;0;0;0;0;0;No;Normal;Senior;Normal;Normal
50;Female;72;101;59;62,3;155;49;20,4;0;0;0;0;0;No;Normal;Senior;Normal;Normal
32;Female;80;121;76;79,6;152;51;22,07;0;0;0;0;0;No;Normal;Middle;Normal;Normal
55;Male;67;202;114;113;178;64,3;20,29;0;1;0;0;1;Yes;Normal;Senior;High;Prediabetes
50;Male;65;165;84;55,4;168;55;19,49;0;0;0;0;0;No;Normal;Senior;High;Normal
60;Female;64;132;68;62,1;165;45;16,53;0;0;0;0;0;No;Underweight;Senior;Normal;Normal
43;Female;79;136;89;79,1;160;74;28,91;0;0;0;0;0;No;Overweight;Middle;Normal;Normal
24;Female;58;120;71;55,7;163;60,3;22,7;1;0;1;0;0;No;Normal;Young;Normal;Normal
58;Male;95;126;74;174,2;155;50;20,81;0;0;0;0;1;No;Normal;Senior;Normal;Diabetes
31;Female;73;139;83;72,3;150;37;16,44;0;0;0;0;0;No;Underweight;Middle;Normal;Normal
40;Female;67;135;82;61,3;150;40;17,78;0;0;0;0;0;No;Underweight;Middle;Normal;Normal
56;Female;70;166;80;59,9;152;53,1;22,98;0;0;0;0;0;No;Normal;Senior;High;Normal
39;Female;75;131;73;62,5;152;52;22,51;0;0;0;0;0;No;Normal;Middle;Normal;Normal
61;Female;81;113;67;53,9;147;42;19,44;0;0;0;0;0;No;Normal;Elderly;Normal;Normal
30;Female;92;109;65;58,1;150;43;19,11;1;0;1;0;0;No;Normal;Young;Normal;Normal
62;Male;81;114;75;62,5;163;63;23,71;0;0;0;0;0;No;Normal;Elderly;Normal;Normal
60;Male;51;122;76;353;165;60;22,04;0;0;0;0;0;No;Normal;Senior;Normal;Diabetes
50;Female;65;130;85;60,3;157;73,9;29,98;0;0;0;0;0;No;Overweight;Senior;Normal;Normal
40;Female;48;134;76;61,1;135;46;25,24;0;0;0;0;0;No;Overweight;Middle;Normal;Normal
50;Female;69;131;99;66,7;152;46;19,91;0;0;0;0;0;No;Normal;Senior;High;Normal
55;Female;73;125;77;60,8;150;40;17,78;0;0;0;0;0;No;Underweight;Senior;Normal;Normal
32;Male;72;146;99;58,6;163;54;20,32;1;0;1;0;0;No;Normal;Middle;High;Normal
80;Female;63;163;84;70,4;142;30,1;14,93;0;1;0;0;0;No;Underweight;Elderly;High;Normal
35;Female;73;140;74;79,8;152;49;21,21;0;0;0;0;0;No;Normal;Middle;High;Normal
60;Female;63;191;111;55,9;147;44,2;20,45;0;0;0;0;0;No;Normal;Senior;High;Normal
60;Female;57;133;65;105,7;150;46,7;20,76;0;0;0;0;0;No;Normal;Senior;Normal;Prediabetes
44;Male;75;120;80;60;154;50;21,08;0;0;0;0;0;No;Normal;Middle;Normal;Normal
23;Female;72;120;80;60;149;54;24,32;0;0;0;0;0;No;Normal;Young;Normal;Normal
43;Male;75;130;80;70;167;60;21,51;0;0;0;0;0;No;Normal;Middle;Normal;Normal
42;Male;75;140;90;50;162;56;21,34;0;0;0;0;0;No;Normal;Middle;High;Normal
52;Male;94;152;100;150;157;60;24,34;0;0;0;0;0;No;Normal;Senior;High;Diabetes
60;Female;63;181;115;83,1;150;43;19,11;0;1;0;0;0;Yes;Normal;Senior;High;Normal
55;Female;71;119;73;85,7;150;49;21,78;0;0;0;0;0;No;Normal;Senior;Normal;Normal
30;Male;93;110;79;57,7;152;51;22,07;1;0;1;0;0;No;Normal;Young;Normal;Normal
30;Female;67;129;84;65,9;155;55;22,89;0;0;0;0;0;No;Normal;Young;Normal;Normal
45;Female;75;144;98;66,6;155;66,7;27,76;0;1;0;0;0;No;Overweight;Middle;High;Normal
28;Female;72;120;80;120;154;65;27,41;0;0;0;0;0;No;Overweight;Young;Normal;Prediabetes
55;Female;68;140;88;57;152;50,5;21,86;0;0;0;0;0;No;Normal;Senior;High;Normal
65;Male;72;130;92;54,8;155;71,4;29,72;0;0;0;0;0;No;Overweight;Elderly;High;Normal
40;Male;67;115;79;70,1;165;63,2;23,21;0;0;0;0;0;No;Normal;Middle;Normal;Normal
52;Female;57;175;100;92,8;152;52,1;22,55;0;1;0;0;0;Yes;Normal;Senior;High;Normal
30;Female;77;130;84;57,8;152;58,2;25,19;0;0;0;0;0;No;Overweight;Young;Normal;Normal
45;Female;64;115;74;86;160;56;21,87;0;0;0;0;0;No;Normal;Middle;Normal;Normal
50;Female;79;129;91;88,5;155;47,9;19,94;0;1;0;0;0;No;Normal;Senior;High;Normal
41;Male;84;119;86;49;163;70,2;26,42;1;0;1;0;0;No;Overweight;Middle;Normal;Normal
33;Male;75;124;91;66,8;152;75,5;32,68;1;0;1;0;0;No;Obese;Middle;High;Normal
65;Male;61;170;86;57,8;160;59,8;23,36;0;0;0;0;0;No;Normal;Elderly;High;Normal
32;Female;78;126;83;50,2;152;54;23,37;0;0;0;0;0;No;Normal;Middle;Normal;Normal
47;Female;59;159;79;85,1;150;43,7;19,42;0;0;0;0;0;No;Normal;Senior;High;Normal
60;Female;89;148;64;91,9;150;39,8;17,69;0;0;0;0;0;No;Underweight;Senior;High;Normal
53;Male;64;150;90;55,2;165;46,5;17,08;0;0;0;0;0;No;Underweight;Senior;High;Normal
57;Male;57;130;80;65,8;168;52,7;18,67;0;0;0;0;0;No;Normal;Senior;Normal;Normal
58;Female;68;150;74;71,5;152;52;22,51;0;0;0;0;0;No;Normal;Senior;High;Normal
48;Female;68;139;98;81,5;152;69,9;30,25;0;0;0;0;0;No;Obese;Senior;High;Normal
51;Female;72;173;91;69,4;155;54;22,48;0;0;0;0;0;No;Normal;Senior;High;Normal
35;Female;75;100;60;60;157;59;23,94;0;0;0;0;0;No;Normal;Middle;Normal;Normal
53;Male;90;180;90;110;167;78;27,97;0;0;0;0;0;No;Overweight;Senior;High;Prediabetes
54;Male;65;115;73;75,8;163;55;20,7;0;0;0;0;0;No;Normal;Senior;Normal;Normal
59;Male;72;145;83;81,2;160;58;22,66;0;0;0;0;0;No;Normal;Senior;High;Normal
42;Male;78;118;82;69,7;152;52;22,51;0;0;0;0;0;No;Normal;Middle;Normal;Normal
40;Female;74;190;103;135;152;67,4;29,17;0;0;0;0;0;Yes;Overweight;Middle;High;Diabetes
21;Male;76;120;80;50;162;60;22,86;0;0;0;0;0;No;Normal;Young;Normal;Normal
48;Female;77;153;87;50;157;55;22,31;0;0;0;0;0;No;Normal;Senior;High;Normal
23;Male;78;120;80;50;162;60;22,86;0;0;0;0;0;No;Normal;Young;Normal;Normal
21;Female;74;127;92;50;157;46;18,66;0;0;0;0;0;No;Normal;Young;High;Normal
38;Male;78;125;87;100;165;57;20,94;0;0;0;0;0;Yes;Normal;Middle;Normal;Normal
32;Female;84;130;87;40;165;56;20,57;0;0;0;0;0;No;Normal;Middle;Normal;Normal
43;Female;76;139;83;50;160;58;22,66;0;0;0;0;0;No;Normal;Middle;Normal;Normal
26;Male;74;120;80;50;165;55;20,2;0;0;0;0;0;No;Normal;Young;Normal;Normal
40;Female;77;153;105;50;152;70;30,3;0;1;0;0;0;No;Obese;Middle;High;Normal
60;Male;95;150;91;50;167;56;20,08;0;1;0;0;0;No;Normal;Senior;High;Normal
30;Male;88;120;80;120;160;40;15,62;0;0;0;0;0;Yes;Underweight;Young;Normal;Prediabetes
27;Female;55;130;87;40;152;55;23,81;0;0;0;0;0;No;Normal;Young;Normal;Normal
42;Male;56;120;80;50;162;56;21,34;0;0;0;0;0;No;Normal;Middle;Normal;Normal
38;Female;47;115;75;40;162;47;17,91;0;0;0;0;0;No;Underweight;Middle;Normal;Normal
21;Male;58;120;80;50;167;58;20,8;0;0;0;0;0;No;Normal;Young;Normal;Normal
59;Female;74;125;75;50;160;55;21,48;0;0;0;0;0;No;Normal;Senior;Normal;Normal
44;Male;76;113;70;50;165;58;21,3;0;0;0;0;0;No;Normal;Middle;Normal;Normal
41;Female;75;115;62;40;160;55;21,48;0;0;0;0;0;No;Normal;Middle;Normal;Normal
45;Male;56;120;80;90;162;56;21,34;0;0;0;0;0;No;Normal;Middle;Normal;Normal
40;Female;74;115;75;40;157;58;23,53;0;0;0;0;0;No;Normal;Middle;Normal;Normal
50;Male;58;120;80;50;144;58;27,97;0;0;0;0;0;No;Overweight;Senior;Normal;Normal
38;Female;74;120;80;50;160;58;22,66;0;0;0;0;0;No;Normal;Middle;Normal;Normal
34;Male;76;120;80;50;162;58;22,1;0;0;1;0;0;No;Normal;Middle;Normal;Normal
46;Male;70;182;86;76,5;165;61;22,41;0;0;0;0;0;No;Normal;Senior;High;Normal
50;Male;72;120;80;60;165;60;22,04;0;0;0;0;0;No;Normal;Senior;Normal;Normal
45;Female;76;120;80;50;167;70;25,1;0;0;0;0;0;No;Overweight;Middle;Normal;Normal
50;Male;76;120;80;60;160;57;22,27;0;0;0;0;0;No;Normal;Senior;Normal;Normal
45;Female;76;120;80;40;157;56;22,72;0;0;0;0;0;No;Normal;Middle;Normal;Normal
25;Male;82;120;80;50;160;58;22,66;0;0;0;0;0;No;Normal;Young;Normal;Normal
23;Female;78;120;80;40;160;56;21,87;0;0;0;0;0;No;Normal;Young;Normal;Normal
50;Female;74;120;80;50;162;60;22,86;0;0;0;0;0;No;Normal;Senior;Normal;Normal
25;Male;74;120;80;50;160;58;22,66;0;0;0;0;0;No;Normal;Young;Normal;Normal
30;Male;76;120;80;50;160;57;22,27;0;0;0;0;0;No;Normal;Young;Normal;Normal
76;Male;60;150;90;60;160;60;23,44;0;1;0;0;0;No;Normal;Elderly;High;Normal
28;Male;74;130;80;50;162;60;22,86;0;0;0;0;0;No;Normal;Young;Normal;Normal
25;Female;76;120;80;50;162;56;21,34;0;0;0;0;0;No;Normal;Young;Normal;Normal
60;Male;76;120;80;60;165;63;23,14;0;0;0;0;0;No;Normal;Senior;Normal;Normal
50;Female;76;120;80;50;152;55;23,81;0;0;0;0;0;No;Normal;Senior;Normal;Normal
45;Female;69;158;109;51,4;147;48;22,21;0;0;0;0;0;No;Normal;Middle;High;Normal
56;Male;75;129;94;59,1;163;40;15,06;0;0;0;0;0;No;Underweight;Senior;High;Normal
48;Female;82;118;80;54,3;152;47;20,34;0;0;0;0;0;No;Normal;Senior;Normal;Normal
35;Female;89;151;104;66,5;160;53;20,7;0;0;0;0;0;No;Normal;Middle;High;Normal
58;Female;72;152;85;78;157;60;24,34;0;1;0;0;0;No;Normal;Senior;High;Normal
60;Female;64;139;80;66,3;152;40,9;17,7;0;0;0;0;0;No;Underweight;Senior;Normal;Normal
58;Male;69;160;85;49,1;178;66;20,83;0;1;0;0;0;No;Normal;Senior;High;Normal
56;Male;91;130;77;65;157;56;22,72;0;0;0;0;0;No;Normal;Senior;Normal;Normal
40;Female;80;156;98;69,1;152;52;22,51;0;1;0;0;0;No;Normal;Middle;High;Normal
40;Female;72;158;94;74;152;51;22,07;0;0;0;0;0;No;Normal;Middle;High;Normal
38;Female;59;127;85;55,3;152;58;25,1;0;0;0;0;0;No;Overweight;Middle;Normal;Normal
60;Female;73;166;83;67,2;145;38;18,07;0;0;0;0;0;No;Underweight;Senior;High;Normal
43;Female;63;161;111;71,5;152;72;31,16;0;0;0;0;0;No;Obese;Middle;High;Normal
50;Female;75;170;96;55,6;147;48;22,21;0;0;0;0;0;No;Normal;Senior;High;Normal
39;Female;66;149;92;58,1;152;48;20,78;0;0;0;0;0;No;Normal;Middle;High;Normal
55;Female;83;142;86;65,5;152;47;20,34;0;0;0;0;1;No;Normal;Senior;High;Normal
45;Female;65;123;83;57,7;152;51,3;22,2;0;0;0;0;0;No;Normal;Middle;Normal;Normal
35;Female;84;149;101;72;122;59;39,64;0;0;0;0;0;No;Obese;Middle;High;Normal
50;Female;65;151;80;70,8;157;67;27,18;0;0;0;0;1;No;Overweight;Senior;High;Normal
38;Female;86;111;65;62,9;152;47;20,34;0;0;0;0;0;No;Normal;Middle;Normal;Normal
46;Male;74;121;80;65;160;40;15,62;0;0;0;0;0;No;Underweight;Senior;Normal;Normal
37;Female;81;130;92;62,3;152;55;23,81;0;0;0;0;0;No;Normal;Middle;High;Normal
64;Female;71;165;86;67;150;40;17,78;0;0;0;0;0;No;Underweight;Elderly;High;Normal
65;Male;81;112;72;62;163;52,2;19,65;0;0;0;0;0;No;Normal;Elderly;Normal;Normal
70;Male;63;181;87;44,6;163;50;18,82;0;1;0;0;0;No;Normal;Elderly;High;Normal
55;Female;58;141;91;65,5;152;72,2;31,25;0;0;0;0;0;No;Obese;Senior;High;Normal
28;Female;82;142;83;57,5;152;97;41,98;0;0;0;0;0;No;Obese;Young;High;Normal
55;Female;68;128;72;74,5;155;72,1;30,01;0;0;0;0;0;No;Obese;Senior;Normal;Normal
43;Male;70;117;81;60,5;168;64;22,68;0;0;0;0;0;No;Normal;Middle;Normal;Normal
39;Female;89;114;83;56,1;155;51;21,23;0;0;0;0;0;No;Normal;Middle;Normal;Normal
43;Female;90;131;82;57,4;157;73,5;29,82;0;0;0;0;0;No;Overweight;Middle;Normal;Normal
47;Female;66;145;94;51;155;55,1;22,93;0;0;0;0;0;No;Normal;Senior;High;Normal
44;Female;64;140;93;70,2;155;46,9;19,52;0;0;0;0;0;No;Normal;Middle;High;Normal
55;Female;68;158;94;58,5;155;72;29,97;0;0;0;0;0;No;Overweight;Senior;High;Normal
57;Male;57;135;80;47,7;168;60,7;21,51;0;0;0;0;1;No;Normal;Senior;Normal;Normal
46;Female;65;128;78;47,3;142;57,7;28,62;0;0;0;0;0;No;Overweight;Senior;Normal;Normal
50;Female;56;120;89;78,9;152;63,8;27,61;0;1;0;0;0;No;Overweight;Senior;Normal;Normal
26;Female;75;152;98;74,7;165;67,8;24,9;1;0;1;0;0;No;Normal;Young;High;Normal
70;Male;97;165;105;107,3;157;65,8;26,69;0;0;0;1;0;No;Overweight;Elderly;High;Prediabetes
51;Female;72;162;106;53,8;155;68,1;28,35;0;1;0;0;0;No;Overweight;Senior;High;Normal
45;Female;71;110;72;59,9;152;40;17,31;0;0;0;0;0;No;Underweight;Middle;Normal;Normal
39;Male;64;134;89;86,9;166;68,7;24,93;0;0;0;0;0;No;Normal;Middle;Normal;Normal
29;Female;80;129;76;58,6;141;46;23,14;0;0;0;0;0;No;Normal;Young;Normal;Normal
73;Female;76;173;96;79,8;141;47,1;23,69;0;0;0;0;0;No;Normal;Elderly;High;Normal
56;Male;65;153;107;78,3;157;56;22,72;0;0;0;0;0;No;Normal;Senior;High;Normal
25;Female;76;113;71;69,9;160;64,9;25,35;0;0;0;0;0;No;Overweight;Young;Normal;Normal
55;Male;67;138;80;81,2;173;76,4;25,53;0;0;0;0;0;Yes;Overweight;Senior;Normal;Normal
45;Male;67;148;102;67,9;165;73,7;27,07;0;1;0;0;0;Yes;Overweight;Middle;High;Normal
45;Female;66;160;99;54;157;67;27,18;0;0;0;0;0;No;Overweight;Middle;High;Normal
26;Female;64;129;83;48,5;152;65,1;28,18;0;0;0;0;0;No;Overweight;Young;Normal;Normal
28;Female;81;143;96;62,5;145;45;21,4;0;0;0;0;0;No;Normal;Young;High;Normal
40;Female;77;129;83;64,3;145;47;22,35;0;0;0;0;0;No;Normal;Middle;Normal;Normal
45;Female;84;128;80;78,2;152;45;19,48;0;0;0;0;0;No;Normal;Middle;Normal;Normal
75;Female;77;143;72;58;145;42,1;20,02;0;0;0;0;0;No;Normal;Elderly;High;Normal
30;Female;89;98;78;62,1;157;57,8;23,45;0;0;0;0;0;No;Normal;Young;Normal;Normal
42;Male;85;136;92;65,9;168;77,1;27,32;0;0;0;0;0;No;Overweight;Middle;High;Normal
50;Male;85;127;79;77,8;163;59,9;22,55;0;0;0;0;0;Yes;Normal;Senior;Normal;Normal
41;Female;73;176;102;80;155;55,9;23,27;0;0;0;0;0;No;Normal;Middle;High;Normal
28;Female;68;131;82;94;142;68,5;33,97;0;0;0;0;0;No;Obese;Young;Normal;Normal
70;Male;57;140;72;54,3;157;61,3;24,87;0;0;0;0;0;No;Normal;Elderly;High;Normal
22;Female;76;141;105;64,7;155;61;25,39;0;0;0;0;0;No;Overweight;Young;High;Normal
60;Female;75;189;119;60,1;152;52;22,51;0;0;0;0;0;No;Normal;Senior;High;Normal
50;Female;85;162;91;76,1;150;40,4;17,96;0;0;0;0;0;No;Underweight;Senior;High;Normal
35;Male;74;132;85;63,6;175;67;21,88;0;0;0;0;0;No;Normal;Middle;Normal;Normal
34;Male;72;112;76;57,4;165;55,6;20,42;0;0;0;0;0;No;Normal;Middle;Normal;Normal
40;Female;76;122;80;67,5;140;54;27,55;0;0;0;0;0;No;Overweight;Middle;Normal;Normal
35;Female;65;130;89;68,3;152;66;28,57;0;0;0;0;0;No;Overweight;Middle;Normal;Normal
30;Female;83;102;66;48,2;150;63,3;28,13;0;0;0;0;0;No;Overweight;Young;Normal;Normal
33;Female;78;110;91;67,5;142;55;27,28;0;0;0;0;0;No;Overweight;Middle;High;Normal
24;Female;79;169;100;70;167;52;18,65;0;0;0;0;0;No;Normal;Young;High;Normal
48;Male;67;150;101;69,8;168;75;26,57;0;0;0;0;0;No;Overweight;Senior;High;Normal
35;Female;90;129;78;67;160;63;24,61;0;0;0;0;0;No;Normal;Middle;Normal;Normal
59;Female;64;160;90;162;152;37;16,01;0;0;0;0;0;No;Underweight;Senior;High;Diabetes
65;Female;76;158;96;70,3;145;37,8;17,98;0;0;0;0;0;No;Underweight;Elderly;High;Normal
58;Female;67;141;76;62,5;157;62;25,15;0;0;0;0;0;No;Overweight;Senior;High;Normal
70;Male;68;146;77;94,2;160;47;18,36;0;1;0;1;0;No;Underweight;Elderly;High;Normal
74;Male;83;164;89;64,7;160;64;25;0;1;0;1;0;No;Normal;Elderly;High;Normal
75;Male;67;141;104;83,1;165;62;22,77;0;0;0;0;0;Yes;Normal;Elderly;High;Normal
40;Female;67;134;114;76,1;150;69;30,67;0;1;0;0;1;No;Obese;Middle;High;Normal
36;Female;62;139;80;49;152;41,5;17,96;0;0;0;0;0;No;Underweight;Middle;Normal;Normal
26;Female;80;134;93;51,5;147;67,1;31,05;0;0;0;0;0;No;Obese;Young;High;Normal
