age;gender;pulse_rate;systolic_bp;diastolic_bp;glucose;height;weight;bmi;family_diabetes;hypertensive;family_hypertension;cardiovascular_disease;stroke;diabetic
42;Female;66;110;73;588;165;702;2575;0;0;0;0;0;No
35;Female;60;125;68;571;147;425;1958;0;0;0;0;0;No
62;Female;57;127;74;685;152;470;2024;0;0;0;0;0;No
73;Male;55;193;112;628;163;574;2172;0;0;0;0;0;No
68;Female;71;150;81;571;142;360;1779;0;0;0;0;0;No
40;Male;48;131;73;722;163;619;2342;0;0;0;0;0;No
35;Female;66;123;72;54;142;423;2091;0;0;0;0;0;No
25;Female;84;152;90;72;152;577;2484;0;0;0;0;0;No
50;Male;80;135;87;1704;168;678;2413;0;0;0;0;0;Yes
70;Male;64;129;75;804;165;560;2054;0;0;0;0;0;No
56;Female;72;130;84;735;15;470;2093;0;0;0;0;0;No
32;Female;73;130;73;496;155;493;2054;0;0;0;0;0;No
46;Female;76;114;88;741;155;457;1904;0;0;0;0;0;No
30;Female;85;142;82;535;155;503;2095;0;0;0;0;0;No
35;Female;84;123;76;698;157;531;2141;0;0;0;0;0;No
35;Female;89;147;90;136;152;466;2006;0;0;0;0;0;Yes
54;Male;99;152;68;150;16;620;2422;0;1;0;0;0;Yes
65;Female;89;129;86;245;152;519;2235;0;0;0;0;0;Yes
55;Female;79;137;78;834;152;571;2458;0;1;0;0;0;No
65;Male;75;128;85;584;17;500;1726;0;0;0;0;0;No
55;Female;62;150;86;751;152;480;2067;0;0;0;0;0;No
35;Female;66;152;81;508;157;949;3827;0;0;0;0;0;No
60;Female;78;174;77;657;16;560;2187;0;0;0;0;0;No
29;Female;84;128;90;332;155;450;1874;0;0;0;0;0;No
60;Female;64;149;88;1566;145;399;1904;0;1;0;0;0;Yes
60;Male;57;226;115;599;165;513;1882;0;1;0;0;0;No
52;Female;70;155;94;611;152;500;2153;0;0;0;0;0;No
26;Male;68;126;75;832;168;603;2146;1;0;1;0;0;No
45;Male;70;132;81;80;165;640;2348;0;0;0;0;0;No
60;Male;81;143;104;783;165;670;2458;0;0;0;0;0;No
55;Female;72;209;118;79;142;500;2471;0;0;0;0;0;No
58;Male;70;125;91;547;165;505;1853;0;0;0;0;0;No
75;Male;59;171;86;618;168;600;2135;0;1;0;1;0;Yes
57;Male;57;184;106;70;157;603;2431;0;1;0;0;0;Yes
56;Male;73;165;96;698;145;511;2438;0;0;0;0;0;No
52;Female;69;212;110;621;132;600;3439;0;1;0;1;0;Yes
45;Female;69;134;113;765;157;503;2028;0;0;0;0;0;No
40;Male;70;143;82;667;157;570;2298;0;0;0;0;0;No
50;Male;69;139;80;1162;165;469;1721;0;0;0;0;0;No
60;Female;71;165;102;1937;152;500;2153;0;0;0;0;0;No
35;Female;58;121;77;544;147;492;2267;0;0;0;0;0;No
45;Female;66;122;83;638;152;550;2368;0;0;0;0;0;No
35;Female;68;161;113;601;15;622;277;0;0;0;0;0;No
35;Female;78;139;81;668;152;646;2781;0;0;0;0;0;No
22;Female;78;130;91;531;147;612;282;0;0;0;0;0;No
68;Male;67;135;83;525;155;520;2166;0;0;0;1;0;Yes
60;Male;61;172;94;762;155;840;3499;0;1;0;0;0;No
50;Female;59;115;73;546;155;458;1908;0;0;0;0;0;No
60;Female;65;176;103;683;142;605;299;0;1;0;0;0;No
50;Female;70;184;111;575;145;551;2629;0;0;0;0;0;No
50;Female;56;151;91;623;155;426;1775;0;1;0;0;0;No
64;Female;58;150;94;688;163;634;2399;0;1;0;0;0;No
50;Female;58;176;89;702;157;735;2964;0;1;0;0;0;No
28;Female;80;123;73;55;152;550;2368;0;0;0;0;0;No
24;Male;60;126;74;636;16;520;2031;1;0;1;0;0;No
32;Female;74;126;77;533;152;503;2166;0;0;0;0;0;No
55;Female;80;139;81;821;152;511;220;0;0;0;0;0;No
50;Male;73;144;98;913;157;580;2339;0;0;0;0;0;No
30;Female;82;129;81;599;16;480;1875;0;0;0;0;0;No
50;Female;104;120;81;1136;152;700;3014;0;0;0;0;0;No
70;Female;85;162;92;120;157;640;2596;0;0;0;0;0;No
28;Female;77;100;66;608;163;518;196;0;0;0;0;0;No
35;Male;76;158;88;793;16;618;2413;0;0;0;0;0;No
40;Male;63;103;66;55;152;470;2024;0;0;0;0;0;No
52;Female;92;207;98;60;177;510;1628;0;0;0;0;0;No
29;Female;75;138;88;1075;155;584;2433;0;0;0;0;0;No
30;Female;54;122;69;664;15;478;2128;0;0;0;0;0;No
35;Male;71;125;69;615;168;700;2491;0;0;0;0;0;No
25;Female;89;130;80;671;155;580;2416;0;0;0;0;0;No
65;Female;82;131;73;90;157;467;1883;0;1;0;0;0;No
60;Male;80;122;81;573;163;543;2055;0;0;0;0;0;No
45;Female;86;146;93;415;152;550;2368;0;0;0;0;0;No
51;Female;60;145;90;94;16;790;3085;0;0;0;0;0;No
33;Female;67;116;84;641;163;721;2728;1;0;1;0;0;No
65;Female;82;132;75;1023;145;380;1813;0;0;0;0;0;No
38;Female;99;123;52;120;157;530;215;0;1;0;0;0;Yes
65;Female;57;125;79;798;147;360;1659;0;0;0;0;0;No
70;Male;40;171;72;866;17;570;1968;0;0;0;0;0;No
50;Male;72;114;75;635;163;401;1517;0;0;0;0;0;No
65;Female;56;152;79;57;168;597;2124;0;1;0;0;0;No
38;Male;91;159;102;922;16;852;3327;0;0;0;0;0;No
54;Female;59;161;91;642;15;523;2329;0;1;0;0;0;Yes
45;Male;69;127;71;734;16;510;1992;0;0;0;0;0;No
63;Male;76;137;83;752;161;800;3075;0;0;0;0;0;No
32;Male;65;115;81;503;163;444;168;0;0;0;0;0;No
27;Female;76;127;82;552;124;571;3686;0;0;0;0;0;No
28;Female;83;124;83;449;155;742;3091;0;0;0;0;0;No
53;Female;67;145;98;974;152;520;2239;0;0;0;0;0;No
61;Male;57;129;83;52;168;570;2028;0;0;0;0;0;No
45;Female;83;131;87;596;157;562;2266;0;0;0;0;0;No
51;Female;57;144;101;497;14;643;3295;0;1;0;0;0;Yes
25;Female;62;117;83;761;142;398;1967;1;0;1;0;0;No
62;Male;57;104;69;544;157;420;1694;0;0;0;0;0;No
50;Female;59;124;66;736;152;460;1981;0;0;0;0;0;No
50;Female;68;148;82;65;152;687;2958;0;0;0;0;0;No
62;Male;54;116;63;687;17;650;2244;0;0;0;0;0;No
65;Male;59;137;79;628;15;480;2137;0;0;0;0;0;No
45;Female;85;115;69;691;152;452;1946;0;0;0;0;0;No
35;Female;79;116;74;517;163;330;1249;0;0;0;0;0;No
52;Male;63;130;83;475;155;500;2083;0;0;0;0;0;No
33;Female;64;129;90;512;155;550;2291;0;1;0;0;0;No
49;Female;67;160;103;515;152;500;2153;0;1;0;0;0;No
50;Male;71;115;61;696;157;550;2218;0;0;0;0;0;No
59;Female;50;148;80;73;135;390;2152;0;0;0;0;0;No
28;Female;68;120;76;598;157;400;1613;0;0;0;0;0;No
73;Male;82;117;70;513;17;551;1903;0;0;0;0;0;No
50;Female;67;112;55;737;15;450;2004;0;0;0;0;0;No
50;Male;59;123;81;535;163;616;2331;0;0;0;0;0;No
35;Female;74;114;78;577;15;652;2903;0;0;0;0;0;No
45;Female;74;126;81;78;152;620;2669;0;0;0;0;0;No
30;Female;65;144;105;618;152;673;2898;0;0;0;0;0;No
49;Female;74;128;80;653;147;490;2258;0;0;0;0;0;Yes
23;Female;68;149;102;732;157;666;2685;0;0;0;0;0;No
60;Male;78;156;94;456;16;557;2175;0;0;0;1;0;No
30;Female;70;130;92;576;155;725;302;0;0;0;0;0;No
35;Female;69;160;90;454;155;539;2245;0;0;0;0;0;No
50;Female;71;188;118;62;145;756;3607;0;1;0;0;0;Yes
70;Male;71;140;84;559;163;617;2335;0;0;0;0;0;No
35;Female;76;118;68;654;152;560;2411;0;0;0;0;0;No
60;Female;57;161;109;606;157;533;2149;0;0;0;0;0;No
55;Female;86;158;99;505;157;423;1706;0;0;0;0;0;No
48;Female;72;96;60;558;157;505;2036;0;0;0;0;0;No
48;Female;65;133;87;656;15;540;2404;0;0;0;0;0;No
65;Female;46;158;87;935;147;526;2424;0;0;0;0;0;No
40;Female;77;155;100;622;152;610;2626;0;0;0;0;0;No
60;Male;57;162;91;921;163;650;246;0;1;0;0;0;Yes
55;Female;69;189;95;612;152;557;2398;0;1;0;0;1;Yes
26;Female;59;126;86;624;15;611;2721;0;0;0;0;0;No
31;Female;73;144;81;644;152;722;3109;1;0;1;0;0;No
27;Female;72;124;83;561;147;631;2907;0;0;0;0;0;No
28;Female;67;131;84;544;142;464;2293;0;0;0;0;0;No
28;Male;75;142;99;847;157;665;2681;0;0;0;0;0;No
27;Female;78;108;69;68;155;673;2803;0;0;0;0;0;No
30;Female;57;127;70;566;152;530;2282;0;0;0;0;0;No
45;Male;68;155;99;683;168;683;243;0;0;0;0;0;No
50;Male;67;116;74;542;165;631;2315;0;0;0;1;1;No
40;Female;70;129;95;531;142;513;2536;0;1;0;0;0;No
40;Female;64;107;63;582;157;525;2117;0;1;0;0;0;No
45;Female;66;159;90;618;145;539;2571;0;0;0;0;0;No
30;Female;86;127;75;503;157;513;2069;0;0;0;0;0;No
40;Male;83;121;95;709;196;643;1681;1;0;1;0;0;No
32;Male;63;127;79;632;163;615;2327;0;0;0;0;0;No
26;Female;64;116;74;579;135;360;1986;0;0;0;0;0;No
35;Male;105;136;93;1242;157;620;250;0;0;0;0;0;Yes
55;Female;74;147;89;1207;147;490;2258;0;0;0;0;0;Yes
28;Female;92;149;110;916;155;520;2166;0;0;0;0;0;Yes
35;Female;85;112;79;80;154;590;2488;0;0;0;0;0;No
22;Female;80;98;62;519;152;485;2088;0;0;0;0;0;No
60;Male;59;152;85;587;165;460;1688;0;1;0;0;0;No
45;Male;78;155;102;504;155;480;1999;0;0;0;0;0;No
70;Female;67;162;88;509;157;523;2109;0;1;0;0;1;No
45;Female;76;128;79;941;155;610;2541;0;0;0;0;0;No
24;Male;63;165;89;489;36;726;57413;0;0;0;0;0;No
40;Female;80;125;83;562;16;627;2449;0;0;0;0;0;No
35;Female;76;128;85;621;145;650;3101;0;0;0;0;0;No
75;Male;59;144;81;698;168;600;2135;0;0;0;0;0;No
55;Female;68;123;77;719;16;550;2148;0;0;0;0;0;No
32;Male;77;106;73;117;16;521;2035;0;0;0;0;0;No
50;Female;64;116;69;681;157;504;2032;0;0;0;0;0;No
28;Female;70;149;94;526;16;623;2433;0;0;0;0;0;No
40;Female;73;129;80;503;142;489;2417;0;0;0;0;0;No
70;Female;74;149;84;863;155;339;1412;0;1;0;0;0;No
75;Female;68;167;71;656;145;360;1717;0;0;0;0;0;No
60;Female;76;186;103;793;15;440;1959;0;1;0;0;0;No
33;Male;69;115;54;573;165;497;1823;0;0;0;0;0;No
60;Female;71;106;74;607;157;422;1702;0;0;0;0;0;No
50;Female;67;142;99;595;15;580;2583;0;1;0;0;0;No
60;Female;104;170;102;90;139;600;3105;0;1;0;0;0;No
32;Female;94;122;85;40;139;420;2174;0;0;0;0;0;No
37;Male;79;120;70;50;162;590;2248;0;0;0;0;0;No
67;Male;86;120;70;120;162;590;2248;0;0;0;0;0;Yes
40;Female;94;154;91;80;144;540;2604;0;0;0;0;0;No
32;Female;55;153;93;626;152;490;211;0;0;0;0;0;No
47;Female;82;139;80;80;154;520;2193;0;1;0;0;0;No
62;Male;92;159;88;140;144;460;2218;0;1;0;0;0;Yes
27;Female;78;124;68;40;154;520;2193;0;0;0;1;0;No
25;Female;79;110;79;70;154;550;2319;0;0;0;0;0;No
62;Female;79;142;77;80;154;720;3036;0;1;0;0;0;No
32;Female;82;120;70;90;137;410;2184;0;0;0;0;0;No
46;Female;95;138;89;120;167;520;1865;0;1;0;0;0;Yes
36;Female;65;120;67;140;134;380;2116;0;0;0;0;0;No
38;Female;79;140;89;70;157;520;211;0;1;0;0;0;No
32;Female;79;130;86;80;129;320;1923;0;0;0;0;0;No
24;Female;79;120;70;50;162;580;221;0;0;0;0;0;No
66;Male;65;123;79;30;162;520;1981;0;0;0;0;0;No
46;Female;87;116;78;80;139;420;2174;0;0;0;0;0;No
22;Female;111;144;75;40;157;600;2434;0;0;0;0;0;No
55;Female;104;123;82;60;142;490;243;0;1;0;0;0;No
55;Female;79;129;77;100;157;520;211;0;1;0;0;0;Yes
37;Female;66;122;76;80;154;480;2024;0;0;0;0;0;No
44;Female;76;133;75;60;139;400;207;0;1;0;0;0;No
43;Female;75;180;100;70;142;420;2083;0;1;0;0;0;No
45;Female;66;195;98;60;157;510;2069;0;1;0;0;0;No
39;Female;79;152;88;90;154;520;2193;0;0;0;0;0;No
74;Male;53;145;77;80;154;600;253;0;1;0;0;0;No
32;Female;81;145;91;200;157;580;2353;0;0;0;0;0;Yes
60;Female;84;130;76;240;139;420;2174;1;1;1;0;0;Yes
32;Female;88;195;103;140;144;450;217;0;1;0;0;0;Yes
40;Female;79;128;80;60;154;590;2488;0;0;0;0;0;No
45;Male;79;146;102;140;165;580;213;0;0;0;0;0;No
32;Female;100;139;96;60;162;420;160;0;0;0;0;0;No
32;Male;90;135;74;180;165;600;2204;0;0;0;0;0;Yes
48;Male;83;112;70;250;165;850;3122;0;0;0;0;0;Yes
35;Female;87;142;102;130;165;560;2057;0;1;0;0;0;Yes
77;Female;100;160;102;70;162;500;1905;0;1;0;0;0;Yes
60;Female;98;130;86;130;165;560;2057;0;1;0;0;0;Yes
48;Female;70;135;83;160;165;550;202;0;0;0;0;0;Yes
62;Male;71;175;95;50;165;560;2057;0;0;0;0;0;No
31;Female;70;120;80;60;165;500;1837;0;0;0;0;0;No
73;Male;69;177;84;40;165;550;202;0;1;0;0;0;No
73;Male;63;196;89;50;162;500;1905;0;1;0;0;0;No
28;Female;86;120;73;50;162;550;2096;0;0;0;0;0;No
32;Female;92;120;75;50;129;550;3305;0;0;0;0;0;No
63;Male;76;130;80;80;162;410;1562;0;0;0;0;0;No
51;Female;70;124;80;50;154;450;1897;0;0;0;0;0;No
47;Female;85;151;92;50;162;600;2286;0;1;0;0;0;No
52;Male;63;145;98;652;168;708;2519;0;1;0;0;0;No
39;Female;91;110;75;50;165;400;1469;0;0;0;0;0;No
25;Male;66;134;81;603;168;568;2021;0;0;0;0;0;No
50;Female;91;130;80;80;165;730;2681;0;1;0;0;0;No
52;Female;92;131;90;60;165;550;202;0;0;0;0;0;No
47;Female;66;119;76;60;165;520;191;0;0;0;0;0;No
48;Male;91;120;83;90;157;550;2231;0;1;0;0;0;No
75;Male;77;143;84;67;168;513;1825;0;0;0;0;0;No
52;Male;90;148;85;80;165;600;2204;0;0;0;0;0;No
42;Female;75;127;77;50;154;550;2319;0;0;0;0;0;No
52;Female;52;125;73;659;147;526;2424;0;0;0;0;0;No
44;Female;91;130;86;50;162;800;3048;0;1;0;0;0;No
51;Female;76;174;102;60;162;600;2286;0;1;0;0;0;No
45;Female;99;161;102;40;162;440;1677;0;1;0;0;0;No
53;Female;93;141;76;60;154;500;2108;0;0;0;0;0;No
56;Male;87;161;99;100;165;760;2792;0;0;0;0;0;No
45;Female;105;136;91;60;154;450;1897;0;0;0;0;0;No
46;Female;92;110;78;70;162;480;1829;0;0;0;0;0;No
65;Female;87;151;89;220;157;700;284;0;1;0;0;0;No
55;Female;93;134;86;60;162;500;1905;0;1;0;0;0;No
31;Female;91;120;78;80;165;550;202;0;0;0;0;0;No
30;Female;93;124;80;50;124;500;3252;0;0;0;0;0;No
65;Female;85;148;83;593;157;538;2169;0;0;0;0;0;No
25;Female;91;120;73;70;157;500;2028;0;0;0;0;0;No
23;Female;123;121;83;80;165;520;191;0;0;0;0;0;No
36;Female;74;118;70;50;124;500;3252;0;0;0;0;0;No
41;Female;68;116;88;50;162;450;1715;0;0;0;0;0;No
34;Female;69;129;78;50;162;700;2667;0;0;0;0;0;No
31;Female;68;118;72;70;162;700;2667;0;0;0;0;0;No
62;Female;72;144;80;170;165;550;202;0;1;0;0;0;Yes
65;Male;91;142;95;50;165;560;2057;0;1;0;0;0;Yes
75;Male;60;135;73;773;152;450;1938;0;0;0;0;0;No
45;Female;88;105;69;70;162;530;202;0;0;0;0;0;No
31;Female;99;136;92;80;157;500;2028;0;0;0;0;0;No
63;Female;62;187;95;1158;157;480;1935;0;1;0;0;0;Yes
26;Female;72;120;80;80;162;700;2667;0;0;0;0;0;No
35;Female;59;122;80;586;157;400;1613;1;0;1;0;0;No
36;Female;81;127;91;553;145;550;2624;0;0;0;1;0;No
62;Female;105;140;87;110;147;570;2638;0;0;0;0;0;No
38;Male;80;157;105;731;16;550;2148;0;0;0;0;0;No
35;Female;74;120;74;1363;152;560;2411;0;0;0;0;0;No
35;Female;83;133;115;50;147;570;2638;0;0;1;0;0;No
49;Female;73;155;109;626;135;800;4414;0;0;0;0;0;No
58;Male;82;179;93;60;165;650;2388;0;1;0;0;0;Yes
41;Male;77;114;69;578;157;449;181;0;0;0;0;0;No
72;Female;99;185;106;80;132;400;2296;0;1;0;0;0;No
56;Male;77;159;78;70;134;500;2785;0;0;1;0;0;Yes
45;Female;70;123;70;50;134;530;2952;0;0;0;0;0;No
53;Female;70;126;107;70;16;500;1953;0;1;0;0;0;No
28;Female;71;105;66;60;16;500;1953;0;0;0;0;0;No
60;Male;90;137;73;100;16;550;2148;0;1;0;0;0;Yes
26;Female;90;121;102;60;16;640;250;0;0;0;0;0;No
60;Female;76;154;72;463;163;456;1726;0;0;0;0;0;No
49;Female;75;139;94;150;134;480;2673;0;0;0;0;0;Yes
37;Female;90;135;91;70;16;550;2148;0;0;0;0;0;Yes
65;Male;94;134;81;789;173;616;2065;0;0;0;0;0;No
38;Male;80;120;65;50;16;550;2148;0;0;0;0;0;Yes
27;Female;80;139;75;60;16;600;2344;0;0;0;0;0;No
39;Female;86;135;81;80;195;550;1446;0;0;0;0;0;Yes
32;Female;72;156;115;270;165;470;1726;0;0;0;0;0;Yes
50;Female;88;120;73;40;165;450;1653;0;0;0;0;0;No
23;Female;72;123;68;60;165;600;2204;0;0;0;0;0;No
48;Female;81;150;86;60;165;730;2681;0;1;0;1;0;No
35;Female;81;149;79;856;142;530;262;0;0;0;0;0;No
32;Female;72;123;77;60;16;500;1953;0;0;0;0;0;No
22;Female;75;120;74;60;165;500;1837;0;0;0;0;0;No
34;Female;76;133;74;210;132;480;2755;0;0;0;0;0;Yes
55;Female;75;153;89;614;152;642;2764;0;0;0;0;0;No
50;Female;81;133;81;170;16;500;1953;0;0;0;0;0;Yes
35;Female;68;192;109;170;165;540;1983;0;1;0;0;0;No
40;Female;84;143;77;60;165;450;1653;0;0;0;0;0;No
35;Female;95;127;77;80;132;400;2296;0;1;0;0;0;No
42;Female;72;120;63;50;165;500;1837;0;0;0;0;0;No
42;Female;74;121;67;60;165;580;213;0;0;0;0;0;No
27;Female;70;123;64;60;132;460;264;0;0;0;0;0;No
64;Male;65;151;91;70;16;580;2266;0;0;0;0;0;Yes
35;Female;73;130;92;60;165;610;2241;0;0;0;0;0;No
52;Female;89;112;63;70;165;380;1396;0;0;0;0;0;No
50;Female;64;111;73;70;16;450;1758;0;1;0;0;0;Yes
77;Female;72;143;87;70;165;480;1763;0;0;0;0;0;No
45;Female;72;120;73;60;16;550;2148;0;0;0;0;0;No
80;Male;50;136;73;80;132;500;287;0;0;0;0;0;No
37;Female;75;120;74;70;16;570;2227;0;0;0;0;0;Yes
46;Female;87;159;94;70;162;640;2439;0;1;0;0;0;No
44;Female;75;136;84;130;162;540;2058;0;0;0;0;0;Yes
61;Female;81;155;70;30;134;400;2228;0;1;0;0;0;Yes
45;Female;91;135;81;70;162;620;2362;0;1;0;0;0;No
34;Female;84;153;104;1417;135;598;330;0;0;0;0;0;No
62;Female;53;158;83;120;134;530;2952;0;1;0;0;0;No
33;Female;111;140;94;70;162;810;3086;0;0;0;0;0;Yes
55;Female;106;143;98;60;16;600;2344;0;1;0;0;0;Yes
35;Female;111;143;96;80;16;430;168;0;1;0;0;0;Yes
50;Female;93;135;78;130;16;580;2266;0;1;0;0;0;Yes
46;Female;79;174;105;60;134;700;3898;0;1;0;0;0;No
63;Male;78;106;78;50;16;480;1875;0;0;0;0;0;Yes
40;Female;85;129;80;90;165;800;2938;0;1;0;0;0;Yes
35;Male;63;110;77;50;165;570;2094;0;0;1;0;0;No
40;Female;72;150;60;80;132;350;2009;0;1;0;0;0;No
52;Male;70;133;65;60;165;520;191;0;0;0;0;0;No
25;Female;98;126;74;60;132;600;3444;0;0;0;0;0;No
25;Female;85;143;85;180;16;500;1953;0;0;0;0;0;Yes
55;Female;92;151;93;70;132;500;287;0;0;0;0;0;Yes
35;Female;93;152;117;40;165;520;191;0;1;0;0;0;No
40;Male;80;120;62;70;16;600;2344;0;0;0;0;0;No
35;Female;61;190;93;210;16;520;2031;0;1;0;0;0;Yes
54;Male;90;130;92;90;165;650;2388;0;0;0;0;0;Yes
64;Male;70;119;65;80;132;440;2525;0;0;0;0;0;Yes
35;Female;86;119;66;70;165;550;202;0;0;0;0;0;Yes
25;Female;101;115;68;50;133;700;3957;0;0;0;0;0;No
35;Female;69;134;89;568;15;650;2894;0;0;0;0;0;No
67;Male;51;143;93;624;17;570;1968;0;0;0;0;0;No
58;Female;57;147;95;653;163;569;2153;0;1;0;0;0;No
52;Female;59;175;95;755;152;623;2682;0;1;0;0;0;No
30;Female;79;131;85;763;157;614;2476;0;0;0;0;0;No
36;Female;69;121;88;286;152;512;2204;0;0;0;0;0;No
50;Female;79;147;98;150;16;700;2734;0;1;0;0;0;Yes
29;Female;104;139;92;80;147;600;2777;0;0;0;0;0;No
70;Female;88;143;74;1989;147;525;2419;0;0;0;0;0;Yes
32;Female;75;131;87;60;149;500;2252;0;0;0;0;0;No
55;Female;98;125;82;90;149;550;2477;0;0;0;0;0;No
30;Female;88;98;53;90;154;520;2193;0;0;0;0;0;No
37;Female;81;146;96;150;157;650;2637;0;0;0;0;0;No
40;Female;79;103;75;60;149;550;2477;0;0;1;0;0;No
45;Female;95;145;96;80;154;660;2783;0;1;0;0;0;Yes
55;Female;71;130;77;100;154;540;2277;0;1;0;0;0;Yes
65;Female;94;126;80;100;149;640;2883;0;0;0;0;0;Yes
50;Female;79;144;91;696;15;540;2404;1;0;1;0;0;No
55;Female;92;142;84;120;157;530;215;0;0;0;0;0;No
45;Female;76;128;80;50;147;520;2406;0;0;0;0;0;No
55;Female;90;118;76;60;144;500;2411;0;1;0;0;0;Yes
60;Male;69;153;90;696;178;720;2278;0;0;0;0;0;No
48;Male;64;149;96;748;165;590;2165;0;1;0;0;0;No
37;Female;82;177;111;664;147;857;3949;0;1;0;0;0;No
32;Female;99;126;84;715;152;676;2911;0;0;0;0;0;No
65;Male;91;134;95;504;165;676;248;0;0;0;0;0;No
65;Male;60;137;76;599;165;467;1713;0;1;0;1;0;Yes
55;Female;56;176;85;60;155;424;1766;0;1;0;0;0;No
55;Female;76;126;88;78;157;529;2133;0;0;0;1;0;No
30;Female;81;162;111;752;16;712;2781;0;0;0;0;0;No
30;Female;70;149;68;677;157;484;1952;0;0;0;0;0;No
48;Female;83;166;98;50;157;420;1704;0;1;0;0;0;No
45;Female;91;142;91;110;157;570;2312;0;1;0;0;0;Yes
30;Female;77;116;76;60;157;650;2637;0;0;0;0;0;No
50;Male;85;144;93;70;152;500;2164;0;1;1;0;0;Yes
70;Female;87;172;80;60;154;500;2108;0;1;0;0;0;No
50;Male;80;156;76;50;154;500;2108;0;1;0;0;0;No
55;Female;85;157;91;70;157;500;2028;0;1;0;0;0;Yes
75;Female;73;160;85;531;152;480;2067;0;1;0;0;0;No
48;Female;75;140;80;80;157;430;1744;0;0;0;0;0;No
48;Female;93;135;100;60;157;800;3246;0;1;0;0;0;Yes
45;Female;109;151;108;200;154;600;253;0;1;0;0;0;Yes
38;Male;89;145;82;60;154;650;2741;0;0;1;0;0;No
35;Female;73;116;78;60;16;550;2148;0;0;0;0;0;No
32;Female;93;114;71;90;154;500;2108;0;0;0;0;0;No
60;Male;80;101;61;625;163;435;1646;0;0;0;0;0;No
41;Female;93;117;75;160;154;500;2108;0;1;0;0;0;Yes
45;Female;61;149;87;672;147;569;2622;0;1;0;0;0;No
52;Female;83;141;78;200;154;500;2108;0;1;0;0;0;Yes
35;Female;70;151;102;604;157;585;2359;0;1;0;0;0;No
43;Female;87;141;84;150;154;500;2108;0;1;0;0;0;Yes
71;Male;89;140;87;130;157;650;2637;0;1;0;0;0;Yes
37;Female;104;122;78;40;157;800;3246;0;0;0;0;0;No
38;Female;82;115;76;150;154;700;2952;0;0;0;0;0;Yes
48;Female;81;112;72;90;147;450;2082;0;0;0;0;0;No
67;Male;85;126;67;200;154;450;1897;0;0;0;0;0;Yes
41;Female;91;133;89;1232;152;520;2239;0;0;0;0;0;No
35;Male;62;121;72;581;168;501;1783;0;0;0;0;0;No
22;Female;59;102;65;521;152;410;1765;0;0;0;0;0;No
65;Male;65;137;84;60;168;475;169;0;0;0;0;0;No
50;Female;64;114;73;603;157;515;2077;0;0;0;0;0;No
36;Female;70;138;86;523;157;684;2758;0;0;0;0;0;No
52;Female;69;149;82;789;145;370;1765;0;0;0;0;0;No
75;Female;76;167;92;734;145;400;1908;0;1;0;0;0;No
36;Male;62;128;83;765;145;434;207;0;0;0;0;0;No
45;Male;67;130;73;551;163;564;2134;0;0;0;0;0;No
30;Female;78;147;84;595;155;643;2678;0;0;0;0;0;No
35;Female;75;118;75;596;155;492;2049;0;0;0;0;0;No
70;Female;84;171;89;1219;165;370;1357;0;0;0;0;0;No
30;Female;73;144;93;497;142;693;3425;0;0;0;0;0;No
55;Male;70;130;76;2915;165;633;2322;1;1;1;1;0;Yes
35;Female;81;140;90;666;155;594;2474;0;0;0;0;0;No
48;Female;90;98;76;682;152;470;2024;0;0;0;0;0;No
65;Female;58;222;95;812;157;580;2339;0;1;0;0;0;No
40;Female;75;191;111;847;155;620;2583;0;0;0;0;0;No
30;Female;75;140;90;888;147;532;2451;0;0;0;0;0;No
46;Female;74;202;106;429;155;610;2541;0;1;0;0;1;No
50;Male;82;119;77;623;16;566;221;0;0;0;0;0;No
45;Female;89;139;83;91;152;630;2713;0;0;0;0;0;No
35;Female;83;100;66;592;15;450;2004;0;0;0;0;0;No
40;Female;53;151;93;62;15;569;2534;0;0;0;0;0;No
45;Male;74;170;102;639;165;610;2238;0;0;0;0;0;No
40;Female;70;106;74;692;152;669;288;0;0;0;0;0;No
49;Female;59;174;106;60;149;520;2342;0;1;0;0;0;No
36;Female;54;121;75;60;165;560;2057;0;0;0;0;0;No
42;Female;83;151;94;50;149;600;2703;0;0;0;0;0;No
56;Male;52;105;63;518;163;600;2271;0;0;0;0;0;No
36;Female;85;110;73;60;149;460;2072;0;0;0;0;0;No
52;Female;95;162;91;90;149;630;2838;0;1;0;0;0;No
52;Female;68;157;95;60;149;450;2027;0;0;0;0;0;No
62;Female;46;142;75;70;144;320;1543;0;0;0;0;0;No
62;Female;95;147;79;50;149;390;1757;0;0;0;0;0;No
61;Female;73;141;89;70;144;310;1495;0;0;0;0;0;No
62;Female;67;169;90;80;147;410;1897;0;1;0;0;0;No
21;Female;97;128;79;50;149;480;2162;0;0;0;0;0;No
34;Female;71;125;76;50;149;530;2387;0;0;0;0;0;No
55;Female;79;191;105;40;138;300;1575;0;0;0;0;0;No
52;Female;76;114;70;50;154;500;2108;0;0;0;0;0;No
35;Female;50;105;64;404;152;482;2075;0;0;0;0;0;No
38;Female;73;132;83;50;157;610;2475;0;0;0;0;0;No
35;Female;66;113;65;50;147;450;2082;0;0;0;0;0;No
59;Male;88;132;82;40;162;470;1791;0;0;0;0;0;No
32;Female;67;118;76;50;149;400;1802;0;0;0;0;0;No
45;Male;73;165;106;70;17;680;2353;0;1;0;0;0;No
35;Female;82;144;79;50;149;630;2838;0;0;0;0;0;No
59;Female;78;141;94;70;147;680;3147;0;1;0;0;0;No
62;Female;88;155;96;50;139;390;2019;0;0;0;0;0;No
59;Female;82;170;82;120;149;460;2072;0;1;0;0;0;No
56;Male;65;130;81;585;157;590;2379;0;1;0;1;0;No
40;Female;70;109;66;602;155;520;2166;0;0;0;0;0;No
66;Male;67;143;78;1339;163;600;2271;0;0;0;0;0;No
50;Male;64;101;68;593;16;480;1875;0;0;0;0;0;No
45;Female;61;165;91;623;157;570;2298;0;1;0;0;0;No
47;Male;67;130;98;608;163;686;2596;0;1;0;0;0;Yes
65;Male;75;159;87;1089;155;690;2874;1;1;1;0;0;No
76;Male;64;155;104;635;152;618;2661;0;0;0;0;0;No
41;Female;82;155;105;688;145;607;2896;0;1;0;0;0;Yes
30;Female;64;127;80;653;147;543;2502;0;0;0;0;0;No
35;Male;87;115;85;1397;173;685;2296;1;0;1;0;0;No
50;Male;70;142;74;747;163;491;1858;0;0;0;1;0;No
32;Male;81;117;74;713;163;580;2195;0;0;0;0;0;No
25;Female;85;96;62;367;147;440;2027;0;0;0;0;0;No
21;Female;62;147;82;617;152;642;2764;0;0;0;0;0;No
38;Male;61;122;68;94;165;531;1948;0;0;0;0;0;No
48;Male;55;134;71;597;165;635;233;0;0;0;0;0;No
35;Female;82;126;81;659;15;521;232;0;0;0;0;0;No
70;Female;79;169;95;859;157;489;1972;0;1;0;0;0;No
70;Male;106;137;83;707;155;423;1762;0;0;0;0;0;No
60;Female;58;145;79;829;155;560;2333;0;1;0;1;0;No
42;Female;74;137;100;743;145;636;3034;0;0;0;0;0;No
35;Female;67;120;83;3346;145;370;1765;0;0;0;0;0;No
65;Female;91;140;74;846;152;550;2368;0;0;0;0;0;No
63;Male;74;185;102;872;163;469;1775;0;1;0;0;0;No
70;Male;82;122;69;55;163;590;2233;0;0;0;0;0;No
57;Female;67;135;82;771;138;431;2249;0;0;0;0;0;No
22;Female;78;120;72;731;16;670;2617;0;0;0;0;0;No
54;Female;55;135;83;767;152;470;2024;0;0;0;0;0;No
62;Female;59;155;102;68;152;580;2497;0;1;0;0;0;No
70;Female;69;122;77;556;152;415;1787;0;0;0;0;0;No
35;Female;70;121;85;909;147;420;1935;0;0;0;0;0;No
30;Female;74;126;73;702;142;400;1977;0;0;0;0;0;No
36;Male;76;114;70;628;17;510;1761;0;0;0;0;0;No
32;Female;72;118;76;888;152;653;2812;0;0;0;0;0;Yes
37;Female;74;132;84;623;147;740;341;0;0;0;0;0;No
66;Female;78;176;99;632;152;632;2721;0;0;0;0;0;No
70;Female;74;164;81;856;142;410;2026;0;0;0;0;0;No
65;Female;66;160;80;696;155;400;1666;0;0;0;0;0;No
60;Female;78;175;87;631;145;499;2381;0;1;0;0;0;No
62;Male;74;105;64;78;163;491;1858;0;0;0;0;0;No
79;Male;74;150;80;1233;173;740;2481;0;1;0;0;0;Yes
62;Female;57;125;75;668;15;703;313;0;0;0;0;0;No
48;Female;67;133;82;702;15;635;2827;0;0;0;0;0;No
62;Female;76;139;81;942;157;610;246;0;1;0;0;0;Yes
50;Female;75;138;72;685;16;542;2117;0;0;0;0;0;Yes
30;Female;77;123;70;75;155;520;2166;0;0;0;0;0;No
57;Female;73;176;92;70;142;380;1885;0;1;0;0;0;Yes
55;Female;78;215;118;70;142;590;2926;0;1;0;0;0;Yes
50;Female;82;120;79;110;149;460;2072;0;0;0;0;0;No
51;Female;62;188;95;725;15;600;2672;0;1;0;0;0;No
54;Female;67;138;80;516;144;493;2394;0;0;0;0;0;No
41;Female;81;115;70;692;146;550;2578;0;0;0;0;0;No
45;Male;64;123;87;652;168;598;2128;0;1;0;0;0;Yes
40;Female;70;149;91;687;152;555;239;0;0;0;0;0;No
45;Female;74;104;72;628;147;390;1797;0;0;0;0;0;No
45;Male;70;114;69;629;163;532;2013;0;0;0;0;0;No
52;Male;52;159;92;702;165;830;3045;0;0;0;0;0;Yes
35;Female;76;113;62;717;152;644;2773;0;0;0;0;0;No
45;Female;86;151;87;77;152;625;2691;0;1;0;0;0;No
40;Female;79;160;81;733;145;500;2385;0;0;0;0;0;No
40;Female;65;153;76;566;152;480;2067;0;0;0;0;0;No
78;Female;71;125;66;593;14;400;205;0;0;0;0;0;No
80;Male;64;189;96;788;168;503;179;0;0;0;0;0;Yes
67;Male;56;169;100;1254;168;677;2409;0;1;0;0;1;Yes
45;Female;69;173;105;496;155;626;2608;0;1;0;0;0;No
65;Female;66;146;75;579;15;429;191;0;0;0;0;0;No
60;Male;75;138;111;626;163;506;1915;0;0;0;0;0;No
35;Male;63;129;69;655;157;567;2286;0;0;0;0;0;No
30;Female;73;126;96;63;155;415;1729;0;0;0;0;0;No
35;Female;82;106;75;543;145;631;301;0;0;0;0;0;No
50;Female;70;110;64;948;152;420;1808;0;0;0;0;0;No
55;Male;91;112;83;916;157;520;2097;0;0;0;0;0;No
45;Female;78;139;88;697;16;522;2039;0;0;0;0;0;No
70;Female;76;110;68;544;142;392;1938;0;0;0;0;0;No
60;Female;69;166;90;889;15;440;1959;0;0;0;0;0;No
42;Male;74;126;86;848;157;614;2476;0;0;0;0;0;No
35;Male;64;120;72;634;157;486;196;0;0;0;0;0;No
64;Female;77;124;73;576;137;460;2445;0;0;0;0;0;No
25;Female;88;114;72;618;152;681;2932;0;0;0;0;0;No
39;Female;60;129;77;668;152;500;2153;0;0;0;0;0;No
30;Female;55;117;73;587;15;450;2004;0;0;0;0;0;No
32;Female;92;98;73;2264;152;584;2514;0;0;0;0;0;Yes
78;Female;107;98;78;60;167;650;2331;0;0;0;0;0;No
50;Male;78;157;97;979;16;530;207;0;0;0;0;0;No
28;Male;65;135;82;581;16;683;2667;1;0;1;0;0;No
50;Male;84;132;78;743;165;607;2227;0;0;0;0;0;No
55;Male;74;113;71;741;152;500;2153;0;0;0;0;0;No
50;Male;85;98;76;834;165;550;2018;0;0;0;0;0;No
65;Male;69;129;80;867;152;470;2024;0;0;0;0;0;No
60;Male;67;127;85;783;152;620;2669;0;0;0;0;0;No
35;Male;56;112;68;641;152;540;2325;0;0;0;0;0;No
65;Male;75;118;94;599;163;500;1892;0;0;0;0;0;No
60;Male;105;127;82;747;157;600;2419;0;0;0;0;0;No
60;Male;72;151;101;577;165;537;197;0;1;0;0;0;No
35;Male;87;118;70;818;168;814;2896;0;0;0;0;0;No
60;Female;68;170;93;69;147;559;2576;0;1;0;0;0;No
38;Male;75;138;102;642;157;673;2714;1;0;1;0;0;No
28;Female;80;138;82;459;157;795;3206;0;0;0;0;0;No
50;Female;83;118;74;646;16;601;2347;0;0;0;0;0;No
55;Female;67;168;92;1034;157;745;3004;0;0;0;0;0;No
55;Female;89;177;84;586;152;613;2639;0;1;0;0;0;No
55;Female;83;155;102;613;145;763;364;0;0;0;0;0;No
40;Female;68;132;72;726;155;502;2091;0;0;0;0;0;No
35;Female;75;117;81;674;157;580;2339;0;0;0;0;0;No
50;Female;57;174;113;631;145;703;3354;0;0;0;0;0;No
55;Female;70;153;83;1046;145;470;2242;0;0;0;0;0;No
40;Male;93;96;63;722;165;580;2128;0;0;0;0;0;No
38;Female;67;163;99;1096;152;546;2351;0;0;0;0;0;No
40;Male;71;90;52;64;168;650;2313;0;0;0;0;0;No
44;Female;66;147;96;516;15;601;2676;0;0;0;0;0;No
50;Male;83;156;89;623;152;740;3186;0;0;0;0;0;No
40;Male;64;130;75;1508;152;750;3229;0;0;0;0;0;No
50;Male;70;136;73;523;165;620;2275;0;0;0;0;0;No
30;Female;76;119;82;656;15;424;1888;0;0;0;0;0;No
65;Female;64;159;79;1236;152;456;1963;0;0;0;0;0;No
70;Male;76;134;73;651;152;460;1981;0;0;0;0;0;No
75;Male;69;126;76;111;152;400;1722;0;0;0;0;0;No
55;Male;85;102;69;717;163;450;1703;0;0;0;0;0;No
35;Male;87;123;76;612;17;575;1985;0;0;0;0;0;No
41;Male;82;97;58;823;165;475;1743;0;0;0;0;0;No
40;Female;78;119;77;649;155;470;1958;0;0;0;0;0;No
48;Female;92;140;83;92;15;490;2182;0;0;0;0;0;No
40;Male;73;101;72;514;157;550;2218;0;0;0;0;0;No
50;Female;90;132;86;747;155;560;2333;0;0;0;0;0;Yes
50;Female;69;136;101;766;155;380;1583;0;0;0;0;0;No
40;Female;75;113;73;736;15;600;2672;0;0;0;0;0;No
65;Male;69;134;82;596;157;500;2016;0;0;0;0;0;No
34;Female;84;135;98;140;152;580;251;0;1;0;0;0;Yes
48;Male;75;99;59;835;157;480;1935;0;0;0;0;0;No
39;Female;73;117;72;666;16;555;2167;0;0;0;0;0;No
35;Male;79;124;82;569;157;400;1613;0;0;0;0;0;No
65;Male;52;164;78;474;168;613;2181;0;1;0;0;0;Yes
59;Female;86;128;69;961;152;580;2497;0;0;0;0;0;No
40;Female;88;129;76;886;145;671;3201;0;0;0;0;0;No
50;Female;75;141;82;902;157;620;250;0;0;0;0;0;No
50;Male;61;130;71;664;157;516;2081;0;0;0;0;0;No
45;Male;84;115;73;69;157;530;2137;0;0;0;0;0;No
30;Female;84;114;75;686;145;510;2433;0;0;0;0;0;No
50;Female;67;114;73;543;145;472;2252;0;0;0;0;0;No
45;Female;80;150;99;1812;155;420;175;0;0;0;0;0;No
55;Male;83;129;80;641;165;600;2201;0;0;0;0;0;No
52;Male;65;127;71;865;165;503;1845;0;0;0;0;0;No
50;Male;64;134;69;619;165;501;1838;0;0;0;0;0;No
57;Male;75;118;63;1095;165;455;1669;0;0;0;0;0;No
30;Female;73;116;72;551;15;430;1915;0;0;0;0;0;No
42;Female;72;141;91;977;152;478;2058;0;0;0;0;0;No
40;Female;70;114;72;62;15;602;2681;0;0;0;0;0;No
45;Male;64;116;66;1119;152;520;2239;0;0;0;0;0;No
70;Male;67;165;93;532;155;525;2187;0;0;0;0;0;No
65;Male;55;150;84;645;16;540;2109;0;0;0;0;0;No
48;Male;71;120;82;484;16;479;1871;0;0;0;0;0;No
60;Male;76;125;89;572;165;446;1636;0;0;0;0;0;No
65;Male;64;130;95;506;168;650;2313;0;0;0;0;0;No
60;Female;72;134;74;607;155;580;2416;0;0;0;0;0;No
55;Male;56;132;67;444;165;580;2128;0;0;0;0;0;No
45;Male;65;95;57;904;155;416;1733;0;0;0;0;0;No
70;Female;75;135;73;646;147;320;1474;0;0;0;0;0;No
26;Female;64;154;101;678;157;591;2383;0;0;0;0;0;No
35;Female;81;139;72;1091;152;410;1765;0;0;0;0;0;No
32;Female;51;124;71;836;152;485;2088;0;0;0;0;0;No
35;Female;79;134;81;593;157;560;2258;0;0;0;0;0;No
35;Female;53;122;79;564;155;562;2341;0;0;0;0;0;No
60;Female;68;133;76;642;152;450;1938;0;0;0;0;0;No
60;Female;71;159;85;718;152;560;2411;0;0;0;0;0;No
65;Male;64;153;63;647;157;520;2097;0;0;0;0;0;No
50;Male;77;122;79;785;157;399;1609;0;0;0;0;0;No
70;Male;71;180;105;504;155;422;1758;0;0;0;0;0;No
45;Male;81;124;86;115;155;610;2541;0;0;0;0;0;No
60;Male;63;136;79;699;157;679;2738;0;1;0;0;1;No
40;Female;75;141;100;79;147;748;3446;0;0;0;0;0;No
45;Female;66;106;71;64;15;440;1959;0;0;0;0;0;No
50;Female;90;149;94;928;14;536;2746;0;0;0;0;0;No
60;Female;78;142;84;672;155;627;2612;0;0;0;0;0;No
35;Female;82;124;98;77;145;480;229;0;0;0;0;0;No
22;Male;69;132;71;539;168;612;2178;1;0;1;0;0;No
70;Male;67;140;84;949;163;515;1949;0;0;0;0;0;No
54;Male;72;174;95;87;16;501;1957;0;1;0;0;0;No
30;Male;109;133;90;777;16;625;2441;0;0;0;0;0;No
52;Male;84;122;78;732;152;415;1787;0;0;0;0;0;No
44;Female;81;114;72;161;137;558;2966;0;0;0;0;0;No
38;Male;76;117;79;791;163;477;1805;0;0;0;0;0;No
66;Male;46;145;85;538;16;738;2882;0;1;0;0;0;No
35;Female;82;116;69;655;15;524;2333;0;0;0;0;0;No
50;Female;96;141;94;559;145;504;2404;0;0;0;0;0;No
55;Male;74;134;84;739;163;550;2081;0;0;0;0;0;No
40;Male;70;115;75;601;168;520;185;0;0;0;0;0;No
60;Male;63;143;93;614;165;550;2018;0;0;0;0;0;No
70;Male;73;149;96;608;168;550;1957;0;0;0;0;0;No
30;Male;76;112;79;747;16;500;1953;0;0;0;0;0;No
45;Male;78;106;71;798;16;550;2148;0;0;0;0;0;No
35;Male;64;142;104;534;16;520;2031;0;0;0;0;0;No
50;Male;76;105;68;734;163;500;1892;0;0;0;0;0;No
30;Male;81;101;74;586;165;570;2091;0;0;0;0;0;No
45;Female;48;209;116;877;16;530;207;0;1;0;0;0;No
32;Female;90;150;102;626;147;550;2534;0;0;0;0;0;No
45;Female;68;129;73;842;152;500;2153;0;0;0;0;0;No
55;Female;94;131;81;785;155;450;1874;0;0;0;0;0;No
40;Female;64;131;80;789;152;514;2213;0;0;0;0;0;No
30;Male;63;136;73;747;165;560;2054;0;0;0;0;0;No
30;Male;86;125;79;531;165;560;2054;0;0;0;0;0;No
36;Male;74;106;58;784;163;581;2199;0;0;0;0;0;No
35;Male;77;136;78;626;163;580;2195;0;0;0;0;0;No
35;Male;87;128;64;739;152;517;2226;0;1;0;0;0;No
67;Male;78;162;109;819;145;482;2299;0;0;0;0;0;No
50;Female;85;124;75;732;155;638;2658;0;0;0;0;0;No
40;Male;83;127;90;90;155;520;2166;0;1;0;0;0;No
45;Male;71;156;112;63;165;610;2238;0;0;0;0;0;No
38;Male;66;101;67;693;15;400;1781;0;0;0;0;0;No
56;Male;75;98;60;647;165;570;2091;0;0;0;0;0;No
50;Female;70;147;102;827;157;580;2339;0;0;0;0;0;No
63;Male;73;164;81;689;157;669;2698;0;0;0;0;0;No
39;Male;71;101;55;659;17;483;1668;0;0;0;0;0;No
40;Female;65;114;68;459;152;550;2368;0;0;0;0;0;No
30;Female;90;99;53;406;155;500;2083;0;0;0;0;0;No
30;Male;89;113;75;1735;168;660;2348;0;0;0;0;0;No
45;Male;76;115;80;621;168;600;2135;0;0;0;0;0;No
48;Male;102;150;92;801;173;706;2367;0;1;0;0;0;Yes
33;Female;86;156;112;714;155;874;3641;0;1;0;0;0;No
30;Female;67;175;75;749;16;520;2031;0;0;0;0;0;No
30;Female;64;111;70;716;152;500;2153;0;0;0;0;0;No
50;Male;62;150;70;785;152;550;2368;0;0;0;0;0;No
40;Female;72;135;85;86;15;546;2431;0;0;0;0;0;No
60;Male;73;132;73;806;157;480;1935;0;0;0;0;0;No
55;Male;63;137;77;724;163;530;2006;0;0;0;0;0;No
50;Male;73;103;68;84;163;653;2471;0;0;0;0;0;No
50;Male;62;127;88;912;17;600;2072;0;0;0;0;0;No
45;Male;58;136;76;687;168;540;1921;0;0;0;0;0;No
67;Male;59;141;75;874;168;670;2384;0;0;0;0;0;No
75;Male;52;128;85;584;155;609;2537;0;0;0;0;0;No
60;Male;81;125;70;773;163;550;2081;0;0;0;0;0;No
55;Male;61;162;96;709;168;600;2135;0;0;0;0;0;No
60;Male;62;126;80;408;16;520;2031;0;0;0;0;0;No
40;Male;65;125;85;531;16;515;2011;0;0;0;0;0;No
52;Male;73;131;87;558;168;631;2245;0;0;0;0;0;No
55;Female;59;194;106;561;157;580;2339;0;1;0;0;0;No
35;Female;51;152;102;855;147;560;258;0;1;0;0;0;No
45;Female;75;134;92;403;15;680;3028;0;0;0;0;0;Yes
25;Female;83;104;71;649;147;447;206;0;0;0;0;0;No
45;Male;102;148;92;771;16;570;2226;0;0;0;0;0;No
40;Female;54;153;96;638;152;480;2067;0;0;0;0;0;No
45;Male;83;116;71;66;16;498;1945;0;0;0;0;0;No
35;Female;75;157;101;664;142;451;2229;0;1;0;0;0;No
50;Male;55;136;69;655;16;462;1804;0;0;0;0;0;No
40;Male;82;149;86;778;152;357;1537;0;0;0;0;0;No
48;Male;48;110;79;819;16;552;2156;0;0;0;0;0;No
63;Male;69;138;98;1231;165;578;212;0;0;0;0;0;No
55;Male;77;123;91;89;163;627;2373;0;0;0;0;0;No
74;Male;56;173;93;709;157;590;2379;0;0;0;0;0;No
40;Male;74;120;64;957;165;415;1522;0;0;0;0;0;No
35;Female;90;132;89;949;155;520;2166;0;0;0;0;0;No
30;Female;72;122;77;646;152;510;2196;0;0;0;0;0;No
30;Female;85;112;76;685;152;610;2626;0;0;0;0;0;No
75;Male;77;126;78;752;152;500;2153;0;0;0;0;0;No
60;Male;69;131;80;625;168;530;1886;0;0;0;0;0;No
50;Male;57;167;73;501;178;580;1835;0;0;0;0;0;No
70;Male;80;115;77;1067;168;500;1779;0;0;0;0;0;No
60;Male;68;129;84;989;165;610;2238;0;0;0;0;0;No
60;Male;68;132;83;944;165;580;2128;0;0;0;0;0;No
50;Female;70;179;87;881;155;590;2458;0;1;0;0;0;No
45;Female;67;106;71;593;152;400;1722;0;0;0;0;0;No
48;Female;82;158;86;603;163;570;2157;0;1;0;0;0;No
56;Female;73;168;87;1349;16;600;2343;0;0;0;0;0;No
25;Male;65;104;70;576;168;655;2331;0;0;0;0;0;No
38;Male;105;143;90;80;168;734;2612;0;1;0;0;0;No
40;Male;92;111;65;749;165;643;2359;0;0;0;0;0;No
40;Female;70;111;71;984;16;634;2476;0;0;0;0;0;No
65;Female;66;169;74;925;145;421;2008;0;0;0;0;0;No
53;Male;94;105;64;961;16;580;2265;0;0;0;0;0;No
45;Female;67;161;103;726;145;448;2137;0;1;0;0;0;No
30;Female;89;132;84;685;147;601;2769;0;0;0;0;0;No
30;Female;61;140;82;666;155;520;2166;0;0;0;0;0;No
45;Male;78;102;62;85;165;470;1724;0;0;0;0;0;No
36;Male;56;111;74;1151;168;520;185;0;0;0;0;0;No
80;Female;71;142;84;65;152;520;2239;0;0;0;0;0;No
38;Male;95;110;74;681;168;630;2242;0;0;0;0;0;No
58;Male;61;152;94;681;168;640;2277;0;1;0;0;0;No
38;Female;68;117;68;743;155;420;175;0;0;0;0;0;No
68;Female;107;160;78;822;142;300;1483;0;0;0;0;0;No
56;Male;84;136;91;593;163;550;2081;0;0;0;0;0;No
40;Male;96;136;93;882;157;640;2581;0;0;0;0;0;Yes
45;Male;76;169;103;1184;16;615;2402;0;0;0;0;0;No
65;Male;73;139;77;702;155;608;2533;0;0;0;0;0;No
45;Male;83;112;76;525;163;550;2081;0;0;0;0;0;No
45;Male;69;158;82;773;163;574;2172;0;0;0;0;0;No
36;Female;68;140;96;109;15;465;2071;0;0;0;0;0;No
40;Female;65;184;102;1946;157;850;3427;0;1;0;0;0;No
65;Male;60;173;82;563;175;848;2761;0;0;0;0;0;No
55;Female;63;136;77;559;155;738;3074;0;0;0;0;0;No
65;Male;91;205;110;648;163;410;1552;0;0;0;0;0;No
65;Male;65;173;102;677;152;450;1938;0;1;0;0;0;No
28;Male;63;119;75;686;16;430;1679;0;0;0;0;0;No
55;Female;74;197;117;895;152;636;2738;0;1;0;0;0;Yes
25;Female;88;145;91;43;15;420;187;0;0;0;0;0;No
50;Male;75;132;84;752;157;600;2419;0;0;0;0;0;No
55;Male;63;148;84;745;165;580;2128;0;0;0;0;0;No
62;Female;72;138;102;783;152;560;2411;0;0;0;0;0;No
30;Male;69;142;86;671;163;620;2346;0;0;0;0;0;No
51;Male;97;130;103;67;168;611;2174;0;0;0;0;0;No
40;Male;64;134;84;578;168;820;2918;0;0;0;0;0;No
35;Male;85;129;80;471;16;560;2187;0;0;0;0;0;No
44;Male;74;126;91;587;152;582;2506;0;0;0;0;0;No
30;Male;72;129;83;778;155;530;2208;0;0;0;0;0;No
44;Female;65;150;99;546;147;476;2193;0;0;0;0;0;No
28;Female;80;125;66;701;155;520;2166;0;0;0;0;0;No
55;Male;68;141;79;704;163;600;2271;0;0;0;0;0;No
30;Male;74;135;84;673;163;590;2233;0;0;0;0;0;No
47;Female;66;124;71;704;155;520;2166;0;0;0;0;0;No
60;Male;70;137;82;479;163;580;2195;0;0;0;0;0;No
36;Male;76;157;110;805;17;620;2141;0;1;0;0;0;No
65;Male;76;135;82;646;175;758;2468;0;1;0;0;0;No
59;Female;70;134;85;606;15;603;2685;0;0;0;0;0;No
30;Male;73;141;85;1257;163;750;2838;1;0;1;0;0;No
60;Male;81;104;57;854;168;600;2135;0;0;0;0;0;No
38;Male;74;105;70;485;168;500;1779;0;0;0;0;0;No
44;Female;74;110;67;753;155;450;1874;0;0;0;0;0;No
33;Female;89;115;73;503;155;650;2708;0;0;0;0;0;No
40;Female;64;126;77;718;15;540;2404;1;0;1;0;0;No
25;Male;74;124;85;764;168;710;2526;0;0;0;0;0;No
24;Female;62;155;91;114;157;650;2621;0;0;0;0;0;No
40;Male;84;102;75;706;152;566;2437;0;0;0;0;0;No
45;Female;66;98;56;565;163;472;1786;0;0;0;0;0;No
50;Female;67;126;77;648;152;422;1817;0;0;0;0;0;No
30;Female;77;122;83;708;15;404;1799;0;0;0;0;0;No
28;Female;93;119;84;728;157;490;1976;0;0;0;0;0;No
50;Female;74;141;81;796;155;526;2191;0;0;0;0;0;No
30;Female;88;128;85;955;152;793;3414;0;0;0;0;0;No
58;Female;85;107;65;634;152;360;155;0;0;0;0;0;No
35;Female;86;111;72;150;157;600;2434;0;0;0;0;0;No
32;Female;94;161;105;70;152;500;2164;0;0;0;0;0;Yes
37;Male;75;122;80;90;157;680;2759;0;0;0;0;0;Yes
37;Female;70;120;73;80;152;730;316;0;0;0;0;0;Yes
68;Male;69;140;75;627;165;603;2212;0;0;0;0;0;No
42;Female;91;148;112;60;157;600;2434;0;1;0;0;0;No
60;Female;78;113;66;751;142;356;176;0;0;0;0;0;No
48;Male;77;130;85;963;165;603;2212;0;0;0;0;0;No
45;Female;76;127;72;731;157;655;2641;0;0;0;0;0;No
60;Male;61;139;81;567;16;503;1964;0;0;0;0;0;No
70;Male;71;147;82;558;157;635;256;0;0;0;0;0;No
55;Male;64;134;70;695;17;610;2106;0;0;0;0;0;No
65;Male;56;186;101;806;163;520;1968;0;0;0;0;0;No
50;Female;70;133;74;892;152;480;2067;0;0;0;0;0;No
75;Male;57;111;68;708;17;620;2141;0;0;0;0;0;No
50;Female;62;194;104;601;155;580;2416;0;0;0;0;0;No
24;Male;94;116;85;646;163;637;2411;0;0;0;0;0;No
69;Female;65;150;102;706;145;478;228;0;0;0;0;0;No
24;Female;91;116;74;678;155;691;2878;0;0;0;0;0;No
50;Female;81;121;68;80;152;480;2067;0;0;0;0;0;No
40;Male;65;143;98;565;16;696;2718;0;0;0;0;0;No
23;Female;76;143;99;635;155;480;1999;0;0;0;0;0;No
35;Female;82;129;85;645;152;501;2157;0;0;0;0;0;No
55;Female;85;128;74;603;152;520;2239;0;0;0;0;0;No
60;Male;80;105;63;564;168;550;1957;0;0;0;0;0;No
45;Male;71;123;95;568;155;618;2574;0;0;0;0;0;No
40;Female;61;177;99;742;142;520;257;0;0;0;0;0;No
60;Male;92;161;91;716;163;706;2672;0;0;0;0;0;No
45;Male;98;105;72;704;165;505;1853;0;0;0;0;0;No
37;Female;90;103;62;692;152;450;1938;0;0;0;0;0;No
35;Female;77;143;100;712;157;580;2339;0;0;0;0;0;No
34;Male;74;118;69;707;157;456;1839;0;0;0;0;0;No
68;Male;83;116;74;126;16;554;2164;0;0;0;0;0;No
61;Male;64;122;69;986;178;478;1512;0;0;0;0;0;Yes
38;Male;89;124;76;778;168;603;2146;0;0;0;0;0;No
58;Male;84;133;105;788;165;467;1713;0;0;0;0;0;No
42;Male;68;102;65;71;165;590;2165;0;0;0;0;0;No
35;Male;75;111;72;69;165;570;2091;0;0;0;0;0;No
52;Male;69;101;61;608;165;506;1856;0;0;0;0;0;No
45;Female;75;141;88;54;152;454;1955;0;0;0;0;0;No
35;Male;72;114;72;582;16;460;1796;0;0;0;0;0;No
71;Male;66;147;74;729;17;660;2279;0;0;0;0;0;No
30;Male;70;136;83;833;16;506;1976;0;0;0;0;0;No
40;Male;86;189;112;763;155;431;1795;0;0;0;0;0;No
59;Female;63;151;88;706;155;590;2458;0;0;0;0;0;No
40;Male;80;174;108;1092;157;492;1984;0;0;0;0;0;No
35;Male;73;132;84;689;165;601;2205;0;0;0;0;0;No
35;Male;68;111;63;664;157;523;2109;0;0;0;0;0;No
70;Male;87;128;78;754;178;490;155;0;0;0;0;0;No
45;Female;98;156;102;1089;16;650;2538;0;0;0;0;0;No
37;Male;84;106;67;697;16;500;1953;0;0;0;0;0;No
49;Male;68;127;72;685;163;584;221;0;0;0;0;0;No
35;Male;97;124;80;687;16;650;2538;0;0;0;0;0;No
65;Male;85;149;93;521;155;650;2708;0;0;0;0;0;No
25;Female;79;126;80;838;157;650;2621;0;0;0;0;0;No
30;Female;67;140;88;603;155;420;175;0;0;0;0;0;No
75;Male;86;116;77;889;152;450;1938;0;0;0;0;0;No
30;Female;70;120;74;64;155;550;2291;0;0;0;0;0;No
75;Female;78;155;91;891;147;420;1935;0;0;0;0;0;No
55;Female;77;164;102;676;15;510;2271;0;0;0;0;0;No
80;Male;65;127;72;1069;168;597;2124;0;0;0;0;0;No
59;Female;66;132;73;825;152;575;2476;0;0;0;0;0;No
45;Male;67;111;67;635;152;474;2041;0;0;0;0;0;No
35;Male;67;126;71;602;168;477;1697;0;0;0;0;0;No
35;Female;78;160;102;625;157;600;2419;1;0;1;0;0;No
50;Female;86;172;98;110;16;600;2344;0;1;0;0;0;No
32;Female;90;96;66;60;157;500;2028;0;0;0;0;0;No
45;Female;110;124;72;130;16;500;1953;0;1;0;0;0;Yes
40;Male;69;111;69;778;165;480;1761;0;0;0;0;0;No
70;Female;79;115;63;40;147;400;1851;0;0;0;0;0;No
66;Male;74;165;91;90;157;650;2637;0;1;0;0;0;No
54;Female;86;150;93;60;157;650;2637;0;1;0;0;0;No
45;Female;69;121;67;622;152;500;2153;0;0;0;0;0;No
34;Female;79;114;72;100;152;500;2164;0;1;0;0;0;Yes
55;Male;77;115;83;661;168;599;2131;0;0;0;0;0;No
45;Female;83;109;69;844;147;539;2484;0;0;0;0;0;No
75;Female;78;128;81;775;145;424;2023;0;0;0;0;0;No
40;Male;60;122;72;516;16;494;1929;0;0;0;0;0;No
40;Male;83;117;73;684;155;428;1783;0;0;0;0;0;No
30;Male;59;122;67;499;15;473;2106;0;0;0;0;0;No
35;Male;82;122;70;741;152;435;1873;0;0;0;0;0;No
55;Female;74;129;73;99;152;446;192;0;0;0;0;0;No
27;Female;75;123;84;702;152;682;2936;0;0;0;0;0;No
40;Male;89;116;74;1449;165;475;1743;0;0;0;0;0;No
35;Male;72;117;77;98;165;480;1761;0;0;0;0;0;No
65;Male;56;158;92;528;163;456;1726;0;0;0;0;0;No
52;Male;104;118;81;769;17;547;1889;0;0;0;0;0;No
40;Male;55;152;100;704;165;570;2091;0;0;0;0;0;No
30;Female;76;129;86;744;157;607;2448;0;0;0;0;0;No
49;Female;75;115;74;607;155;550;2291;0;0;0;0;0;No
29;Male;78;129;91;763;163;610;2308;1;0;1;0;0;No
50;Male;68;136;61;723;152;548;2359;0;1;0;0;0;No
60;Male;71;192;104;998;16;467;1824;0;0;0;0;0;No
70;Male;57;193;105;521;168;633;2252;0;1;0;0;0;No
40;Male;56;129;56;518;152;532;2291;0;0;0;0;0;No
35;Male;76;129;83;677;17;654;2258;0;0;0;0;0;No
65;Male;74;161;83;621;147;460;212;0;0;0;0;0;No
35;Male;70;102;63;833;165;567;208;0;0;0;0;0;No
65;Male;71;154;86;814;142;502;2481;0;0;0;0;0;No
35;Male;82;123;77;609;16;660;2577;0;0;0;0;0;No
31;Male;77;144;100;616;163;620;2346;0;0;0;0;0;No
38;Male;100;139;89;454;163;560;2119;0;0;0;0;0;No
40;Female;77;133;75;54;152;471;2028;0;0;0;0;0;No
45;Female;66;131;71;701;152;480;2067;0;0;0;0;0;No
40;Male;87;123;79;808;16;560;2187;0;0;0;0;0;No
40;Male;88;127;79;835;152;560;2411;0;0;0;0;0;No
46;Female;90;119;87;70;157;680;2759;0;0;0;0;0;Yes
45;Female;63;140;100;150;152;500;2164;0;0;0;0;0;Yes
40;Male;64;113;58;1219;16;520;2031;0;0;0;0;0;No
70;Female;107;157;107;70;157;580;2353;0;1;0;0;0;No
58;Female;86;175;113;80;149;680;3063;0;1;0;0;0;No
32;Male;77;121;78;541;163;452;171;0;0;0;0;0;No
31;Male;79;136;98;75;145;631;301;0;0;0;0;0;No
35;Male;83;104;76;436;157;403;1625;0;0;0;0;0;No
55;Male;62;142;78;485;165;398;146;0;0;0;0;0;No
50;Male;55;123;81;58;165;510;1871;0;0;0;0;0;No
36;Male;76;105;76;611;163;520;1968;0;0;0;0;0;No
70;Male;60;148;76;756;15;450;2004;0;0;0;0;0;No
37;Male;69;136;73;559;16;499;1949;0;0;0;0;0;No
34;Female;102;114;82;210;152;480;2078;0;0;0;0;0;No
42;Female;91;149;90;150;152;650;2813;0;1;0;0;0;Yes
46;Female;60;133;82;40;17;850;2941;0;0;1;0;0;No
60;Female;84;145;87;1228;155;540;2249;0;1;0;0;0;Yes
26;Female;72;126;87;604;145;583;2781;1;0;1;0;0;No
75;Female;71;200;89;724;64;628;15574;0;1;0;0;0;No
40;Male;70;98;59;587;17;584;2016;0;0;0;0;0;No
40;Male;71;137;96;724;165;504;1849;0;0;0;0;0;Yes
32;Male;79;130;77;56;168;552;1964;0;0;0;0;0;No
35;Male;72;129;85;497;152;430;1851;0;0;0;0;0;No
32;Male;76;128;91;533;155;610;2541;0;0;0;0;0;No
30;Male;90;136;99;916;157;380;1532;0;0;0;0;0;No
35;Male;83;142;79;948;165;781;2865;0;0;0;0;0;No
37;Male;86;125;89;569;163;590;2233;0;0;0;0;0;No
40;Male;72;96;56;625;157;410;1653;0;0;0;0;0;No
50;Male;74;114;76;665;163;514;1945;0;0;0;0;0;No
22;Male;71;115;68;551;168;464;1651;0;0;0;0;0;No
45;Male;83;119;73;563;163;487;1843;0;0;0;0;0;No
55;Male;69;131;85;744;165;499;1831;0;0;0;0;0;No
45;Male;82;139;85;628;157;420;1694;0;0;0;0;0;No
35;Female;59;172;113;60;157;650;2637;0;0;0;0;0;Yes
22;Female;90;142;100;60;157;720;2921;0;0;0;0;0;No
65;Male;60;122;66;75;163;400;1514;0;0;0;0;0;No
60;Male;72;122;76;583;165;455;1669;0;0;0;0;0;No
34;Male;68;160;109;875;157;471;1899;0;0;0;0;0;No
40;Male;67;102;66;737;157;520;2097;0;0;0;0;0;No
35;Male;59;105;70;536;168;440;1566;0;0;0;0;0;No
54;Male;73;113;70;757;156;658;2697;0;0;0;0;0;No
50;Male;82;130;85;921;157;500;2016;0;0;0;0;0;No
44;Male;65;104;66;843;157;498;2008;0;0;0;0;0;No
50;Female;85;127;78;1086;152;520;2239;0;0;0;0;0;No
47;Male;84;141;96;592;165;660;2421;0;0;0;0;0;No
28;Male;90;120;77;1007;168;450;1601;0;0;0;0;0;No
35;Male;66;99;54;701;16;580;2265;0;0;0;0;0;No
55;Male;71;128;83;565;163;590;2233;0;0;0;0;0;No
30;Female;72;118;68;508;157;450;1815;0;0;0;0;0;No
40;Female;80;103;70;633;152;606;2609;1;0;1;0;0;No
30;Female;74;150;87;277;152;458;1972;0;0;0;0;0;No
60;Male;79;151;99;1343;157;680;2742;0;0;0;0;0;Yes
30;Male;60;130;74;518;168;650;2313;0;0;0;0;0;No
59;Male;81;128;83;632;165;476;1746;0;0;0;0;0;No
42;Male;90;118;72;543;163;441;1669;0;0;0;0;0;No
59;Male;62;125;61;727;17;503;1737;0;0;0;0;0;No
35;Male;63;91;51;526;165;470;1724;0;0;0;0;0;No
32;Male;59;148;81;736;165;500;1834;0;0;0;0;0;No
71;Male;54;167;87;94;168;681;2423;0;1;0;0;0;No
58;Male;66;136;81;67;17;701;242;0;0;0;0;0;No
50;Male;57;102;53;68;155;660;2749;0;0;0;0;0;No
45;Female;86;106;69;614;147;525;2419;0;0;0;0;0;No
80;Male;80;178;95;678;165;580;2128;0;0;0;0;0;No
42;Male;67;121;74;782;16;579;2261;0;0;0;0;0;No
46;Male;94;115;75;753;17;470;1623;0;0;0;0;0;No
49;Female;79;136;93;734;157;660;2661;0;0;0;0;0;No
50;Male;68;101;55;791;165;450;1651;0;0;0;0;0;No
60;Male;75;137;86;1151;165;422;1548;0;1;0;0;0;No
40;Male;58;140;79;744;165;545;1999;0;0;0;0;0;No
33;Male;80;119;86;53;168;596;2121;0;0;0;0;0;No
35;Male;70;106;76;726;157;533;2149;0;0;0;0;0;No
70;Male;84;115;78;1049;168;400;1423;0;0;0;0;0;No
60;Male;65;119;77;768;163;665;2516;0;0;0;0;0;No
60;Female;88;144;89;761;152;472;2032;0;0;0;0;0;No
40;Female;85;147;94;816;155;470;1958;0;0;0;0;0;No
60;Female;92;135;87;628;152;592;2549;0;0;0;0;0;No
70;Male;75;156;84;587;152;507;2183;0;0;0;0;0;No
35;Male;54;110;71;614;17;587;2027;0;0;0;0;0;No
60;Male;66;132;85;535;168;620;2206;0;0;0;0;0;No
60;Female;80;122;76;944;15;450;2004;0;0;0;0;0;No
45;Female;76;134;80;726;147;420;1935;0;0;0;0;0;No
55;Female;67;138;103;736;152;508;2187;0;0;0;0;0;No
28;Female;60;167;89;567;15;480;2137;0;0;0;0;0;No
24;Male;80;144;95;577;17;644;2224;0;0;0;0;0;No
65;Male;99;126;72;594;152;650;2799;0;0;0;0;0;No
56;Male;75;89;62;709;165;581;2131;0;0;0;0;0;No
70;Male;79;147;98;622;152;450;1938;0;0;0;0;0;No
48;Male;91;127;83;631;17;620;2141;0;0;0;0;0;No
50;Male;68;115;69;705;165;590;2165;0;0;0;0;0;No
40;Male;71;138;90;51;17;600;2072;0;0;0;0;0;No
65;Male;78;99;63;702;165;513;1882;0;0;0;0;0;No
60;Male;77;126;81;744;168;822;2925;0;0;0;0;0;No
70;Male;70;159;92;559;157;486;196;0;0;0;0;0;No
65;Female;63;163;87;652;152;501;2157;0;1;0;0;0;No
45;Female;83;123;81;538;152;603;2596;0;0;0;0;0;No
40;Male;73;100;58;816;173;580;1944;0;0;0;0;0;No
55;Male;80;96;57;751;16;470;1835;0;0;0;0;0;No
40;Male;57;101;70;611;16;580;2265;0;0;0;0;0;No
55;Male;61;165;94;667;16;550;2148;0;1;0;0;0;No
78;Male;68;118;71;836;157;452;1823;0;0;0;0;0;No
55;Male;74;118;74;695;16;550;2148;0;0;0;0;0;No
56;Male;59;168;99;508;157;640;2581;0;1;0;0;0;No
65;Male;70;132;85;45;168;690;2455;0;0;0;0;0;No
50;Male;71;160;106;509;163;620;2346;0;1;0;0;0;No
41;Female;81;139;84;865;155;570;2374;0;0;0;0;0;No
45;Male;85;97;68;743;163;491;1858;0;0;0;0;0;No
52;Male;74;130;75;746;163;681;2577;0;0;0;0;0;No
50;Male;74;125;85;716;152;476;2049;0;0;0;0;0;No
42;Female;90;110;83;736;152;512;2204;0;0;0;0;0;No
30;Female;64;127;74;647;152;481;2071;0;0;0;0;0;No
70;Male;79;151;89;594;157;448;1806;0;0;0;0;0;No
64;Male;75;130;77;1595;157;531;2141;0;0;0;0;0;No
72;Male;75;137;77;644;165;583;2139;0;0;0;0;0;No
30;Male;61;125;77;493;168;560;1993;0;0;0;0;0;No
35;Male;94;136;90;853;168;497;1768;0;0;0;0;0;No
45;Male;79;177;113;717;155;457;1904;0;0;0;0;0;No
40;Male;82;98;66;612;165;460;1688;0;0;0;0;0;No
50;Male;67;118;72;1182;163;452;171;0;0;0;0;0;No
40;Male;89;125;85;92;168;450;1601;0;0;0;0;0;No
50;Male;85;122;72;615;168;495;1761;0;0;0;0;0;No
35;Male;68;114;73;52;163;500;1892;0;0;0;0;0;No
65;Male;90;141;80;734;168;590;2099;0;0;0;0;0;No
55;Male;76;131;90;642;165;600;2201;0;0;0;0;0;No
60;Male;53;116;66;56;157;450;1815;0;0;0;0;0;No
65;Male;54;163;94;403;122;713;4797;0;0;0;0;0;Yes
55;Male;79;127;73;72;157;510;2056;0;0;0;0;0;No
65;Male;69;152;89;831;157;510;2056;0;0;0;0;0;No
38;Female;78;142;102;726;152;580;2497;0;0;0;0;0;No
72;Male;77;128;80;555;163;560;2119;0;0;0;0;0;No
65;Female;83;197;102;531;15;333;1483;0;0;0;0;0;No
45;Male;102;175;117;755;17;710;2452;0;1;0;0;0;No
65;Male;67;107;62;644;152;400;1722;0;0;0;0;0;No
64;Male;54;144;95;756;163;520;1968;0;0;0;0;0;No
30;Female;91;99;71;914;147;480;2212;0;0;0;0;0;No
40;Male;73;136;83;665;17;620;2141;0;0;0;0;0;No
50;Male;71;114;62;793;165;364;1335;0;0;0;0;0;No
50;Male;87;138;98;651;168;455;1619;0;0;0;0;0;No
75;Male;84;162;95;1044;17;516;1782;0;0;0;0;0;No
35;Male;90;103;72;655;168;598;2128;0;0;0;0;0;No
48;Male;72;147;93;868;17;610;2106;0;0;0;0;0;No
44;Female;61;143;83;104;15;496;2209;0;0;0;0;0;No
65;Female;56;171;92;699;152;550;2368;0;1;0;0;0;No
25;Female;60;128;89;603;15;410;1826;0;0;0;0;0;No
34;Female;68;129;86;701;152;520;2239;0;0;0;0;0;No
72;Male;93;129;70;944;168;620;2206;0;0;0;0;0;No
35;Female;100;117;55;742;152;471;2028;0;0;0;0;0;No
33;Male;53;103;63;734;163;452;171;0;0;0;0;0;No
30;Female;84;125;72;813;15;400;1781;0;0;0;0;0;No
65;Male;71;98;68;647;157;466;1879;0;0;0;0;0;No
60;Female;65;150;81;846;15;540;2404;0;0;0;0;0;No
65;Female;74;128;68;649;152;497;214;0;0;0;0;0;No
60;Female;75;138;75;171;152;520;2239;0;0;0;0;0;No
45;Male;114;86;65;69;163;493;1866;0;0;0;0;0;No
65;Male;79;106;57;1032;157;621;2504;0;0;0;0;0;No
80;Male;71;166;105;857;152;556;2394;0;0;0;0;0;No
60;Male;68;196;104;692;16;720;2812;0;1;0;0;0;Yes
35;Female;70;129;80;57;157;590;2379;0;0;0;0;0;No
75;Male;77;125;71;59;152;469;2019;0;0;0;0;0;No
65;Female;83;153;93;832;142;390;1928;0;0;0;0;0;No
38;Female;65;124;79;708;147;432;199;0;0;0;0;0;No
45;Female;68;141;91;571;152;581;2502;0;0;0;0;0;No
50;Female;67;105;62;573;155;547;2279;0;0;0;0;0;No
32;Female;82;104;67;724;147;478;2202;1;0;1;0;0;No
25;Female;78;146;96;716;157;520;2097;0;1;0;0;0;No
45;Male;75;147;96;773;168;650;2313;0;1;0;0;0;Yes
55;Male;76;128;70;631;168;590;2099;0;0;0;0;0;No
35;Male;67;160;93;1463;152;560;2411;0;0;0;0;0;No
41;Female;90;140;82;200;157;500;2028;0;0;0;0;0;Yes
60;Female;83;156;98;120;142;500;248;0;1;0;0;0;Yes
50;Male;78;177;101;68;163;600;2271;0;0;0;0;0;No
41;Female;76;147;91;80;185;640;187;0;1;0;0;0;Yes
51;Female;75;98;58;270;142;500;248;0;0;0;0;0;Yes
51;Male;79;147;96;140;19;620;1717;0;1;0;0;0;Yes
46;Female;69;152;106;70;137;540;2877;0;0;0;0;0;No
35;Female;71;135;84;676;157;720;2903;0;0;0;0;0;No
51;Female;76;145;80;60;137;520;2771;0;1;0;0;0;Yes
31;Female;80;140;79;80;129;500;3005;0;0;0;0;0;No
55;Female;84;125;84;937;152;493;2123;0;0;0;0;0;No
42;Female;88;114;77;753;155;650;2708;0;0;0;0;0;No
70;Female;59;146;85;951;15;450;2004;0;0;0;0;0;Yes
64;Female;61;141;83;673;152;520;2239;0;0;0;0;0;No
30;Female;73;143;83;692;152;520;2239;0;0;0;0;0;No
60;Male;84;158;90;40;147;610;2823;0;1;0;0;0;No
32;Female;74;138;102;627;163;590;2233;0;0;0;0;0;No
34;Male;88;115;82;765;17;622;2148;0;0;0;0;0;No
65;Male;96;137;70;908;152;452;1946;0;0;0;0;0;No
60;Female;74;124;74;903;137;382;2031;0;0;0;0;0;No
23;Female;79;123;81;628;147;488;2249;0;0;0;0;0;No
58;Female;96;124;83;885;155;520;2166;0;0;0;0;0;No
40;Male;78;133;81;696;168;570;2028;0;0;0;0;0;No
70;Male;81;106;59;1721;165;520;1908;0;1;0;0;0;No
50;Male;73;179;109;614;142;520;257;0;0;0;0;0;No
55;Male;74;102;65;1062;16;470;1835;0;0;0;0;0;No
63;Male;64;181;79;928;157;530;2137;0;0;0;0;0;Yes
45;Male;75;128;77;61;168;602;2142;0;0;0;0;0;No
50;Male;104;122;83;81;163;711;2691;0;0;0;0;0;No
65;Male;86;205;119;636;155;510;2124;0;0;0;0;0;No
36;Male;82;111;67;75;163;520;1968;0;0;0;0;0;No
50;Female;66;148;89;619;152;480;2067;0;0;0;0;0;No
35;Male;79;101;71;552;165;467;1713;0;0;0;0;0;No
61;Male;71;97;62;694;152;460;1981;0;0;0;0;0;No
35;Male;88;121;90;57;165;440;1614;0;0;0;0;0;No
64;Male;77;117;72;952;168;657;2338;0;0;0;0;0;No
55;Male;75;137;85;1121;16;580;2265;0;0;0;0;0;No
51;Male;102;118;65;621;165;620;2275;0;0;0;0;0;No
70;Male;113;129;81;102;17;630;2175;0;0;0;0;0;No
46;Female;72;119;69;625;152;500;2153;0;0;0;0;0;No
40;Female;82;133;86;82;15;567;2525;0;0;0;0;0;No
30;Female;90;129;91;79;157;580;2339;0;0;0;0;0;No
55;Female;93;134;79;642;15;550;2449;0;0;0;0;0;No
25;Male;88;126;84;1106;163;731;2766;1;0;1;0;0;No
55;Female;70;181;106;674;15;530;236;0;0;0;0;0;No
48;Female;72;138;86;699;152;577;2484;0;0;0;0;0;No
33;Female;100;107;73;658;152;460;1981;0;0;0;0;0;No
63;Male;67;193;107;130;157;420;1704;0;0;0;0;0;Yes
70;Male;72;186;102;47;168;660;2348;0;0;0;0;0;No
70;Female;82;134;82;236;152;520;2239;0;0;0;0;0;No
32;Female;70;128;80;513;15;480;2137;0;0;0;0;0;No
37;Male;84;115;77;531;16;550;2148;0;0;0;0;0;No
60;Male;67;122;80;656;16;580;2265;0;0;0;0;0;No
45;Male;70;128;83;523;16;510;1992;0;0;0;0;0;No
40;Male;64;101;69;642;157;560;2258;0;0;0;0;0;No
30;Male;73;128;80;1324;17;580;2003;0;0;0;0;0;No
68;Male;57;115;71;445;165;500;1834;0;0;0;0;0;No
38;Male;68;118;71;548;163;450;1703;0;0;0;0;0;No
32;Male;68;119;78;1206;165;520;1908;0;0;0;0;0;No
30;Male;71;105;71;629;165;510;1871;0;0;0;0;0;No
35;Male;85;124;79;936;168;801;285;0;0;0;0;0;No
48;Female;76;102;64;794;16;523;2042;0;0;0;0;0;No
35;Male;64;138;79;633;165;517;1897;0;0;0;0;0;No
45;Male;72;117;84;646;168;620;2206;0;0;0;0;0;No
55;Male;72;138;85;946;165;500;1834;0;0;0;0;0;No
40;Male;63;114;76;781;163;470;1779;0;0;0;0;0;No
45;Male;83;133;69;1225;152;570;2454;0;0;0;0;0;No
45;Male;73;113;69;519;165;547;2007;0;0;0;0;0;No
54;Male;72;126;77;332;16;526;2054;0;0;0;0;0;No
40;Male;79;106;74;648;165;556;204;0;0;0;0;0;No
64;Male;116;131;89;1096;165;523;1919;0;0;0;0;0;No
35;Male;72;106;71;849;165;490;1798;0;0;0;0;0;No
45;Male;70;102;61;582;165;511;1875;0;0;0;0;0;No
30;Female;77;146;96;491;157;590;2379;0;0;0;0;0;No
32;Female;80;111;60;694;152;460;1981;1;0;1;0;0;No
50;Male;89;111;78;1325;168;461;164;0;0;0;0;0;No
58;Male;89;105;86;941;165;440;1614;0;0;0;0;0;No
70;Male;68;168;100;689;168;524;1865;0;1;0;0;0;No
40;Male;98;120;81;646;168;480;1708;0;0;0;0;0;No
40;Male;75;134;84;522;17;621;2144;0;0;0;0;0;No
50;Male;70;128;81;901;165;526;193;0;0;0;0;0;No
80;Female;60;149;80;761;157;394;1589;0;1;0;0;0;No
78;Male;60;145;63;801;163;664;2513;0;0;0;1;0;No
72;Female;65;144;85;798;14;652;3341;0;0;0;0;0;No
25;Female;91;127;78;661;157;630;254;0;0;0;0;0;No
60;Male;57;141;85;716;152;470;2024;0;0;0;0;0;No
38;Male;56;130;72;587;163;608;2301;0;0;0;0;0;No
35;Male;78;101;69;606;165;492;1805;0;0;0;0;0;No
45;Male;76;133;72;1062;152;420;1808;0;0;0;0;0;No
30;Male;83;123;64;763;165;530;1944;0;0;0;0;0;No
50;Male;51;135;77;642;165;520;1908;0;0;0;0;0;No
48;Male;76;129;58;892;165;455;1669;0;0;0;0;0;No
45;Male;93;159;71;618;165;420;1541;0;0;0;0;0;No
30;Male;78;124;74;746;168;600;2135;0;0;0;0;0;No
58;Male;74;119;79;895;17;530;183;0;0;0;0;0;No
45;Male;76;125;67;481;152;415;1787;0;0;0;0;0;No
54;Male;58;126;72;658;168;673;2395;0;0;0;0;0;No
48;Male;65;127;83;51;168;523;1861;0;1;0;0;0;No
52;Male;86;128;82;721;165;490;1798;0;0;0;0;0;No
50;Male;70;113;68;628;165;458;168;0;0;0;0;0;No
38;Male;71;155;98;67;165;450;1651;0;0;0;0;0;No
45;Female;71;132;80;1021;157;520;2097;0;0;0;0;0;No
32;Female;106;131;114;100;157;730;2962;0;0;0;0;0;No
50;Female;84;174;106;70;152;580;251;0;0;0;0;0;No
28;Female;98;181;92;0;152;550;2381;0;0;0;0;0;No
27;Female;90;134;84;60;165;900;3306;0;0;0;0;0;No
45;Female;71;149;82;502;152;520;2239;0;0;0;0;0;No
55;Male;101;160;93;527;145;576;2748;0;1;0;0;0;Yes
40;Male;76;126;71;479;16;620;2421;0;0;0;0;0;No
60;Male;74;150;93;669;155;501;2087;0;1;0;0;0;No
35;Male;58;155;74;671;152;400;1722;0;0;0;0;0;No
50;Female;82;105;72;563;157;580;2339;0;0;0;0;0;No
70;Male;79;130;75;471;152;420;1808;0;0;0;0;0;No
65;Male;97;98;67;838;145;480;229;0;0;0;0;0;No
45;Male;70;159;92;77;16;650;2538;0;0;0;0;0;No
65;Female;66;126;73;546;14;320;164;0;0;0;0;0;No
60;Male;88;146;86;1198;155;551;2295;0;0;0;0;0;No
70;Male;97;136;83;1059;152;600;2583;0;0;0;0;0;No
35;Male;87;110;76;616;16;450;1757;0;0;0;0;0;No
61;Male;104;103;83;744;168;630;2242;0;0;0;0;0;No
60;Male;65;170;92;659;163;411;1555;0;0;0;0;0;No
25;Female;60;142;82;698;152;480;2067;0;0;0;0;0;No
52;Male;77;104;62;654;142;390;1928;0;0;0;0;0;No
55;Female;100;124;83;886;152;507;2183;0;0;0;0;0;No
50;Female;79;146;91;831;157;520;2097;0;0;0;0;0;No
42;Male;67;156;108;1179;165;640;2348;0;0;0;0;0;No
65;Female;83;168;86;1548;152;570;2454;0;0;0;0;0;No
50;Female;60;120;74;641;152;490;211;0;0;0;0;0;No
30;Female;108;125;96;2359;152;520;2239;0;0;0;0;0;Yes
35;Female;129;106;75;2808;152;428;1843;0;0;0;0;0;No
50;Male;102;143;86;692;152;564;2428;0;0;0;0;0;No
36;Female;62;123;79;679;152;528;2273;0;0;0;0;0;No
55;Female;76;159;77;597;155;678;2824;0;0;0;0;0;No
35;Female;90;90;57;682;142;580;2867;0;0;0;0;0;No
40;Female;71;145;80;819;147;497;229;0;0;0;0;0;No
32;Female;77;161;81;761;152;600;2583;0;0;0;0;0;No
45;Female;64;115;71;764;147;490;2258;0;0;0;0;0;No
50;Male;77;101;64;646;152;567;2441;0;0;0;0;0;No
57;Male;99;124;85;804;152;645;2777;0;1;0;0;1;No
50;Female;81;129;112;626;152;513;2209;0;0;0;0;0;No
65;Female;66;154;89;613;152;444;1912;0;1;0;0;0;No
45;Female;67;136;86;707;157;350;1411;0;0;0;0;0;No
50;Female;53;119;74;918;152;520;2239;0;0;0;0;0;No
70;Female;65;189;100;585;14;369;1891;0;1;0;1;0;No
65;Male;51;199;105;462;16;494;1929;0;0;0;0;0;No
50;Male;69;116;69;574;152;420;1808;0;0;0;0;0;No
45;Female;62;137;88;913;157;520;2097;0;0;0;0;0;No
55;Male;64;136;77;581;165;507;186;0;0;0;0;0;No
70;Male;52;209;119;628;152;686;2954;0;1;0;0;0;No
45;Female;52;164;88;646;152;627;270;0;0;0;0;0;No
50;Female;74;171;92;1019;15;472;2102;0;0;0;0;0;Yes
31;Female;65;154;96;814;16;752;2937;0;0;0;0;0;No
50;Female;80;159;102;797;145;340;1622;0;0;0;0;0;No
30;Male;74;130;85;543;165;580;2128;0;0;0;0;0;No
50;Male;81;126;68;747;165;590;2165;0;0;0;0;0;No
40;Male;62;126;77;578;165;590;2165;0;0;0;0;0;No
40;Female;77;115;75;616;147;420;1935;0;0;0;0;0;No
32;Female;80;150;92;509;155;520;2166;0;0;0;0;0;No
30;Female;77;131;96;685;163;700;2649;0;0;0;0;0;No
50;Female;81;147;76;838;155;580;2416;0;0;0;0;0;No
30;Female;80;117;71;643;147;420;1935;0;0;0;0;0;No
55;Female;75;137;77;60;152;520;2239;0;0;0;0;0;No
52;Female;85;124;76;775;145;454;2166;0;0;0;0;0;No
33;Male;76;120;78;564;163;479;1813;1;0;1;0;0;No
26;Female;70;126;76;616;152;496;2136;0;0;0;0;0;No
30;Female;81;119;66;554;15;393;175;0;0;0;0;0;No
48;Male;83;117;81;659;157;602;2427;0;0;0;0;0;No
80;Female;63;148;78;582;145;303;1446;0;0;0;0;0;No
27;Female;76;140;118;1019;157;600;2419;1;0;1;0;0;No
23;Female;88;99;67;641;152;460;1981;1;0;1;0;0;No
70;Female;79;149;88;676;147;378;1742;0;0;0;0;0;No
30;Female;84;127;74;814;147;420;1935;0;0;0;0;0;No
35;Female;66;147;83;696;15;658;293;0;0;0;0;0;No
30;Male;82;136;98;1449;163;660;2498;1;0;1;0;0;No
30;Female;82;124;76;58;147;585;2695;0;0;0;0;0;No
50;Female;59;142;78;808;157;560;2258;0;0;0;0;0;No
42;Female;65;126;75;608;147;477;2198;0;0;0;0;0;No
48;Female;76;128;84;593;16;632;2468;0;0;0;0;0;No
70;Female;78;166;85;898;15;450;2004;0;0;0;0;0;No
60;Female;107;128;75;1214;147;440;2027;0;0;0;0;0;Yes
45;Female;81;120;67;59;152;540;2325;0;0;0;0;0;No
50;Female;43;150;107;538;152;551;2372;0;0;0;0;0;No
50;Female;79;120;65;646;152;605;2605;0;0;0;0;0;No
75;Female;88;165;85;563;122;256;1722;0;0;0;0;0;No
32;Female;61;161;91;1145;155;773;322;0;0;0;0;0;No
45;Female;70;139;92;70;152;580;2497;0;0;0;0;0;No
35;Female;82;117;76;763;152;610;2626;0;0;0;0;0;No
22;Female;100;110;59;809;152;463;1993;1;0;1;0;0;No
50;Female;86;124;77;1008;152;580;2497;0;0;0;0;0;No
50;Female;75;130;91;705;152;450;1938;0;1;0;0;0;No
60;Female;75;131;72;776;152;450;1938;0;0;0;0;0;No
52;Female;77;134;93;517;152;440;1894;0;0;0;0;0;No
40;Female;82;120;74;844;155;500;2083;0;0;0;0;0;No
45;Female;82;124;87;61;152;740;3186;0;0;0;0;0;No
30;Male;72;115;69;682;173;606;2031;1;0;1;0;0;No
80;Female;95;181;99;676;155;400;1666;0;0;0;0;0;No
25;Female;66;133;82;642;15;480;2137;0;0;0;0;0;No
65;Female;76;128;72;817;152;490;211;0;0;0;0;0;No
55;Male;81;144;84;776;152;600;2583;0;0;0;0;0;No
50;Female;58;167;96;649;155;744;3099;0;1;0;1;0;No
55;Female;79;159;89;732;152;380;1636;0;0;0;0;0;No
26;Female;92;110;84;574;152;402;1731;0;0;0;0;0;No
60;Female;71;193;79;587;152;450;1938;0;0;0;0;0;No
50;Female;73;157;105;581;152;380;1636;0;0;0;0;0;No
80;Female;70;182;75;789;142;450;2224;0;1;0;0;0;No
45;Female;87;116;77;706;157;500;2016;0;0;0;0;0;No
45;Female;92;135;93;634;152;520;2239;0;0;0;0;0;No
40;Female;76;127;71;575;152;625;2691;0;0;0;0;0;No
35;Female;67;118;58;666;142;322;1592;0;0;0;0;0;No
35;Female;69;148;94;1079;155;808;3366;0;0;0;0;0;No
40;Female;74;126;75;739;157;560;2258;0;0;0;0;0;No
70;Male;94;129;73;1512;165;620;2275;0;1;0;0;0;No
50;Female;91;138;96;946;152;580;2497;0;0;0;0;0;No
50;Female;68;164;94;782;152;474;2041;0;0;0;0;0;No
28;Female;76;126;92;468;15;590;2627;0;0;0;0;0;No
58;Male;75;141;78;858;16;465;1816;0;0;0;0;0;No
65;Female;56;180;85;58;152;564;2428;0;0;0;0;0;No
35;Male;57;134;88;504;157;578;2331;1;0;1;0;0;No
24;Female;88;127;75;568;157;520;2097;0;0;0;0;0;No
30;Female;72;112;78;663;152;570;2454;0;0;0;0;0;No
80;Male;69;193;106;852;147;415;1912;0;0;0;0;0;No
75;Female;85;171;87;728;15;410;1826;0;0;0;0;0;No
70;Female;90;148;87;917;147;420;1935;0;1;0;0;0;Yes
59;Female;73;99;72;606;152;480;2067;0;0;0;0;0;No
30;Female;63;124;79;847;145;440;2099;0;0;0;0;0;No
60;Female;68;167;86;664;145;460;2195;0;0;0;0;0;No
35;Female;86;111;74;63;152;510;2196;0;0;0;0;0;No
35;Female;75;115;60;438;155;557;232;0;0;0;0;0;No
25;Female;80;123;74;979;152;550;2368;0;0;0;0;0;No
50;Female;72;143;82;696;157;523;2109;0;0;0;0;0;No
40;Female;71;168;90;625;145;608;2901;0;0;0;0;0;No
42;Female;82;143;101;973;152;591;2545;0;0;0;0;0;No
30;Female;87;98;67;753;147;350;1613;0;0;0;0;0;No
35;Female;73;127;71;679;152;432;186;0;0;0;0;0;No
55;Female;62;158;109;803;15;440;1959;0;0;0;0;0;No
50;Female;81;131;81;586;152;520;2239;0;0;0;0;0;No
39;Female;83;99;67;779;147;544;2507;0;0;0;0;0;No
32;Female;69;152;83;527;15;432;1924;0;0;0;0;0;No
30;Female;93;118;81;59;155;470;1958;1;0;1;0;0;No
40;Male;79;95;69;733;157;550;2218;0;0;0;0;0;No
35;Female;81;103;68;794;132;450;258;0;0;0;0;0;No
30;Male;83;123;69;663;157;490;1976;0;0;0;0;0;No
45;Male;61;179;117;678;163;550;2081;0;1;0;0;1;No
59;Male;83;127;85;555;173;590;1978;0;1;0;0;0;No
30;Male;83;116;67;62;157;570;2298;0;0;0;0;0;No
46;Female;104;100;59;120;157;30;122;0;0;0;0;0;No
55;Female;100;128;85;70;157;520;211;0;0;0;0;0;No
35;Male;64;125;68;755;155;520;2166;0;0;0;0;0;No
32;Male;74;120;74;528;163;747;2827;0;0;0;0;0;No
45;Female;79;111;70;705;152;429;1847;0;0;0;0;0;No
40;Female;54;142;78;603;152;420;1808;0;0;0;0;0;No
27;Female;84;127;78;717;147;492;2267;0;0;0;0;0;No
65;Male;50;159;89;845;16;650;2538;0;1;0;0;0;No
37;Male;88;127;87;626;168;560;1993;0;0;0;0;0;No
30;Female;91;123;81;738;155;530;2208;0;0;0;0;0;No
50;Male;67;129;80;1029;16;568;2218;0;1;0;0;0;No
45;Female;74;147;111;658;145;721;344;0;0;0;0;0;No
70;Female;62;153;71;641;13;507;3021;0;1;0;0;0;No
52;Male;75;159;92;819;163;511;1934;0;1;0;1;0;Yes
45;Female;66;142;92;679;15;720;3206;0;1;0;0;0;No
46;Female;70;163;100;57;145;510;2433;0;1;0;0;0;No
70;Female;66;148;86;61;145;338;1612;0;0;0;0;0;No
35;Female;71;130;83;901;155;457;1904;0;0;0;0;0;No
21;Female;107;122;80;749;16;720;2812;0;0;0;0;0;No
56;Female;63;138;70;1878;152;380;1636;0;1;0;0;0;No
58;Male;74;120;81;484;16;647;2527;0;0;0;0;0;No
48;Female;55;131;78;71;155;548;2283;0;0;0;0;0;No
39;Female;72;98;62;546;145;343;1636;0;0;0;0;0;No
59;Male;78;128;77;839;16;570;2226;0;0;0;0;0;No
53;Male;63;129;63;986;152;440;1894;0;0;0;0;0;No
35;Male;70;122;87;721;157;650;2621;1;0;1;0;0;No
51;Female;57;121;78;607;157;426;1718;0;0;0;0;0;No
34;Female;61;134;83;996;155;461;192;0;0;0;0;0;No
65;Male;69;111;64;94;152;442;1903;0;0;0;0;0;No
50;Female;89;130;89;84;152;541;2329;0;0;0;0;0;No
32;Female;84;134;93;705;157;510;2056;0;0;0;0;0;No
60;Female;76;108;63;825;15;450;2004;0;0;0;0;0;No
50;Female;65;184;119;788;152;695;2992;0;0;0;0;0;Yes
50;Female;53;128;70;589;165;521;1911;0;0;0;0;0;No
30;Female;83;110;78;603;163;477;1805;0;0;0;0;0;No
32;Female;85;128;82;1143;15;450;2004;0;0;0;0;0;No
32;Female;84;117;70;591;152;633;2725;0;0;0;0;0;No
60;Female;71;160;93;539;147;412;1898;0;0;0;0;0;No
60;Female;63;190;99;516;152;400;1722;0;1;0;0;0;No
25;Female;95;129;73;599;16;750;2929;0;0;0;0;0;No
62;Male;56;172;95;766;163;630;2384;0;1;0;0;0;No
50;Female;87;154;90;120;155;397;1654;0;0;0;1;0;No
60;Female;103;119;75;1854;16;690;2695;0;0;0;0;0;Yes
37;Male;83;123;87;452;165;586;215;1;0;1;0;0;No
55;Male;66;122;65;634;183;830;2482;0;0;0;0;0;No
45;Female;77;148;86;701;157;450;1815;0;0;0;0;0;No
50;Female;75;149;92;557;142;450;2224;0;0;0;0;0;No
45;Male;61;143;79;679;163;618;2339;0;0;0;0;0;No
35;Female;65;122;78;577;155;506;2108;0;0;0;0;0;No
40;Female;80;151;85;598;15;471;2097;0;0;0;0;0;No
40;Male;76;120;75;557;157;500;2016;0;0;0;0;0;No
33;Male;78;126;87;1332;163;720;2725;0;0;0;0;0;No
60;Female;66;139;79;673;155;471;1962;0;0;0;0;0;No
30;Female;86;122;83;729;155;900;3749;0;0;0;0;0;No
80;Male;58;161;76;639;152;426;1834;0;0;0;0;0;No
75;Female;72;132;87;517;152;469;2019;0;0;0;0;0;No
45;Female;89;122;85;565;145;380;1813;0;0;0;0;0;No
63;Female;81;186;100;691;155;608;2533;0;1;0;0;0;No
55;Female;54;163;87;702;155;501;2087;0;0;0;0;0;No
55;Female;60;122;73;724;152;551;2372;0;0;0;0;0;No
60;Male;75;130;90;67;155;651;2712;0;0;0;0;0;No
25;Female;77;145;109;682;137;490;2605;0;0;0;0;0;No
39;Female;74;105;75;758;15;470;2093;0;0;0;0;0;No
44;Female;84;156;99;871;135;490;2704;0;0;0;0;0;No
48;Female;89;116;79;753;142;420;2076;0;0;0;0;0;No
64;Male;61;161;77;756;173;540;181;0;0;0;0;0;No
58;Female;74;135;98;607;145;400;1908;0;0;0;0;0;No
25;Female;80;128;85;674;147;490;2258;0;0;0;0;0;No
40;Female;83;176;108;669;147;500;2304;0;0;0;0;0;No
30;Male;55;125;70;645;163;442;1673;0;0;0;0;0;No
65;Female;74;114;71;586;145;432;2061;0;0;0;0;0;No
70;Female;71;167;83;801;147;452;2083;0;1;0;0;0;Yes
52;Male;58;114;72;69;163;559;2115;0;0;0;0;0;No
40;Female;80;134;75;1663;152;620;2669;0;0;0;0;0;Yes
40;Male;65;127;75;805;163;577;2183;0;0;0;0;0;No
36;Female;60;110;66;61;147;441;2032;0;0;0;0;0;No
60;Male;72;149;89;76;163;561;2123;0;0;0;0;0;No
60;Female;89;158;106;767;155;438;1825;0;0;0;0;0;No
58;Male;72;146;89;1499;168;795;2829;0;1;0;0;0;Yes
45;Female;64;111;70;741;163;570;2157;0;0;0;0;0;No
40;Female;76;121;78;691;163;597;2259;0;0;0;0;0;No
32;Female;90;106;74;802;157;572;2306;0;0;0;0;0;No
23;Female;96;111;71;804;16;640;2499;1;0;1;0;0;No
50;Male;61;156;81;637;152;500;2153;0;0;0;0;0;No
24;Female;86;104;72;579;122;400;2691;0;0;0;0;0;No
48;Female;73;125;84;703;152;550;2368;0;0;0;0;0;No
40;Female;84;143;85;889;152;430;1851;0;0;0;0;0;No
25;Female;78;128;79;642;152;550;2368;0;0;0;0;0;No
40;Female;65;111;65;822;15;480;2137;0;0;0;0;0;No
61;Female;98;138;95;806;15;380;1692;0;0;0;0;0;No
25;Female;98;147;100;544;152;573;2467;0;0;0;0;0;No
50;Female;80;115;72;591;15;440;1959;0;0;0;0;0;No
55;Female;63;154;90;797;152;451;1942;0;0;0;0;0;No
32;Female;80;128;85;634;15;410;1826;0;0;0;0;0;No
28;Female;71;128;75;939;152;587;2527;0;0;0;0;0;No
32;Female;77;112;71;699;152;698;3005;0;0;0;0;0;No
48;Male;92;139;92;1005;173;735;2464;0;1;0;0;0;No
42;Female;72;103;66;1022;16;764;2984;0;0;0;0;0;No
50;Female;68;161;89;837;152;453;195;0;1;0;0;0;No
35;Female;68;129;89;774;157;600;2419;0;0;0;0;0;No
51;Female;82;140;80;816;15;467;2079;0;0;0;0;0;No
50;Female;82;143;84;611;155;458;1908;0;1;0;0;0;No
27;Female;80;123;79;666;157;481;194;1;0;1;0;0;No
33;Female;81;104;80;60;147;590;273;0;0;0;0;0;No
41;Female;133;125;76;130;147;600;2777;0;0;0;1;0;No
75;Female;68;143;79;568;147;378;1742;0;0;0;0;0;No
48;Female;61;159;85;798;155;567;2362;0;0;0;0;0;No
38;Female;81;96;68;90;144;660;3183;0;0;0;0;0;No
45;Female;72;142;79;693;157;550;2218;0;0;0;0;0;No
60;Female;71;153;83;897;157;550;2218;0;0;0;0;0;No
60;Male;65;153;88;1066;157;516;2081;0;0;0;0;0;No
60;Female;72;139;72;578;15;521;232;0;0;0;0;0;No
26;Female;67;120;84;482;152;659;2837;0;0;0;0;0;No
55;Female;75;149;102;899;152;501;2157;0;0;0;0;0;No
60;Female;86;160;86;873;152;467;2011;0;0;0;0;0;No
70;Male;68;196;93;782;155;392;1633;0;0;0;0;0;No
59;Male;91;158;82;712;155;607;2528;0;0;0;0;0;No
25;Female;86;118;64;627;16;745;2909;0;0;0;0;0;No
61;Male;75;121;81;765;165;572;2098;0;0;0;0;0;No
54;Male;76;131;79;765;168;530;1886;0;0;0;0;0;No
50;Female;73;150;99;719;155;550;2291;0;0;0;0;0;No
56;Female;82;135;113;563;144;550;2671;0;0;0;0;0;No
40;Male;92;173;107;72;168;620;2206;0;1;0;0;0;No
40;Male;77;155;90;67;155;557;232;0;0;0;0;0;No
56;Male;61;167;73;867;157;570;2298;0;0;0;0;0;No
35;Male;100;121;76;732;163;540;2043;0;0;0;0;0;No
52;Male;72;182;114;651;15;373;1661;0;0;0;0;0;No
59;Male;83;134;87;69;163;720;2725;0;0;0;0;0;No
32;Male;70;130;77;656;157;510;2056;0;0;0;0;0;No
40;Female;72;104;64;493;16;643;2511;0;0;0;0;0;No
40;Female;88;156;82;897;163;517;1956;0;1;0;0;0;Yes
65;Male;62;136;85;772;165;600;2201;0;0;0;0;0;No
60;Female;84;172;99;2491;155;543;2262;0;0;0;0;0;Yes
32;Male;90;170;99;639;155;580;2416;0;1;0;0;0;No
35;Female;90;138;99;687;152;540;2325;0;0;0;0;0;No
40;Male;81;122;82;62;157;690;2782;0;0;0;0;0;No
33;Female;73;137;81;519;155;630;2624;0;0;0;0;0;No
51;Male;73;142;88;793;163;621;235;0;0;0;0;0;No
23;Female;98;151;77;120;162;560;2134;0;0;0;0;0;No
60;Female;67;142;82;90;165;550;202;0;1;0;0;0;Yes
55;Female;56;169;103;100;165;560;2057;0;1;0;0;0;Yes
22;Female;63;119;67;50;16;560;2188;0;0;0;0;0;No
50;Female;81;145;89;250;16;450;1758;0;1;0;0;0;Yes
39;Female;100;129;95;80;157;450;1826;0;0;0;0;0;No
46;Female;75;110;69;190;16;550;2148;0;0;0;0;0;No
35;Female;71;95;55;70;154;440;1855;0;0;0;0;0;Yes
35;Female;85;122;80;100;16;450;1758;0;0;0;0;0;No
58;Female;82;140;117;150;162;670;2553;0;1;0;0;0;Yes
42;Female;92;148;91;170;157;450;1826;0;1;0;0;0;Yes
59;Female;64;139;82;541;152;585;2519;0;0;0;0;0;No
50;Female;73;154;86;599;152;450;1938;0;0;0;0;0;No
55;Female;78;124;86;60;16;450;1758;0;0;0;0;0;No
44;Female;68;119;78;1215;152;498;2144;0;0;0;0;0;No
70;Female;77;177;91;563;147;410;1889;0;0;0;0;0;No
25;Male;91;157;109;848;163;669;2532;1;0;1;0;0;No
45;Female;61;175;96;659;15;485;216;0;0;0;0;0;No
67;Female;64;206;91;70;154;390;1644;0;0;0;0;0;No
45;Female;90;145;85;100;157;550;2231;0;1;0;0;0;Yes
22;Female;90;130;85;448;15;696;3099;0;0;0;0;0;No
40;Female;85;139;83;634;155;384;160;0;0;0;0;0;No
35;Female;82;126;81;704;152;522;2248;0;0;0;0;0;No
50;Male;76;112;59;916;165;492;1805;0;0;0;0;0;No
26;Male;75;130;81;787;17;899;3104;0;0;0;0;0;No
55;Female;59;163;87;522;152;530;2282;0;0;0;0;0;No
40;Female;78;113;77;743;15;476;212;0;0;0;0;0;No
50;Female;82;197;115;833;152;500;2153;0;1;0;0;0;No
27;Female;74;121;79;448;157;954;3847;0;0;0;0;0;No
58;Male;64;164;104;597;163;661;2501;0;0;0;0;0;No
58;Female;76;165;101;649;15;689;3068;0;0;0;0;0;No
22;Female;72;132;76;574;155;651;2712;1;0;1;0;0;No
30;Female;68;119;67;592;163;628;2376;1;0;1;0;0;No
72;Male;54;116;67;751;16;683;2667;0;0;0;0;0;No
60;Male;90;120;79;57;16;458;1789;0;0;0;0;0;No
35;Male;74;139;91;57;178;807;2553;0;0;0;0;0;No
61;Female;77;95;68;1031;155;598;2491;0;0;0;0;0;No
48;Male;68;173;105;90;16;544;2124;0;1;0;0;0;Yes
35;Female;64;135;91;996;155;582;2424;0;0;0;0;0;No
65;Female;68;157;77;754;152;524;2256;0;0;0;0;0;No
35;Female;103;132;88;1809;155;447;1862;0;0;0;0;0;No
67;Female;96;190;107;90;16;600;2344;0;1;0;1;0;No
33;Female;81;122;81;49;157;541;2181;0;0;0;0;0;No
60;Male;86;140;90;569;145;645;3077;0;0;0;0;0;No
58;Male;84;129;91;709;155;427;1779;0;0;0;0;0;No
63;Male;88;117;72;926;163;711;2691;0;0;0;1;0;No
40;Male;90;160;92;563;145;767;3659;0;0;0;0;0;No
54;Male;65;126;68;676;157;441;1778;0;0;0;0;0;No
40;Male;78;175;94;896;168;573;2039;0;0;0;0;0;No
52;Female;68;111;68;785;142;492;2432;0;0;0;0;0;No
35;Male;68;103;65;801;168;599;2131;1;0;1;0;0;No
25;Female;85;122;84;764;152;705;3035;0;0;0;0;0;No
31;Male;70;145;102;1133;173;756;2534;0;0;0;0;0;No
40;Male;78;103;71;698;152;400;1722;0;0;0;0;0;No
25;Female;82;124;89;1234;147;539;2484;0;0;0;0;0;Yes
35;Female;74;119;71;70;157;469;1891;0;0;0;0;0;No
25;Female;70;130;98;615;152;582;2506;1;0;1;0;0;No
46;Male;53;146;87;711;157;664;2677;0;0;0;0;0;No
60;Male;85;129;85;804;152;560;2411;0;0;0;0;0;No
40;Female;71;139;85;651;152;424;1826;0;0;0;0;0;No
40;Female;88;126;84;77;152;457;1968;0;0;0;0;0;No
50;Female;81;122;71;844;145;562;2681;0;0;0;0;0;No
55;Male;66;90;52;80;155;481;2004;0;0;0;0;0;No
38;Female;75;134;101;617;124;462;2983;0;0;0;0;0;No
55;Male;61;172;84;611;142;406;2007;0;0;0;0;0;No
50;Female;52;172;92;739;147;375;1728;0;0;0;0;0;No
32;Male;68;130;78;912;155;596;2483;0;0;0;0;0;No
42;Female;77;142;84;825;155;680;2833;0;0;0;0;0;No
74;Male;54;128;88;498;152;620;2669;0;1;0;1;0;Yes
60;Female;57;149;96;47;142;586;2896;0;0;0;0;0;No
30;Female;81;100;68;568;152;514;2213;0;0;0;0;0;No
60;Female;59;195;110;55;122;360;2422;0;0;0;0;0;No
39;Female;64;126;77;524;157;368;1484;0;0;0;0;0;No
50;Female;83;134;72;569;152;608;2618;0;0;0;0;0;No
59;Male;75;125;84;521;163;520;1968;0;0;0;0;0;No
50;Female;55;150;95;728;15;511;2275;0;1;0;0;0;Yes
45;Female;76;158;101;785;155;571;2379;0;0;0;0;0;No
80;Female;62;182;105;517;145;416;1985;0;1;0;0;0;Yes
35;Female;59;148;86;142;14;700;3587;0;0;0;0;0;No
45;Female;68;157;91;537;152;710;3057;1;1;1;0;0;No
54;Male;65;138;77;994;16;684;2671;0;0;0;0;0;No
45;Female;64;178;91;554;152;441;1899;0;1;0;0;0;No
70;Female;72;163;90;678;157;564;2274;0;1;0;0;0;No
56;Male;76;131;96;773;155;516;2149;0;0;0;0;0;No
35;Female;73;147;108;719;152;450;1938;0;0;0;0;0;No
25;Female;77;113;69;545;152;570;2454;1;0;1;0;0;No
50;Male;85;121;79;486;16;545;2128;0;0;0;0;0;No
24;Male;89;116;73;758;163;535;2025;0;0;0;0;0;No
55;Female;75;130;67;766;155;470;1958;0;1;0;0;0;No
41;Female;38;112;74;584;152;466;2006;0;0;0;0;0;No
55;Male;69;164;96;692;152;564;2428;0;0;0;0;0;No
48;Female;72;136;82;636;155;627;2612;0;0;0;0;0;No
45;Female;72;115;77;693;157;499;2012;0;0;0;0;0;No
55;Male;72;136;96;887;16;532;2078;0;0;0;0;0;No
65;Male;77;166;87;1396;16;580;2265;0;1;0;0;0;Yes
58;Female;85;149;96;936;15;599;2667;0;1;0;0;0;No
59;Female;76;158;94;701;155;569;237;0;1;0;0;0;No
69;Female;56;192;87;584;152;380;1636;0;1;0;0;0;No
30;Female;91;121;71;766;142;405;2002;0;0;0;0;0;No
72;Female;90;153;85;949;14;497;2547;0;1;0;0;0;No
70;Male;54;151;86;62;15;410;1826;0;0;0;0;0;No
55;Male;87;116;71;93;168;503;179;0;0;0;0;0;No
45;Male;73;137;93;75;152;691;2975;1;1;1;0;0;No
36;Female;94;115;75;19;152;554;2385;0;0;0;0;0;No
60;Female;81;126;72;561;15;413;1839;0;0;0;0;0;No
35;Male;55;149;91;605;157;834;3363;0;1;0;1;0;No
25;Female;63;118;78;438;152;581;2502;0;0;0;0;0;No
35;Female;69;125;100;736;157;514;2073;0;0;0;0;0;No
54;Female;76;121;67;631;135;323;1782;0;0;0;0;0;No
40;Female;76;133;90;613;147;396;1825;0;0;0;0;0;No
60;Female;79;107;80;1187;135;346;1909;0;0;0;0;0;No
45;Female;77;110;65;557;152;416;1791;0;0;0;0;0;No
44;Female;50;143;85;975;168;457;1626;0;0;0;0;0;No
34;Female;65;135;80;564;152;564;2428;0;0;0;0;0;No
38;Female;87;122;79;625;152;520;2239;0;0;0;0;0;No
37;Male;65;121;82;804;168;700;2491;0;0;0;0;0;No
30;Female;64;126;73;1148;16;645;2519;0;0;0;0;0;No
52;Male;50;146;85;685;165;491;1801;0;0;0;0;0;No
35;Female;54;123;77;637;145;412;1966;0;0;0;0;0;No
50;Male;63;197;92;57;163;540;2043;0;0;0;0;0;No
60;Female;66;125;86;736;15;416;1852;0;0;0;0;0;No
46;Female;84;118;74;596;152;467;2011;0;0;0;0;0;No
67;Male;64;125;76;815;157;484;1952;0;0;0;0;0;No
64;Female;58;149;90;681;152;514;2213;0;0;0;0;0;No
32;Female;81;134;84;514;155;754;3141;0;0;0;0;0;No
70;Male;62;159;87;417;165;580;2128;0;0;0;0;0;No
38;Male;79;93;62;943;165;556;204;0;0;0;0;0;No
60;Male;74;125;68;1027;157;450;1815;0;0;0;0;0;No
40;Female;81;130;68;684;15;419;1866;0;0;0;0;0;No
34;Female;80;132;89;526;155;555;2312;0;0;0;0;0;No
50;Female;80;128;69;788;152;460;1981;0;0;0;0;0;No
35;Female;86;128;83;781;16;644;2515;0;0;0;0;0;No
25;Female;89;110;83;741;155;720;2999;0;0;0;0;0;No
27;Female;68;112;70;823;147;612;282;0;0;0;0;0;No
50;Female;88;149;77;2431;16;570;2226;0;0;0;0;0;No
30;Female;66;145;81;753;152;460;1981;0;0;0;0;0;No
24;Female;83;100;69;592;16;577;2253;1;0;1;0;0;No
60;Male;104;110;68;665;165;480;1761;0;0;0;0;0;No
79;Male;84;128;85;554;165;480;1761;0;0;0;0;0;No
43;Female;85;136;85;781;152;450;1938;0;0;0;0;0;No
68;Female;75;144;75;561;147;352;1622;0;1;0;0;0;No
59;Female;61;171;91;644;142;471;2328;0;1;0;0;0;No
50;Female;50;164;110;572;155;451;1879;0;1;0;0;0;No
42;Male;67;131;86;671;163;524;1983;0;0;0;0;0;No
60;Female;80;106;64;695;152;600;2583;0;0;0;0;0;No
43;Male;82;139;84;1436;16;563;2199;0;0;0;0;0;Yes
60;Male;85;89;59;855;168;515;1833;0;0;0;0;0;No
30;Female;83;114;90;619;152;525;226;0;0;0;0;0;No
35;Female;78;128;84;588;157;572;2306;0;0;0;0;0;No
52;Female;77;154;95;548;15;490;2182;0;0;0;0;0;No
30;Female;75;118;69;644;147;438;2018;0;0;0;0;0;No
47;Female;84;126;70;941;152;459;1976;0;0;0;0;0;No
64;Male;73;122;73;601;157;624;2516;0;0;0;0;0;No
59;Male;66;133;79;658;157;417;1681;0;0;0;0;0;No
40;Female;75;150;91;1373;157;574;2315;0;1;0;0;0;No
55;Female;82;191;117;732;152;546;2351;0;1;0;0;0;No
56;Female;86;169;93;677;155;419;1745;0;1;0;0;0;No
62;Female;75;189;100;1373;152;509;2192;0;1;0;0;0;Yes
49;Female;87;138;90;811;157;562;2266;0;1;0;0;0;No
37;Female;72;124;84;643;155;530;2208;0;0;0;0;0;No
35;Female;78;151;96;757;152;520;2239;0;0;0;0;0;No
68;Female;84;224;86;90;147;480;2212;0;1;0;0;0;No
50;Female;82;133;86;703;155;542;2258;0;0;0;0;0;No
60;Male;75;126;61;695;16;434;1695;0;0;0;0;0;No
50;Female;81;131;79;723;147;352;1622;0;0;0;0;0;No
35;Female;77;130;84;674;15;454;2022;0;0;0;0;0;No
30;Female;72;120;75;627;163;620;2346;0;0;0;0;0;No
44;Female;94;102;75;606;155;502;2091;0;0;0;0;0;No
25;Female;76;115;75;502;147;455;2096;0;0;0;0;0;No
30;Female;91;107;71;864;15;360;1603;0;0;0;0;0;No
40;Female;62;134;95;1479;147;500;2304;0;0;0;0;0;No
35;Male;80;125;75;1074;163;546;2066;0;0;0;0;0;No
45;Male;80;118;66;751;15;650;2894;0;0;0;0;0;No
55;Male;78;129;78;839;163;419;1586;0;0;0;0;0;No
67;Male;67;191;93;876;157;669;2698;0;0;0;0;0;No
60;Male;54;118;71;867;155;595;2479;0;0;0;0;0;No
60;Male;95;93;71;861;16;512;200;0;0;0;0;0;No
35;Male;76;113;69;752;16;599;2339;0;0;0;0;0;Yes
45;Female;64;118;73;544;152;455;1959;0;0;0;0;0;No
30;Female;86;125;72;1558;152;568;2446;0;0;0;0;0;No
45;Female;70;126;61;737;152;555;239;0;0;0;0;0;No
30;Female;67;151;88;668;152;490;211;0;0;0;0;0;No
25;Female;74;144;94;1407;152;630;2713;0;0;0;0;0;No
25;Female;62;129;104;622;147;455;2096;0;0;0;0;0;No
45;Female;74;146;95;648;152;552;2377;0;0;0;0;0;No
50;Female;75;138;92;753;147;408;188;0;0;0;0;0;No
58;Male;68;130;71;608;165;653;2396;0;0;0;0;0;No
57;Male;92;124;72;467;152;456;1963;0;0;0;0;0;No
40;Male;91;126;72;1331;16;562;2195;0;0;0;0;0;No
45;Female;89;126;80;574;147;422;1944;0;0;0;0;0;No
60;Female;75;167;117;768;152;410;1765;0;0;0;0;0;No
35;Female;110;144;77;642;155;530;2208;0;0;0;0;0;No
35;Female;79;126;77;725;142;355;1755;0;0;0;0;0;No
35;Female;73;104;67;587;152;410;1765;0;0;0;0;0;No
50;Female;83;130;79;599;163;673;2547;0;0;0;0;0;No
30;Female;51;127;62;649;155;497;207;0;0;0;0;0;No
65;Female;70;129;74;732;145;470;2242;0;0;0;0;0;No
40;Female;80;136;88;634;16;747;2917;0;0;0;0;0;No
30;Female;80;119;71;462;163;674;2551;0;0;0;0;0;No
35;Female;79;120;69;504;157;552;2226;0;0;0;0;0;No
40;Female;91;128;84;822;157;390;1573;0;0;0;0;0;No
60;Female;67;142;69;992;155;475;1979;0;0;0;0;0;No
22;Female;78;126;87;549;152;484;2084;0;0;0;0;0;No
30;Male;67;135;119;638;165;644;2363;0;0;0;0;0;No
60;Female;71;155;87;623;157;550;2218;0;1;0;0;0;No
30;Female;74;133;110;529;155;605;252;0;0;0;0;0;No
45;Female;59;103;72;644;155;541;2254;0;0;0;0;0;No
33;Female;70;142;110;781;152;526;2265;0;0;0;0;0;No
35;Female;75;151;98;1042;155;675;2812;0;0;0;0;0;No
40;Female;80;121;85;545;157;650;2621;0;0;0;1;0;No
60;Female;74;178;101;618;152;460;1981;0;0;0;0;0;No
32;Female;73;97;63;536;152;459;1976;0;0;0;0;0;No
38;Female;79;161;92;775;152;614;2644;0;0;0;0;0;No
25;Female;83;102;57;681;157;576;2323;0;0;0;0;0;No
29;Female;53;119;74;526;16;495;1933;0;0;0;0;0;No
55;Male;74;179;92;631;157;535;2157;0;0;0;0;0;No
50;Female;92;116;67;917;152;421;1813;0;0;0;0;0;No
60;Female;84;124;77;623;152;420;1808;0;0;0;0;0;No
70;Female;67;176;92;618;13;584;348;0;0;0;0;0;No
35;Male;67;127;78;603;168;560;1993;0;0;0;0;0;No
60;Male;75;136;87;906;183;678;2027;0;0;0;0;0;No
60;Female;89;134;102;556;155;510;2124;0;1;0;0;0;No
55;Female;73;152;87;716;155;663;2762;0;0;0;0;0;No
35;Female;91;112;69;638;145;589;281;0;0;0;0;0;No
30;Female;83;147;102;418;15;664;2957;0;0;0;0;0;No
50;Female;97;137;78;1716;16;624;2437;0;0;0;0;0;Yes
79;Male;54;146;84;60;157;467;1883;0;0;0;0;0;No
35;Female;95;140;90;724;155;610;2541;0;1;0;0;0;No
34;Female;75;101;73;624;157;682;275;1;0;1;0;0;No
55;Female;62;157;85;552;155;500;2083;0;1;0;0;0;No
49;Female;74;165;106;821;15;420;187;0;0;0;0;0;No
45;Female;53;131;75;598;152;500;2153;0;0;0;0;0;No
40;Female;80;107;67;488;145;451;2152;0;0;0;0;0;No
55;Female;67;144;113;623;15;374;1665;0;0;0;0;0;No
30;Female;84;122;82;563;16;590;2304;0;0;0;0;0;No
59;Male;76;139;79;509;155;426;1775;0;0;0;0;0;No
50;Female;69;130;80;546;147;408;188;0;0;0;0;0;No
45;Female;70;113;79;83;155;587;2445;0;0;0;0;0;No
55;Male;75;103;68;633;15;450;2004;0;0;0;0;0;No
33;Female;85;126;83;976;152;598;2575;0;0;0;0;0;No
51;Female;81;171;102;136;152;451;1942;1;0;1;0;0;No
69;Male;84;128;77;568;165;379;139;0;0;0;0;0;No
33;Female;93;112;80;912;157;639;2577;0;0;0;0;0;No
32;Female;84;130;95;619;145;612;292;0;0;0;0;0;No
69;Female;99;165;86;2291;152;499;2148;0;1;0;0;0;Yes
40;Female;83;143;81;972;142;424;2096;0;0;0;0;0;No
55;Female;77;119;67;1137;142;440;2175;0;0;0;0;0;No
32;Female;80;121;88;631;142;618;3055;0;0;0;0;0;No
39;Female;109;110;95;698;152;610;2626;1;0;1;0;0;No
30;Female;71;143;72;697;142;480;2372;0;0;0;0;0;No
34;Female;83;132;87;848;152;570;2454;0;0;0;0;0;No
50;Female;88;125;82;617;142;450;2224;0;0;0;0;0;No
42;Female;78;110;68;666;145;454;2166;0;0;0;0;0;No
55;Female;81;137;82;694;152;561;2415;0;0;0;0;0;No
25;Female;75;130;79;628;15;532;2369;0;0;0;0;0;No
70;Female;89;161;89;726;15;341;1518;0;0;0;0;0;No
50;Female;93;121;86;1599;157;530;2137;0;0;0;0;0;No
65;Male;63;168;87;623;157;522;2105;0;1;0;0;0;No
52;Female;65;173;100;1569;142;615;304;0;1;0;0;0;Yes
60;Female;65;178;79;728;157;550;2218;0;0;0;0;0;No
55;Female;88;152;80;2607;147;460;212;0;0;0;0;0;Yes
45;Female;65;175;105;781;147;488;2249;0;0;0;0;0;No
65;Female;70;116;73;726;147;354;1631;0;0;0;0;0;No
40;Male;70;167;103;799;157;720;2903;1;0;1;0;0;No
45;Female;84;132;88;1011;157;700;2823;0;0;0;0;0;No
60;Female;64;176;90;71;145;470;2242;0;0;0;0;0;No
29;Female;73;113;66;85;152;627;270;1;0;1;0;0;No
56;Female;75;147;88;542;145;386;1841;0;0;0;0;0;No
50;Female;66;116;65;1088;145;523;2495;0;0;0;0;0;No
22;Female;112;116;78;495;157;520;2097;0;0;0;0;0;No
30;Female;81;115;70;564;155;579;2412;0;0;0;0;0;No
22;Female;80;153;88;971;152;482;2075;1;0;1;0;0;No
55;Male;70;147;81;724;16;592;2312;0;0;0;0;0;No
60;Female;65;144;74;1034;145;447;2133;0;0;0;0;0;No
60;Female;84;140;78;713;152;550;2368;0;0;0;0;0;No
40;Female;81;134;78;69;15;450;2004;0;0;0;0;0;No
50;Female;72;105;67;535;147;469;2161;0;0;0;0;0;No
25;Female;68;123;83;596;157;551;2222;0;0;0;0;0;No
45;Female;82;130;74;2145;152;550;2368;0;0;0;0;0;No
45;Female;86;111;83;662;152;574;2471;0;0;0;0;0;No
55;Male;85;102;70;524;152;491;2114;0;0;0;0;0;No
45;Male;115;126;86;877;17;722;2493;0;0;0;0;0;No
25;Male;64;103;61;455;155;427;1779;1;0;1;0;0;No
30;Female;89;101;63;743;157;411;1657;0;0;0;0;0;No
24;Female;81;128;86;535;16;663;2589;0;0;0;0;0;No
30;Female;93;110;79;98;15;433;1928;0;0;0;0;0;No
55;Female;79;129;83;698;152;500;2153;0;0;0;0;0;No
50;Female;62;121;66;678;15;435;1937;0;0;0;0;0;No
50;Female;84;125;79;523;157;559;2254;0;0;0;0;0;No
55;Female;88;163;87;645;142;529;2615;0;0;0;0;0;No
65;Female;91;156;92;638;155;499;2079;0;0;0;0;0;No
30;Female;76;91;54;629;145;638;3044;0;0;0;0;0;No
35;Female;96;104;73;675;152;483;208;0;0;0;0;0;No
39;Male;66;122;85;562;183;830;2482;0;0;0;0;0;No
35;Female;86;151;87;82;157;630;254;0;0;0;0;0;No
32;Female;107;130;86;724;15;520;2315;0;0;0;0;0;No
50;Female;87;130;80;752;16;697;2722;0;0;0;0;0;No
26;Female;94;129;80;802;152;560;2411;0;0;0;0;0;No
30;Female;77;118;90;1658;152;480;2067;0;0;0;0;0;No
60;Female;72;176;102;584;152;600;2583;0;1;0;0;0;Yes
55;Female;79;172;80;671;15;480;2137;0;0;0;0;0;No
55;Female;85;128;70;962;152;520;2239;0;0;0;0;0;No
33;Female;86;125;79;67;152;520;2239;0;0;0;0;0;No
28;Female;84;128;87;536;15;480;2137;0;0;0;0;0;No
70;Male;70;154;84;57;173;755;2531;0;0;0;0;0;Yes
32;Female;78;127;88;755;15;450;2004;0;0;0;0;0;No
30;Female;87;140;81;564;157;780;3145;0;0;0;0;0;No
35;Male;85;141;84;573;157;570;2298;1;0;1;0;0;No
56;Female;81;147;80;685;152;560;2411;0;0;0;0;0;No
73;Male;78;134;78;845;16;580;2265;0;0;0;0;0;No
65;Male;74;148;78;58;157;335;1351;0;0;0;0;0;No
29;Male;64;119;69;792;17;711;2455;0;0;0;0;0;No
70;Male;91;110;64;604;157;435;1754;0;0;0;0;0;No
49;Female;70;149;89;697;152;559;2407;0;0;0;0;0;No
70;Male;65;149;98;1043;163;219;829;0;0;0;0;0;No
60;Female;92;154;79;70;152;558;2403;0;0;0;0;0;No
60;Female;74;127;77;1054;145;530;2528;0;0;0;0;0;No
26;Female;94;136;84;891;168;834;2968;0;0;0;0;0;No
72;Female;89;148;85;84;157;560;2258;0;0;0;0;0;No
55;Female;78;129;85;988;157;530;2137;0;0;0;0;0;No
40;Female;103;124;85;713;155;700;2916;0;0;0;0;0;No
42;Male;67;160;96;538;163;804;3042;0;0;0;0;0;No
32;Female;68;167;98;609;157;720;2903;0;0;0;0;0;Yes
35;Female;68;124;76;779;15;520;2315;0;0;0;0;0;No
30;Female;91;116;73;839;152;470;2024;0;0;0;0;0;No
44;Female;113;125;74;904;152;540;2325;0;0;0;0;0;No
21;Female;88;115;64;548;152;500;2153;0;0;0;0;0;No
30;Female;82;126;81;796;15;540;2404;0;0;0;0;0;No
35;Female;79;148;78;839;145;475;2266;0;0;0;0;0;No
32;Female;100;125;78;805;155;852;3549;0;0;0;0;0;No
55;Female;69;118;80;1195;147;353;1626;0;0;0;0;0;No
50;Female;78;125;83;783;157;600;2419;0;0;0;0;0;No
30;Male;81;115;69;555;147;509;2345;0;0;0;0;0;No
35;Female;78;127;82;578;147;433;1995;0;0;0;0;0;No
45;Female;73;119;79;735;163;492;1862;0;0;0;0;0;No
49;Female;81;104;63;509;163;375;1419;0;0;0;0;0;No
50;Female;101;120;88;685;15;456;203;0;0;0;0;0;No
40;Female;77;134;87;571;155;621;2587;0;0;0;0;0;No
47;Female;73;150;94;464;152;430;1851;0;0;0;0;0;No
45;Female;85;130;78;716;152;440;1894;0;0;0;0;0;No
40;Female;80;145;96;493;152;580;2497;0;0;0;0;0;No
40;Female;77;132;80;577;15;440;1959;0;0;0;0;0;No
30;Male;70;95;78;626;155;530;2208;1;0;1;0;0;No
40;Male;88;104;59;1168;16;542;2117;0;0;0;0;0;No
49;Female;78;126;77;812;152;490;211;0;0;0;0;0;No
60;Female;82;163;89;861;147;452;2083;0;0;0;0;0;No
35;Female;81;139;76;1204;155;537;2237;0;0;0;0;0;No
37;Female;98;145;99;1105;155;566;2358;0;0;0;0;0;No
39;Female;103;98;72;704;155;404;1683;0;0;0;0;0;No
21;Female;76;105;67;63;157;710;2863;0;0;0;0;0;No
44;Female;62;137;74;717;15;479;2133;0;0;0;0;0;No
56;Female;88;132;78;1041;152;530;2282;0;0;0;0;0;No
34;Male;76;115;75;639;157;560;2258;0;0;0;0;0;No
70;Female;88;121;63;731;147;400;1843;0;1;0;0;0;No
48;Female;94;129;76;706;15;460;2048;0;0;0;0;0;No
55;Female;96;113;75;534;145;460;2195;0;0;0;0;0;No
50;Female;85;174;109;694;152;620;2669;0;0;0;0;0;No
40;Female;86;100;63;828;152;570;2454;0;0;0;0;0;No
26;Female;92;101;78;729;152;473;2037;0;0;0;0;0;No
60;Female;79;110;63;642;145;394;188;0;0;0;0;0;No
50;Female;82;115;67;774;152;517;2226;0;0;0;0;0;No
80;Female;91;160;76;856;152;440;1894;0;0;0;0;0;No
60;Male;84;151;88;62;17;603;2082;0;1;0;0;0;Yes
54;Female;75;147;92;499;16;551;2152;0;1;0;0;0;No
42;Female;102;100;71;541;147;374;1723;0;0;0;0;0;No
22;Male;77;126;79;612;163;828;3133;1;0;1;0;0;No
30;Female;87;142;96;1348;147;557;2566;0;0;0;0;0;No
65;Female;62;171;77;727;15;487;2168;0;0;0;0;0;No
25;Female;93;128;58;968;157;758;3056;0;0;0;0;0;No
35;Female;92;101;51;826;15;451;2008;0;0;0;0;0;No
70;Male;69;156;85;925;15;339;1509;0;0;0;0;0;No
65;Female;95;165;102;1297;152;475;2045;0;0;0;0;0;No
60;Female;82;112;79;587;145;386;1841;0;0;0;0;0;No
40;Female;74;119;88;552;135;550;3035;1;0;1;0;0;No
55;Female;61;129;75;924;145;598;2853;0;0;0;0;0;No
32;Female;93;126;85;615;157;580;2339;0;0;0;0;0;No
27;Female;84;120;80;652;137;470;2498;0;0;0;0;0;No
59;Male;57;122;68;592;163;487;1843;0;0;0;0;0;No
50;Female;73;146;85;747;155;564;2349;0;0;0;0;0;No
45;Male;83;122;71;626;155;540;2249;0;0;0;0;0;No
65;Female;86;117;62;899;145;390;1861;0;0;0;0;0;No
32;Female;108;127;89;804;152;500;2153;0;0;0;0;0;No
50;Female;64;140;80;567;15;385;1714;0;0;0;0;0;No
35;Female;84;118;79;817;15;520;2315;0;0;0;0;0;No
32;Female;90;103;72;614;152;440;1894;0;0;0;0;0;No
53;Female;66;163;88;854;152;580;2497;0;0;0;0;0;No
70;Female;93;164;83;1545;147;490;2258;0;0;0;0;0;No
35;Female;74;122;78;686;157;520;2097;0;0;0;0;0;No
50;Female;82;176;87;708;155;630;2624;0;1;0;0;0;No
40;Female;82;120;72;844;16;620;2421;0;0;0;0;0;No
75;Female;87;143;73;671;147;430;1981;0;0;0;0;0;No
30;Male;72;120;76;626;16;588;2296;0;0;0;0;0;No
60;Female;83;127;76;2785;157;370;1492;0;0;0;0;0;No
35;Male;98;127;85;73;16;584;2281;0;0;0;0;0;No
75;Male;75;100;64;578;168;369;1313;0;0;0;0;0;No
50;Female;80;88;62;659;15;437;1946;0;0;0;0;0;No
32;Female;78;117;71;819;165;761;2792;0;0;0;0;0;No
27;Female;87;120;72;898;157;614;2476;0;0;0;0;0;No
70;Female;103;184;96;76;145;333;1589;0;0;0;0;0;No
55;Female;80;148;78;719;155;474;1974;0;0;0;0;0;No
65;Female;74;149;82;688;16;588;2296;0;0;0;0;0;No
25;Female;79;118;82;543;15;501;2231;0;0;0;0;0;No
49;Female;53;135;82;757;157;390;1573;0;0;0;0;0;No
55;Female;75;155;80;804;152;530;2282;0;0;0;0;0;No
65;Male;77;113;71;652;152;374;161;0;0;0;0;0;No
35;Female;77;99;66;614;152;483;208;0;0;0;0;0;No
38;Female;86;121;75;925;157;542;2185;0;0;0;0;0;No
50;Female;90;153;96;1119;155;564;2349;0;0;0;0;0;No
40;Female;90;155;119;1114;142;673;3326;0;0;0;0;0;No
35;Female;76;122;80;722;145;581;2772;0;0;0;0;0;No
60;Female;74;134;64;648;152;555;239;0;0;0;0;0;No
30;Female;98;98;70;795;155;494;2058;0;0;0;0;0;No
40;Female;75;110;67;534;16;550;2148;0;0;0;0;0;No
70;Female;79;113;76;708;152;414;1783;0;0;0;0;0;No
60;Male;67;102;59;654;163;560;2119;0;0;0;0;0;No
55;Female;59;131;79;646;152;530;2282;0;0;0;0;0;No
35;Female;69;122;77;741;152;520;2239;0;0;0;0;0;No
55;Female;80;137;86;581;152;480;2067;0;0;0;0;0;No
70;Male;76;163;79;74;157;560;2258;0;1;0;0;0;No
35;Female;96;124;84;80;16;580;2265;0;0;0;0;0;No
50;Female;88;118;71;882;152;480;2067;0;0;0;0;0;No
45;Female;109;151;108;812;152;720;310;0;0;0;0;0;No
55;Female;105;208;109;693;152;500;2153;0;0;0;0;0;No
30;Female;123;137;92;596;152;660;2842;0;0;0;0;0;No
38;Female;80;120;71;687;157;550;2218;0;0;0;0;0;No
62;Female;64;132;74;999;155;360;150;0;0;0;0;0;No
32;Female;68;114;71;563;152;590;254;0;0;0;0;0;No
28;Male;84;135;94;488;163;550;2081;1;1;1;0;0;No
45;Female;83;119;80;744;155;470;1958;0;0;0;0;0;No
55;Female;86;125;79;777;152;550;2368;0;0;0;0;0;No
40;Female;85;114;75;632;147;406;1871;0;0;0;0;0;No
50;Female;84;141;86;825;155;550;2291;0;0;0;0;0;No
32;Female;98;118;69;66;145;451;2152;0;0;0;0;0;No
45;Female;103;107;78;691;16;525;205;0;0;0;0;0;No
32;Female;86;117;74;2068;152;600;2583;0;1;0;0;0;Yes
40;Female;82;130;95;1126;152;785;338;0;0;0;1;0;Yes
50;Female;98;138;83;644;152;440;1894;0;0;0;0;0;No
35;Female;85;102;69;537;152;520;2239;0;0;0;0;0;No
65;Male;69;139;77;525;152;530;2282;0;1;0;0;0;Yes
70;Female;76;119;69;561;142;320;1582;0;0;0;0;0;No
40;Female;81;135;82;97;152;520;2239;0;0;0;0;0;No
35;Female;63;114;75;752;15;540;2404;0;0;0;0;0;No
65;Female;72;145;73;795;145;480;229;0;0;0;0;0;No
60;Female;60;136;91;581;152;530;2282;0;1;0;0;0;No
70;Female;72;124;74;663;147;490;2258;0;0;0;0;0;No
50;Male;74;135;93;851;157;530;2137;0;0;0;1;0;No
60;Male;66;102;65;809;163;510;193;0;0;0;0;0;No
40;Male;74;121;73;698;183;628;1878;0;0;0;0;0;No
30;Male;77;129;78;669;157;521;2101;0;0;0;0;0;No
35;Female;82;110;69;945;152;518;223;0;0;0;0;0;No
65;Male;63;130;89;536;165;582;2135;0;0;0;0;0;No
60;Male;78;128;64;509;15;533;2373;0;0;0;0;0;No
80;Female;71;148;82;534;152;410;1765;0;0;0;0;0;No
40;Female;57;112;59;605;16;530;207;0;0;0;0;0;No
50;Female;86;146;88;617;155;390;1625;1;0;1;0;0;No
21;Female;76;101;64;796;157;468;1887;0;0;0;0;0;No
55;Female;50;171;110;70;145;471;2247;0;0;0;0;0;No
55;Female;89;126;79;834;15;510;2271;0;0;0;0;0;No
50;Female;89;104;69;717;15;470;2093;0;0;0;0;0;No
32;Female;79;122;68;661;157;560;2258;0;0;0;0;0;No
60;Female;66;141;92;792;15;430;1915;0;0;0;0;0;No
45;Female;82;129;84;691;16;521;2035;0;0;0;0;0;No
64;Female;74;118;69;973;16;410;1601;0;0;0;0;0;No
30;Female;71;104;63;773;145;403;1923;0;0;0;0;0;No
40;Female;70;123;70;629;16;538;2101;0;0;0;0;0;No
35;Female;81;87;68;62;15;464;2066;0;0;0;0;0;No
50;Female;66;131;79;812;145;450;2147;0;0;0;0;0;No
35;Female;89;105;70;425;15;413;1839;0;0;0;0;0;No
35;Female;91;96;68;866;163;463;1752;0;0;0;0;0;No
30;Female;70;130;80;497;147;471;217;0;0;0;0;0;No
30;Female;77;121;73;45;155;450;1874;0;0;0;0;0;No
80;Female;54;148;77;746;163;490;1854;0;0;0;0;0;No
29;Female;85;180;116;71;147;460;212;0;1;0;0;0;No
50;Female;70;103;63;616;15;390;1737;0;0;0;0;0;No
62;Male;64;125;80;821;16;520;2031;0;0;0;0;0;No
45;Female;65;125;74;676;152;480;2067;0;0;0;0;0;No
50;Female;76;124;94;808;147;500;2304;0;0;0;0;0;No
52;Female;83;123;76;773;16;600;2343;0;0;0;0;0;No
45;Female;59;116;64;721;152;550;2368;0;0;0;0;0;No
50;Female;69;117;68;636;147;450;2073;0;0;0;0;0;No
45;Female;78;126;85;696;152;450;1938;0;0;0;0;0;No
40;Female;102;165;102;1896;152;450;1938;0;1;0;0;0;Yes
50;Female;73;118;74;615;155;500;2083;0;0;0;0;0;No
23;Female;64;117;66;587;157;530;2137;0;0;0;0;0;No
31;Female;85;130;87;733;145;650;3101;0;0;0;0;0;No
28;Female;78;128;92;2142;147;693;3193;0;0;0;0;0;No
50;Female;67;135;68;571;15;488;2173;0;0;0;0;0;No
45;Female;76;110;63;967;147;566;2608;0;0;0;0;0;No
45;Female;66;130;65;726;152;490;211;0;0;0;0;0;No
38;Female;68;139;91;598;155;570;2374;0;0;0;0;0;No
35;Female;88;124;90;2282;152;580;2497;0;1;0;0;0;No
30;Female;85;111;68;583;155;610;2541;0;0;0;0;0;No
50;Female;61;103;65;1031;16;690;2695;0;0;0;0;0;No
34;Male;68;123;81;1192;175;817;266;0;0;0;0;0;No
34;Male;64;128;78;72;155;722;3008;0;0;0;0;0;No
36;Male;78;156;96;1022;157;618;2492;0;0;0;0;0;No
32;Male;80;141;80;83;16;652;2546;0;0;0;0;0;No
49;Female;94;130;82;2163;17;500;1726;0;0;0;0;0;No
60;Female;56;129;82;601;147;488;2249;0;0;0;0;0;No
30;Female;83;126;88;699;152;551;2372;0;0;0;0;0;No
29;Female;88;103;70;1057;152;585;2519;0;0;0;0;0;No
28;Female;99;112;71;738;14;409;2096;0;0;0;0;0;No
65;Female;70;121;74;974;163;534;2021;0;0;0;0;0;No
50;Female;71;144;80;621;157;343;1383;0;0;0;0;0;No
60;Female;83;133;86;722;157;397;1601;0;0;0;0;0;No
54;Male;74;130;88;594;163;757;2865;0;0;0;0;0;No
50;Female;65;118;65;706;147;500;2304;0;0;0;0;0;No
32;Female;85;139;72;675;152;440;1894;0;0;0;0;0;No
38;Female;74;126;79;837;157;500;2016;0;0;0;0;0;No
65;Female;72;139;75;546;155;500;2083;0;0;0;0;0;No
26;Female;73;130;82;722;157;470;1895;0;0;0;0;0;No
35;Female;71;118;77;636;155;530;2208;0;0;0;0;0;No
44;Female;74;142;84;641;157;786;3169;0;0;0;0;0;No
35;Female;70;132;79;861;152;500;2153;0;0;0;0;0;No
30;Female;74;119;73;574;157;670;2702;0;0;0;0;0;No
28;Female;100;158;88;75;155;750;3124;0;0;0;0;0;No
65;Female;85;122;66;919;157;550;2218;0;0;0;0;0;No
40;Female;68;130;76;77;155;520;2166;0;1;0;0;0;No
55;Female;86;149;86;916;15;550;2449;0;0;0;0;0;No
62;Male;70;101;65;719;173;557;1867;0;0;0;0;0;No
60;Male;78;83;56;788;173;534;179;0;0;0;0;0;No
42;Male;71;98;62;893;16;496;1937;0;0;0;0;0;No
70;Male;84;96;63;2842;15;400;1781;0;0;0;0;0;No
50;Female;94;112;75;548;152;500;2153;0;0;0;0;0;No
56;Female;98;143;87;844;152;450;1938;0;0;0;0;0;No
35;Female;83;124;71;618;155;553;2304;0;0;0;0;0;No
55;Female;79;114;82;839;15;399;1777;0;0;0;0;0;No
59;Female;85;130;71;1801;15;550;2449;0;0;0;0;0;No
35;Female;75;113;71;628;16;450;1757;0;0;0;0;0;No
69;Female;56;148;78;692;147;410;1889;0;0;0;0;0;No
70;Female;72;112;56;617;15;410;1826;0;0;0;0;0;No
50;Female;82;133;82;1514;15;544;2422;0;0;0;0;0;No
50;Female;78;126;80;581;145;426;2032;0;0;0;0;0;No
32;Male;72;123;75;624;157;500;2016;1;0;1;0;0;No
30;Female;109;118;77;639;145;402;1918;0;0;0;0;0;No
33;Male;75;125;88;614;175;666;2168;0;0;0;0;0;No
32;Female;77;130;90;668;155;701;292;0;0;0;0;0;No
32;Female;98;116;78;1097;157;550;2218;0;0;0;0;0;No
30;Female;78;91;56;689;155;470;1958;0;0;0;0;0;No
36;Female;78;125;86;627;152;530;2282;0;0;0;0;0;No
35;Female;76;103;66;513;147;340;1567;0;0;0;0;0;No
40;Female;80;114;74;886;147;400;1843;0;0;0;0;0;No
33;Female;92;118;83;778;152;500;2153;0;0;0;0;0;No
50;Female;83;143;101;763;157;600;2419;0;0;0;0;0;No
60;Female;76;127;70;846;147;320;1474;0;0;0;0;0;No
24;Male;88;124;113;725;165;690;2531;0;0;0;0;0;No
70;Male;73;157;107;68;193;1007;2702;0;0;0;0;0;No
38;Female;89;127;84;1049;16;630;246;0;0;0;0;0;No
65;Female;76;145;67;103;152;420;1808;0;0;0;0;0;No
30;Female;82;126;90;526;155;460;1916;0;0;0;0;0;No
32;Male;83;130;82;645;165;680;2495;0;0;0;0;0;No
60;Female;37;173;84;79;152;698;3005;0;0;0;0;0;No
45;Male;79;130;81;762;157;530;2137;0;0;0;0;0;No
55;Female;77;148;86;1034;15;580;2583;0;0;0;0;0;No
52;Male;72;114;69;827;168;717;2551;0;1;0;0;0;No
28;Female;82;120;79;579;152;640;2756;0;0;0;0;0;No
80;Male;66;199;113;624;173;430;1441;0;0;0;0;0;No
60;Female;62;120;74;612;137;330;1754;0;0;0;0;0;No
65;Male;74;175;102;911;173;624;2092;0;0;0;0;0;No
60;Female;82;147;85;771;152;732;3152;0;0;0;0;0;No
34;Male;68;98;70;588;173;630;2112;0;0;0;0;0;No
65;Male;80;146;91;492;165;486;1783;0;0;0;0;0;No
30;Female;96;130;95;96;157;670;2702;0;0;0;0;0;No
70;Female;62;180;99;996;145;336;1603;0;0;0;0;0;No
32;Female;79;119;74;669;155;574;2391;0;0;0;0;0;No
65;Female;82;191;101;1234;152;580;2497;0;0;0;0;0;No
40;Female;75;145;99;645;15;489;2177;0;0;0;0;0;No
27;Female;75;130;83;605;157;619;2496;0;0;0;0;0;No
35;Female;86;113;73;824;15;380;1692;0;0;0;0;0;No
35;Female;85;132;91;1249;152;751;3233;0;0;0;0;0;No
38;Female;76;158;102;724;152;610;2626;0;0;0;0;0;No
60;Female;66;152;102;885;15;570;2538;0;0;0;0;0;No
40;Female;72;125;70;842;152;510;2196;0;0;0;0;0;No
33;Female;103;100;73;779;152;540;2325;0;0;0;0;0;No
45;Female;67;104;67;848;15;588;2618;0;0;0;0;0;No
60;Female;84;116;73;63;15;418;1861;0;0;0;0;0;No
34;Female;107;124;88;759;157;700;2823;0;0;0;0;0;No
40;Female;73;127;80;792;152;480;2067;0;0;0;0;0;No
45;Female;88;104;67;764;155;422;1758;0;0;0;0;0;No
38;Male;58;174;100;736;165;580;2128;1;0;1;0;0;No
65;Female;80;146;71;524;145;320;1527;0;0;0;0;0;No
25;Female;81;118;94;698;152;530;2282;0;0;0;0;0;No
33;Female;78;129;79;675;16;461;180;0;0;0;0;0;No
36;Female;71;172;112;1133;155;791;3295;0;0;0;0;0;No
40;Female;71;141;94;1146;157;667;269;0;0;0;0;0;No
22;Female;89;128;76;785;152;645;2777;1;0;1;0;0;No
35;Female;92;103;73;47;155;520;2166;0;0;0;0;0;No
65;Female;71;138;69;88;147;360;1659;0;0;0;0;0;No
45;Female;72;148;90;787;155;450;1874;0;0;0;0;0;No
30;Female;95;105;81;625;157;350;1411;0;0;0;0;0;No
38;Female;76;126;102;683;157;670;2702;0;1;0;0;0;No
52;Female;69;102;62;727;147;350;1613;0;0;0;0;0;No
55;Female;78;121;69;609;147;480;2212;0;0;0;0;0;No
50;Female;80;168;90;694;147;430;1981;0;1;0;0;0;No
80;Male;75;202;96;70;152;440;1894;0;0;0;0;0;No
50;Female;76;135;94;696;152;480;2067;0;0;0;0;0;No
30;Female;95;104;74;609;152;500;2153;0;0;0;0;0;No
45;Female;83;174;118;815;155;501;2087;0;0;0;0;0;No
37;Female;85;117;74;658;152;396;1705;0;0;0;0;0;No
50;Male;57;129;74;663;163;551;2085;0;0;0;0;0;No
62;Female;79;141;92;646;15;366;163;0;0;0;0;0;No
48;Female;68;114;73;647;152;450;1938;0;0;0;0;0;No
67;Female;62;197;88;794;155;372;155;0;0;0;0;0;No
35;Female;65;129;87;625;157;535;2157;0;0;0;0;0;No
48;Female;87;120;82;605;147;390;1797;0;0;0;0;0;No
75;Male;72;133;72;110;163;510;193;0;0;0;0;0;No
60;Female;73;151;94;619;15;360;1603;0;0;0;0;0;No
35;Female;92;186;118;952;157;636;2565;0;0;0;0;0;No
49;Female;83;166;104;1058;157;719;2899;0;1;0;0;0;No
36;Female;86;139;94;1226;157;530;2137;0;1;0;0;0;No
40;Female;76;117;73;752;163;427;1616;0;0;0;0;0;No
51;Female;108;152;90;765;155;757;3153;0;1;0;0;0;No
50;Female;71;145;80;733;163;573;2168;0;0;0;0;0;No
54;Female;82;129;76;939;155;371;1545;0;1;0;0;0;No
34;Female;84;137;79;717;16;574;2242;0;0;0;0;0;No
59;Female;81;164;74;723;147;413;1903;0;0;0;0;0;No
50;Female;79;135;82;67;163;588;2225;0;0;0;0;0;No
35;Female;105;127;86;705;155;531;2212;0;0;0;0;0;No
30;Female;86;133;82;68;165;531;1948;0;0;0;0;0;No
55;Male;110;137;86;865;165;620;2275;0;0;0;0;0;No
45;Female;108;143;92;632;147;470;2166;0;0;0;0;0;No
80;Male;75;130;71;707;163;580;2195;0;0;0;0;0;No
55;Female;71;101;80;925;152;440;1894;0;0;0;0;0;No
50;Female;96;162;94;779;152;420;1808;0;1;0;0;0;No
35;Female;85;99;65;754;152;490;211;0;0;0;0;0;No
38;Female;70;136;82;445;152;440;1894;0;0;0;0;0;No
38;Female;85;134;82;53;152;620;2669;0;0;0;0;0;No
32;Female;97;105;57;629;155;490;2041;0;0;0;0;0;No
60;Female;78;62;51;798;155;520;2166;0;0;0;0;0;No
50;Female;84;123;69;812;157;520;2097;0;0;0;0;0;No
42;Female;71;164;89;1839;155;540;2249;0;1;0;0;0;No
35;Female;77;129;72;602;157;620;250;0;0;0;0;0;No
45;Female;76;140;82;88;155;560;2333;0;0;0;0;0;No
30;Male;76;138;77;58;155;520;2166;1;0;1;0;0;No
25;Female;70;106;77;64;152;491;2114;0;0;0;0;0;No
33;Male;60;116;75;682;173;600;2011;0;0;0;0;0;No
30;Female;84;123;72;712;157;480;1935;0;0;0;0;0;No
68;Male;86;130;76;1267;17;570;1968;0;0;0;0;0;No
60;Female;93;164;82;733;15;335;1492;0;0;0;0;0;No
62;Male;78;119;73;624;157;500;2016;0;0;0;0;0;No
64;Male;66;164;85;978;175;542;1765;0;0;0;0;0;No
60;Female;64;132;83;924;152;590;254;0;0;0;0;0;No
50;Female;64;136;69;676;152;490;211;0;0;0;0;0;No
65;Male;78;172;91;1287;168;709;2523;0;0;0;0;0;No
63;Female;76;170;89;882;15;450;2004;0;0;0;0;0;No
35;Female;116;124;74;682;152;550;2368;0;0;0;0;0;No
60;Female;71;138;71;914;15;490;2182;0;0;0;0;0;No
35;Female;87;129;77;648;137;419;2227;0;0;0;0;0;No
40;Male;58;120;77;631;157;442;1782;0;0;0;0;0;No
30;Female;74;119;78;86;15;490;2182;0;0;0;0;0;No
45;Female;91;85;60;84;152;550;2368;0;0;0;0;0;No
35;Female;81;138;99;637;157;550;2218;0;0;0;0;0;No
63;Female;71;148;81;1218;157;560;2258;0;0;0;0;0;No
30;Female;70;149;84;545;15;482;2146;0;0;0;0;0;No
65;Female;72;129;78;933;157;450;1815;0;0;0;0;0;No
25;Female;60;111;73;633;16;430;1679;0;0;0;0;0;No
35;Female;62;156;118;2263;15;462;2057;0;0;0;0;0;No
50;Female;65;127;74;725;14;392;2009;0;0;0;0;0;No
30;Female;77;107;70;836;152;360;155;0;0;0;0;0;No
60;Female;78;146;78;978;14;413;2116;0;0;0;0;0;No
45;Female;97;124;87;761;152;500;2153;0;0;0;0;0;No
45;Female;78;117;73;674;147;560;258;0;0;0;0;0;No
40;Female;80;120;73;514;157;550;2218;0;0;0;0;0;No
70;Male;64;185;89;861;155;450;1874;0;0;0;0;0;No
70;Female;80;184;98;687;16;450;1757;0;1;0;0;0;No
30;Female;71;137;88;643;16;450;1757;1;0;1;0;0;No
50;Female;83;119;75;809;147;500;2304;0;0;0;0;0;No
28;Female;83;97;66;459;152;450;1938;0;0;0;0;0;No
66;Female;80;96;65;808;152;400;1722;0;0;0;0;0;No
38;Female;85;115;71;728;157;530;2137;0;0;0;0;0;No
37;Female;93;151;91;110;168;720;2562;0;1;0;0;0;No
50;Female;87;99;67;734;155;530;2208;0;0;0;0;0;No
70;Female;90;181;110;1423;152;520;2239;0;0;0;0;0;No
37;Female;75;124;82;694;16;677;2644;0;1;0;0;0;No
58;Female;62;147;78;1055;157;686;2766;0;0;0;0;0;No
39;Female;68;106;71;509;157;451;1819;0;0;0;0;0;No
30;Female;77;166;103;862;16;639;2495;0;0;0;0;0;No
30;Female;81;118;72;519;16;586;2288;0;0;0;0;0;No
35;Female;99;112;72;556;157;596;2403;0;0;0;0;0;No
70;Female;84;155;91;695;145;358;1708;0;0;0;0;0;No
38;Male;57;128;83;649;163;450;1703;0;0;0;0;0;No
70;Female;96;173;94;1005;152;364;1567;0;0;0;0;0;No
36;Male;63;138;82;689;157;690;2782;0;0;0;0;0;No
28;Female;69;119;79;609;152;440;1894;0;0;0;0;0;No
57;Female;76;118;67;493;152;431;1856;0;0;0;0;0;No
62;Female;74;131;85;1305;152;589;2536;0;0;0;0;0;No
70;Female;51;134;72;654;135;356;1964;0;0;0;0;0;No
30;Female;72;115;73;596;147;422;1944;0;0;0;0;0;No
64;Female;62;144;91;659;147;367;1691;0;0;0;0;0;No
30;Female;79;116;77;581;152;470;2024;0;0;0;0;0;No
57;Female;80;139;93;647;147;309;1424;0;0;0;0;0;No
60;Female;74;161;104;589;15;370;1648;0;0;0;0;0;No
62;Female;88;106;68;614;15;378;1683;0;0;0;0;0;No
75;Female;78;192;98;605;155;393;1637;0;0;0;0;0;No
45;Male;80;101;76;639;163;590;2233;0;0;0;0;0;No
32;Female;84;122;92;573;152;638;2747;0;0;0;0;0;No
30;Female;93;117;75;713;152;630;2713;0;0;0;0;0;No
45;Female;62;180;94;881;15;412;1835;0;0;0;0;0;No
50;Female;92;116;78;554;157;503;2028;0;0;0;0;0;No
30;Female;77;107;67;597;15;386;1719;0;0;0;0;0;No
35;Female;58;145;105;623;152;450;1938;0;0;0;0;0;No
35;Female;90;110;71;664;152;401;1727;0;0;0;0;0;No
45;Female;80;117;60;623;142;400;1977;0;0;0;0;0;No
45;Female;102;120;83;83;152;520;2239;0;0;0;0;0;No
45;Female;68;159;100;637;152;450;1938;0;1;0;0;0;No
35;Female;79;138;89;417;152;470;2024;0;0;0;0;0;No
33;Male;78;155;95;548;163;730;2762;0;0;0;0;0;No
55;Female;75;178;110;2734;155;468;1949;0;0;0;0;0;No
34;Female;90;130;90;1009;157;439;177;0;0;0;0;0;No
49;Female;80;173;90;918;157;480;1935;0;1;0;0;0;No
34;Female;89;102;76;913;163;431;1631;0;0;0;0;0;No
37;Female;72;121;70;579;157;570;2298;0;0;0;0;0;No
33;Female;90;124;78;765;157;606;2444;0;0;0;0;0;No
69;Female;72;121;77;825;142;332;1641;0;0;0;0;0;No
30;Female;84;125;87;63;16;570;2226;0;0;0;0;0;No
35;Female;103;138;81;772;155;620;2583;0;0;0;0;0;No
50;Female;64;190;95;513;163;481;182;0;1;0;0;0;No
35;Female;76;136;95;701;157;586;2363;0;0;0;0;0;No
25;Female;108;118;78;893;157;674;2718;0;0;0;0;0;No
69;Female;79;174;84;92;155;430;1791;0;0;0;0;0;No
39;Female;84;167;94;668;16;376;1468;0;0;0;0;0;No
65;Female;85;192;118;963;15;568;2529;0;1;0;0;0;No
34;Female;74;114;68;544;155;420;175;0;0;0;0;0;No
59;Male;77;161;81;876;155;525;2187;0;1;0;0;0;No
39;Female;95;123;88;79;16;551;2152;0;0;0;0;0;No
58;Female;89;159;80;991;16;366;1429;0;0;0;0;0;No
50;Female;73;135;91;552;155;504;2099;0;1;0;0;0;No
52;Male;90;155;88;623;17;747;2579;0;0;0;0;0;No
65;Female;67;171;79;1135;15;430;1915;0;0;0;0;0;No
65;Female;114;106;69;706;15;350;1558;0;0;0;0;0;No
35;Female;79;103;77;65;152;460;1981;0;0;0;0;0;No
60;Female;84;101;71;649;165;380;1394;0;0;0;0;0;No
50;Female;74;146;90;75;15;531;2364;0;0;0;0;0;No
29;Male;60;123;72;52;157;493;1988;0;0;0;0;0;No
45;Female;73;124;78;759;15;511;2275;0;0;0;0;0;No
45;Female;64;121;77;666;16;623;2433;0;0;0;0;0;No
32;Female;70;116;76;701;152;550;2368;0;0;0;0;0;No
30;Female;69;114;68;881;157;490;1976;0;0;0;0;0;No
45;Female;84;93;72;586;163;421;1593;0;0;0;0;0;No
70;Male;53;165;85;513;163;560;2119;0;1;0;0;0;No
31;Male;74;103;68;562;163;570;2157;0;0;0;0;0;No
40;Female;91;114;73;617;157;650;2621;0;0;0;0;0;No
38;Female;67;110;64;763;157;500;2016;0;0;0;0;0;No
70;Female;84;161;85;836;152;420;1808;0;1;0;0;0;No
32;Female;85;118;75;768;155;450;1874;0;0;0;0;0;No
50;Female;91;174;95;637;142;400;1977;0;0;0;0;0;No
50;Female;76;115;67;739;157;480;1935;0;0;0;0;0;No
42;Female;78;101;65;548;155;400;1666;0;0;0;0;0;No
59;Male;79;130;87;1015;165;600;2201;0;0;0;0;0;No
50;Female;82;161;101;58;155;500;2083;0;1;0;0;0;No
35;Female;81;139;109;72;15;450;2004;0;1;0;0;0;No
40;Female;130;169;107;2104;16;620;2421;0;0;0;0;0;No
45;Female;74;129;70;514;15;560;2494;0;0;0;0;0;No
44;Male;59;112;74;442;165;660;2421;0;1;0;0;0;No
24;Male;103;130;78;751;168;630;2242;0;0;0;0;0;No
50;Male;66;128;73;1103;163;620;2346;0;0;0;0;0;No
40;Male;49;92;51;59;152;520;2239;0;0;0;0;0;No
55;Female;76;166;98;775;147;440;2027;0;1;0;0;0;No
46;Male;67;132;87;104;163;680;2573;0;0;0;0;0;No
44;Female;72;120;63;889;152;520;2239;0;1;0;0;0;No
45;Female;94;144;84;85;157;530;2137;0;1;0;0;0;No
45;Female;94;147;94;501;152;530;2282;0;0;0;0;0;No
42;Female;91;109;72;1021;147;420;1935;0;0;0;0;0;No
58;Female;83;197;109;677;152;410;1765;0;0;0;0;0;No
38;Female;81;121;74;608;157;600;2419;0;0;0;0;0;No
35;Female;67;139;98;541;152;520;2239;0;1;0;0;0;No
35;Female;88;123;76;599;152;520;2239;0;0;0;0;0;No
50;Female;71;194;83;626;152;540;2325;0;0;0;0;0;No
52;Female;71;142;62;888;157;580;2339;0;0;0;0;0;No
35;Female;67;120;62;677;152;480;2067;0;0;0;0;0;No
23;Female;93;114;69;65;152;490;211;0;0;0;0;0;No
30;Female;71;89;61;724;152;480;2067;0;0;0;0;0;No
38;Female;70;121;82;557;152;520;2239;0;0;0;0;0;No
30;Female;86;114;71;663;155;510;2124;0;0;0;0;0;No
25;Female;77;131;83;836;157;560;2258;0;0;0;0;0;No
50;Female;63;158;85;503;152;520;2239;0;1;0;0;0;No
32;Female;65;115;73;586;16;461;180;0;0;0;0;0;No
39;Female;87;138;75;779;16;477;1863;0;0;0;0;0;No
34;Female;94;125;88;648;152;530;2282;0;0;0;0;0;No
36;Female;81;99;67;844;155;380;1583;1;0;1;0;0;No
69;Female;75;159;93;623;155;520;2166;0;1;0;0;0;No
45;Female;81;135;88;83;16;614;2398;0;1;0;0;0;No
36;Female;74;143;102;564;147;532;2451;0;0;0;0;0;No
55;Female;72;156;76;741;145;330;1574;0;0;0;0;0;No
57;Female;73;164;91;696;155;560;2333;0;0;0;0;0;No
33;Female;76;137;93;651;152;590;254;0;0;0;0;0;No
30;Female;75;116;68;622;152;371;1597;0;0;0;0;0;No
30;Female;94;111;78;578;152;510;2196;0;0;0;0;0;No
30;Female;73;120;78;521;152;430;1851;0;0;0;0;0;No
28;Female;83;127;65;812;152;660;2842;0;0;0;0;0;No
31;Female;89;169;114;807;152;700;3014;0;0;0;0;0;No
50;Female;78;110;60;602;15;350;1558;0;0;0;0;0;No
42;Female;71;121;69;638;147;448;2064;0;0;0;0;0;No
35;Female;74;144;87;554;152;550;2368;0;0;0;0;0;No
61;Female;81;178;99;577;152;530;2282;0;0;0;0;0;No
38;Female;69;108;68;869;152;464;1998;0;0;0;0;0;No
39;Female;87;198;113;88;157;600;2419;0;0;0;0;0;No
30;Female;75;127;77;539;157;490;1976;0;0;0;0;0;No
32;Female;77;101;67;819;152;376;1619;0;0;0;0;0;No
65;Female;63;173;102;644;15;481;2142;0;0;0;0;0;No
40;Female;60;130;95;603;152;430;1851;0;0;0;0;0;No
30;Female;76;124;84;62;15;533;2373;0;0;0;0;0;No
35;Female;79;115;68;77;152;520;2239;0;0;0;0;0;No
58;Female;76;138;81;77;145;316;1508;0;0;0;0;0;No
40;Female;73;95;61;733;16;532;2078;0;0;0;0;0;No
65;Female;62;129;70;64;152;405;1744;0;0;0;0;0;No
40;Female;89;97;58;844;142;430;2125;0;0;0;0;0;No
40;Female;91;122;75;775;15;399;1777;0;0;0;0;0;No
30;Female;103;88;54;771;155;499;2079;0;0;0;0;0;No
35;Female;79;114;73;827;152;498;2144;0;0;0;0;0;No
35;Female;81;125;75;655;155;582;2424;0;0;0;0;0;No
45;Female;82;129;74;626;15;452;2013;0;0;0;0;0;No
30;Female;84;116;72;893;15;450;2004;0;0;0;0;0;No
35;Female;99;120;71;879;15;472;2102;0;0;0;0;0;No
32;Female;74;116;77;476;155;571;2379;0;0;0;0;0;No
50;Female;78;157;78;672;15;532;2369;0;0;0;0;0;No
80;Female;73;142;93;662;142;278;1374;0;0;0;0;0;No
50;Male;72;142;85;674;165;632;2319;0;0;0;0;0;No
60;Male;62;147;80;676;163;502;190;0;0;0;0;0;No
60;Male;60;183;95;606;152;552;2377;0;0;0;0;0;No
38;Male;80;146;89;1063;155;640;2666;0;0;0;0;0;No
25;Female;77;146;108;85;157;672;271;0;0;0;0;0;No
50;Female;71;123;74;592;147;458;211;0;0;0;0;0;No
50;Female;79;146;86;635;16;412;1609;0;0;0;0;0;No
25;Female;102;125;75;631;152;498;2144;0;0;0;0;0;No
30;Female;75;130;90;60;157;462;1863;0;0;0;0;0;No
45;Female;78;123;77;996;15;420;187;0;0;0;0;0;No
26;Female;65;129;77;666;157;599;2415;0;0;0;0;0;No
34;Female;87;104;69;604;155;491;2045;0;0;0;0;0;No
35;Female;79;99;58;633;157;560;2258;0;0;0;0;0;No
34;Female;75;132;88;555;155;411;1712;0;0;0;0;0;No
44;Female;102;124;89;915;157;751;3028;0;0;0;0;0;No
58;Female;67;190;83;733;155;401;167;0;0;0;0;0;No
60;Female;64;104;66;695;157;530;2137;0;0;0;0;0;No
50;Female;55;92;63;726;152;480;2067;0;0;0;0;0;No
35;Female;65;126;90;634;147;490;2258;0;0;0;0;0;No
60;Female;91;175;106;646;142;380;1878;0;1;0;1;0;No
40;Female;77;139;75;729;152;480;2067;0;0;0;0;0;No
50;Female;70;97;67;684;157;450;1815;0;0;0;0;0;No
28;Female;85;124;73;59;165;520;1908;0;0;0;0;0;No
30;Female;66;125;73;612;152;510;2196;0;0;0;0;0;No
55;Female;87;113;76;75;155;490;2041;0;0;0;0;0;No
50;Female;87;154;93;556;15;450;2004;0;0;0;0;0;No
65;Female;80;132;76;628;152;510;2196;0;0;0;0;0;No
60;Female;72;170;78;1078;157;580;2339;0;0;0;0;0;No
30;Female;73;103;74;784;145;450;2147;1;0;1;0;0;No
56;Female;70;111;68;657;155;355;1479;0;0;0;0;0;No
30;Female;79;123;89;83;147;411;1894;0;0;0;0;0;No
48;Female;102;119;66;621;157;482;1944;0;0;0;0;0;No
65;Female;63;208;92;541;15;404;1799;0;1;0;0;0;No
29;Female;91;120;78;791;147;591;2723;0;0;0;0;0;No
65;Female;90;104;68;711;15;430;1915;0;0;0;0;0;No
50;Female;68;125;78;588;157;564;2274;0;0;0;0;0;No
51;Female;86;133;80;676;157;420;1694;0;0;0;0;0;No
59;Female;90;112;64;1023;145;340;1622;0;0;0;0;0;No
30;Female;71;120;90;502;155;480;1999;0;1;0;0;0;No
60;Female;76;142;75;751;145;410;1956;0;0;0;0;0;No
80;Female;86;155;92;599;142;338;1671;0;0;0;0;0;No
30;Female;89;131;84;971;157;481;194;0;0;0;0;0;No
30;Female;106;116;77;667;142;440;2175;0;0;0;0;0;No
31;Female;77;149;92;466;152;536;2308;0;0;0;0;0;No
40;Female;108;142;67;69;145;490;2338;0;0;0;0;0;No
60;Female;68;146;86;819;145;513;2447;0;0;0;0;0;No
80;Male;60;190;83;656;157;448;1806;0;0;0;0;0;No
60;Female;76;127;83;492;145;490;2338;0;0;0;0;0;No
55;Female;92;181;100;853;142;731;3613;0;0;0;0;0;No
50;Female;96;140;89;436;152;730;3143;0;0;0;0;0;Yes
45;Female;78;124;75;63;155;550;2291;0;0;0;0;0;No
78;Female;64;127;75;899;152;320;1378;0;0;0;0;0;No
35;Male;86;106;68;576;165;480;1761;0;0;0;0;0;No
30;Female;88;152;82;1045;152;565;2433;0;0;0;0;0;No
40;Female;77;134;79;584;147;392;1806;1;0;1;0;0;No
35;Female;85;111;72;615;16;527;2058;0;0;0;0;0;No
35;Female;107;135;100;687;15;572;2547;0;0;0;0;0;No
50;Female;62;151;90;711;155;713;297;0;0;0;0;0;No
44;Female;66;148;96;63;168;805;2864;0;1;0;0;0;No
65;Female;67;196;108;625;122;720;4844;0;1;0;0;0;No
40;Female;70;151;91;621;157;560;2258;0;0;0;0;0;No
40;Male;90;98;60;563;163;581;2199;0;0;0;0;0;No
50;Female;75;116;75;818;152;430;1851;0;0;0;0;0;No
65;Female;61;164;102;67;155;601;2503;0;1;0;1;0;Yes
35;Male;53;120;66;812;163;578;2187;0;0;0;0;0;No
65;Female;65;142;100;776;147;422;1944;0;0;0;0;0;No
50;Female;72;116;64;779;147;402;1852;0;0;0;0;0;No
35;Female;94;104;72;601;152;500;2153;0;0;0;0;0;No
30;Female;82;121;82;675;147;448;2064;0;0;0;0;0;No
30;Female;83;112;74;67;152;467;2011;0;0;0;0;0;No
35;Female;92;129;91;929;152;715;3078;0;0;0;0;0;No
44;Female;94;120;85;1139;142;544;2689;0;1;0;0;0;Yes
30;Female;89;142;88;583;152;532;2291;0;0;0;0;0;No
30;Female;73;160;113;934;124;578;3731;0;1;0;0;0;Yes
75;Female;68;159;88;629;124;700;4519;0;1;0;0;0;No
31;Female;80;104;69;685;122;350;2355;0;0;0;0;0;No
39;Female;86;129;83;68;152;550;2368;0;0;0;0;0;No
39;Female;84;100;68;843;155;679;2828;0;0;0;0;0;No
30;Female;78;103;63;696;147;430;1981;0;0;0;0;0;No
35;Female;68;125;70;615;155;527;2195;0;0;0;0;0;No
72;Female;71;154;100;59;122;600;4036;0;0;0;0;0;No
33;Female;74;104;75;604;152;550;2368;0;0;0;0;0;No
60;Female;70;124;69;558;155;400;1666;0;0;0;0;0;No
32;Male;66;130;80;742;163;700;2649;1;0;1;0;0;No
65;Female;73;130;70;529;147;370;1705;0;0;0;0;0;No
65;Female;77;128;68;819;147;360;1659;0;0;0;0;0;No
27;Female;77;104;72;745;15;526;2342;0;0;0;0;0;No
80;Female;70;167;79;792;15;538;2396;0;0;0;0;0;No
38;Female;88;119;73;89;15;499;2222;0;0;0;0;0;No
60;Female;71;127;86;1409;152;490;211;0;0;0;0;0;No
22;Female;101;129;79;836;152;630;2713;0;0;0;0;0;No
57;Female;93;159;90;1264;152;337;1451;0;0;0;0;0;No
35;Female;78;110;76;62;152;608;2618;0;0;0;0;0;No
50;Female;75;122;61;754;163;750;2838;0;0;0;0;0;No
50;Female;76;140;91;628;142;480;2372;0;0;0;0;0;No
46;Male;66;121;87;66;163;460;1741;0;1;0;0;0;No
50;Female;78;117;61;891;157;462;1863;0;0;0;0;0;No
27;Female;80;138;96;65;152;650;2799;0;0;0;0;0;No
40;Female;87;136;82;673;15;450;2004;0;0;0;0;0;No
45;Female;76;111;82;854;15;410;1826;0;0;0;0;0;No
42;Female;67;147;76;638;15;368;1639;0;0;0;0;0;No
26;Female;78;126;76;699;155;668;2783;0;0;0;0;0;No
41;Female;68;152;99;602;152;553;2381;0;0;0;0;0;No
34;Female;95;157;84;766;152;598;2575;0;0;0;0;0;No
55;Female;81;126;80;661;147;403;1857;0;0;0;0;0;No
35;Female;64;95;55;781;157;488;1968;1;0;1;0;0;No
63;Female;63;196;101;668;147;450;2073;0;1;0;0;0;No
45;Male;74;99;74;504;16;551;2152;0;0;0;0;0;No
56;Female;87;106;79;831;157;481;194;0;0;0;0;0;No
35;Female;76;139;86;544;152;520;2239;0;0;0;0;0;Yes
48;Female;70;173;100;786;157;520;2097;0;0;0;0;0;No
26;Female;73;137;82;511;152;480;2067;0;0;0;0;0;No
26;Female;84;120;75;538;155;480;1999;0;0;0;0;0;No
40;Female;78;135;83;547;155;580;2416;0;0;0;0;0;No
40;Female;79;124;78;755;147;480;2212;0;0;0;0;0;No
38;Female;76;123;76;54;155;510;2124;0;0;0;0;0;No
55;Female;59;146;92;70;155;580;2416;0;1;0;0;0;No
45;Female;98;143;92;597;157;590;2379;0;0;0;0;0;No
45;Female;84;101;76;632;155;520;2166;0;0;0;0;0;No
65;Female;59;126;75;758;147;440;2027;0;0;0;0;0;No
50;Female;74;174;112;588;155;580;2416;0;0;0;0;0;No
31;Male;82;137;93;778;163;520;1968;1;0;1;0;0;No
58;Female;92;163;91;618;152;520;2239;0;1;0;0;0;No
30;Female;76;182;93;578;152;460;1981;0;0;0;0;0;No
60;Female;80;113;73;517;155;500;2083;0;0;0;0;0;No
75;Female;64;154;74;698;15;440;1959;0;1;0;0;0;No
32;Female;96;147;93;518;155;510;2124;0;0;0;0;0;No
65;Female;86;141;90;637;152;440;1894;0;0;0;0;0;No
30;Female;87;130;101;842;157;510;2056;0;0;0;0;0;No
50;Female;92;99;63;747;155;520;2166;0;0;0;0;0;No
47;Female;75;127;96;597;157;440;1774;0;0;0;0;0;No
60;Male;89;103;76;564;168;575;2046;0;0;0;0;0;No
27;Female;71;112;64;859;16;770;3007;0;0;0;0;0;No
25;Female;123;111;93;613;163;661;2501;0;0;0;0;0;No
50;Female;64;141;77;552;152;460;1981;0;0;0;0;0;No
22;Female;89;129;85;643;157;460;1855;0;0;0;0;0;No
55;Female;73;150;92;71;152;591;2545;0;0;0;0;0;No
35;Female;95;160;105;854;163;673;2547;0;0;0;0;0;No
40;Female;87;184;81;592;15;670;2983;0;0;0;0;0;No
35;Female;90;125;75;492;155;580;2416;0;0;0;0;0;No
65;Male;86;127;77;463;165;690;2531;0;0;0;0;0;No
45;Male;90;111;73;999;163;551;2085;0;0;0;0;0;No
34;Female;77;121;70;741;147;510;235;0;0;0;0;0;No
26;Female;81;114;85;712;152;690;2971;0;0;0;0;0;No
54;Female;69;130;88;781;15;440;1959;0;0;0;0;0;No
45;Female;68;141;84;1537;155;618;2574;0;0;0;0;0;No
38;Female;58;100;64;844;147;472;2175;0;0;0;0;0;No
59;Male;61;196;118;67;16;645;2519;0;1;0;0;0;No
30;Female;78;116;75;733;152;444;1912;0;0;0;0;0;No
30;Female;78;124;75;606;152;516;2222;0;0;0;0;0;No
40;Female;78;107;67;782;15;600;2672;0;0;0;0;0;No
55;Female;69;147;82;692;15;453;2017;0;0;0;0;0;No
41;Male;67;172;110;1112;16;660;2577;0;1;0;0;0;Yes
35;Female;77;87;47;747;147;406;1871;0;0;0;0;0;No
35;Female;90;102;56;582;147;313;1442;0;0;0;0;0;No
35;Female;69;104;60;601;142;323;1596;0;0;0;0;0;No
53;Female;70;118;74;509;155;520;2166;0;0;0;0;0;No
70;Female;71;133;62;759;147;405;1866;0;0;0;0;0;No
70;Female;73;139;73;616;142;232;1147;0;0;0;0;0;No
60;Female;93;135;79;1024;152;645;2777;0;0;0;0;0;No
35;Female;74;123;71;541;155;410;1708;0;0;0;0;0;No
50;Female;75;128;116;619;157;505;2036;0;0;0;0;0;No
30;Female;95;111;70;832;155;410;1708;0;0;0;0;0;No
35;Female;93;126;75;782;145;600;2862;0;0;0;0;0;No
30;Female;88;118;72;686;157;480;1935;0;0;0;0;0;No
42;Female;70;114;74;519;152;440;1894;0;0;0;0;0;No
35;Female;72;146;100;76;152;506;2179;0;0;0;0;0;No
35;Female;82;143;90;575;147;540;2488;0;0;0;1;0;No
50;Female;72;146;77;825;155;500;2083;0;1;0;0;0;No
45;Female;76;118;78;52;152;505;2174;0;0;0;0;0;No
65;Female;88;160;93;743;147;502;2313;0;0;0;0;0;No
22;Female;107;130;85;78;157;762;3073;0;0;0;0;0;No
21;Female;96;107;71;803;152;514;2213;0;0;0;0;0;No
40;Female;87;128;80;797;157;586;2363;0;0;0;0;0;No
56;Female;66;128;67;1013;155;631;2628;0;0;0;0;0;No
50;Female;94;127;77;704;145;380;1813;0;0;0;0;0;No
68;Female;96;177;105;721;16;640;2499;0;0;0;0;0;No
50;Male;76;129;90;607;152;419;1804;0;0;0;0;0;No
45;Female;51;143;76;55;16;342;1336;0;0;0;0;0;No
30;Female;86;128;79;737;163;510;193;0;0;0;0;0;No
35;Female;79;120;81;1232;165;546;2003;0;0;0;0;0;No
35;Female;96;102;70;63;152;365;1572;0;0;0;0;0;No
55;Female;87;105;61;888;152;450;1938;0;0;0;0;0;No
28;Female;84;148;83;745;163;677;2562;0;0;0;0;0;No
50;Female;106;131;79;608;152;465;2002;0;0;0;0;0;No
65;Female;83;145;73;955;157;456;1839;0;1;0;0;0;No
60;Female;72;128;78;991;147;450;2073;0;0;0;0;0;No
70;Female;96;129;73;841;15;550;2449;0;0;0;0;0;No
33;Male;78;133;79;631;16;560;2187;0;0;0;0;0;No
58;Female;95;127;62;1543;137;450;2392;0;0;0;0;0;No
56;Male;75;133;94;515;16;650;2538;0;0;0;0;0;Yes
80;Female;77;129;73;102;137;292;1552;0;0;0;0;0;No
40;Female;73;123;77;658;15;490;2182;0;0;0;0;0;No
32;Female;95;107;53;901;15;575;256;0;0;0;0;0;No
26;Female;87;110;68;764;157;678;2734;0;0;0;0;0;No
56;Male;79;160;88;806;157;560;2258;0;0;0;0;0;No
36;Female;85;146;93;871;155;652;2716;0;1;0;0;0;No
38;Male;56;102;66;644;16;560;2187;0;0;0;0;0;No
38;Male;97;118;77;51;168;610;2171;0;0;0;0;0;No
30;Female;73;94;56;542;155;620;2583;0;0;0;0;0;No
52;Female;86;149;81;765;152;560;2411;0;0;0;0;0;No
35;Female;83;122;80;1254;152;500;2153;0;0;0;0;0;Yes
32;Female;65;113;71;1013;155;410;1708;0;0;0;0;0;No
56;Female;73;180;109;2225;152;520;2239;0;1;0;0;0;Yes
45;Female;78;119;70;494;152;580;2497;0;0;0;0;0;No
30;Female;84;130;72;553;155;520;2166;0;0;0;0;0;No
50;Female;75;116;62;572;155;510;2124;0;0;0;0;0;No
65;Female;67;129;72;543;15;390;1737;0;0;0;0;0;No
22;Female;70;107;80;582;155;485;202;0;0;0;0;0;No
45;Female;107;132;79;793;155;570;2374;0;0;0;0;0;No
41;Male;63;126;88;685;152;498;2144;0;0;0;0;0;No
60;Female;88;123;78;658;15;380;1692;0;0;0;0;0;No
30;Female;74;123;90;74;152;480;2067;0;0;0;0;0;No
32;Female;77;123;79;643;155;450;1874;0;0;0;0;0;No
70;Female;88;175;89;579;157;560;2258;0;0;0;0;0;No
34;Female;91;117;83;629;142;587;2901;0;0;0;0;0;No
25;Female;83;97;70;455;15;560;2494;0;0;0;0;0;No
40;Female;79;115;77;644;152;550;2368;0;0;0;0;0;No
65;Female;85;143;101;576;157;600;2419;0;0;0;0;0;Yes
65;Male;64;147;98;795;163;650;246;0;0;0;0;0;No
35;Female;80;154;110;751;157;786;3169;0;0;0;0;0;No
40;Female;98;113;72;100;152;575;2476;0;0;0;0;0;No
30;Female;86;100;69;882;152;552;2377;0;0;0;0;0;No
50;Female;52;126;98;683;152;580;2497;0;1;0;0;0;No
48;Female;78;153;106;567;145;515;2457;0;0;0;0;0;No
38;Female;85;107;73;575;14;372;1906;0;0;0;0;0;No
45;Female;66;148;86;722;155;392;1633;1;0;1;0;0;No
55;Female;87;104;61;686;152;550;2368;0;0;0;0;0;No
55;Female;78;102;72;593;152;467;2011;0;0;0;0;0;No
50;Female;75;134;77;867;152;517;2226;0;0;0;0;0;No
55;Female;106;151;94;1214;15;505;2249;0;0;0;0;0;No
39;Female;80;116;71;576;15;470;2093;0;0;0;0;0;No
39;Female;74;118;78;597;15;496;2209;0;0;0;0;0;No
31;Female;73;104;73;787;152;610;2626;0;0;0;0;0;No
30;Female;79;104;76;56;152;470;2024;0;0;0;0;0;No
55;Female;66;160;76;659;147;400;1843;0;0;0;0;0;No
39;Female;99;112;78;736;155;612;2549;0;0;0;0;0;No
55;Female;69;127;82;612;15;424;1888;0;0;0;0;0;No
65;Female;84;155;61;763;15;512;228;0;0;0;0;0;No
45;Female;89;117;66;797;157;470;1895;0;0;0;0;0;No
52;Female;80;132;78;934;155;345;1437;0;0;0;0;0;No
30;Female;72;134;83;58;157;506;204;0;0;0;0;0;No
37;Female;95;135;85;706;165;470;1724;0;0;0;0;0;No
27;Female;103;98;69;622;16;516;2015;0;0;0;0;0;No
45;Female;75;135;82;644;155;401;167;0;0;0;0;0;No
35;Female;83;121;83;648;157;415;1673;0;0;0;0;0;No
30;Female;91;116;72;767;152;452;1946;0;0;0;0;0;No
32;Male;67;130;83;603;157;600;2419;0;0;0;0;0;No
36;Female;85;120;80;20;152;620;2684;0;0;0;0;0;No
35;Female;100;133;73;1378;155;640;2666;0;0;0;0;0;No
45;Female;91;96;63;833;145;420;2004;0;0;0;0;0;No
30;Female;88;113;67;671;155;560;2333;0;0;0;0;0;No
70;Male;75;123;54;683;16;409;1597;0;0;0;0;0;No
70;Female;71;188;102;614;145;388;1851;0;0;0;0;0;No
45;Female;84;88;66;797;152;503;2166;0;0;0;0;0;No
55;Female;79;132;78;991;157;595;2399;0;0;0;0;0;No
60;Female;58;150;75;672;152;500;2153;0;0;0;0;0;No
50;Female;96;137;86;849;152;460;1981;0;0;0;0;0;No
63;Female;80;180;79;663;155;355;1479;0;0;0;0;0;No
50;Female;75;132;71;2199;152;540;2325;0;0;0;0;0;Yes
55;Female;86;140;88;763;145;425;2028;0;0;0;0;0;No
40;Female;75;121;80;1156;155;477;1987;0;0;0;0;0;No
40;Female;99;144;84;995;155;652;2716;0;0;0;0;0;No
30;Female;104;101;67;767;157;422;1702;0;0;0;0;0;No
40;Female;86;130;84;708;16;560;2187;1;0;1;0;0;No
30;Female;80;120;71;504;157;532;2145;0;0;0;0;0;No
30;Female;89;110;54;627;155;583;2429;0;0;0;0;0;No
30;Female;91;82;53;609;152;392;1688;0;0;0;0;0;No
62;Female;74;121;56;556;155;452;1883;0;0;0;0;0;No
70;Female;89;141;72;862;142;402;1987;0;0;0;0;0;No
70;Male;85;129;69;455;168;568;2021;0;0;0;0;0;No
30;Female;91;101;60;759;152;522;2248;0;0;0;0;0;No
40;Female;74;116;65;754;15;400;1781;0;0;0;0;0;No
30;Female;69;94;65;499;15;450;2004;0;0;0;0;0;No
70;Female;61;194;87;58;147;324;1493;0;0;0;0;0;No
44;Female;56;195;111;886;147;500;2304;0;0;0;0;0;No
35;Female;91;112;75;632;15;560;2494;0;0;0;0;0;No
30;Female;84;110;77;76;152;530;2282;0;0;0;0;0;No
45;Female;108;167;98;678;152;827;3561;0;0;0;0;0;No
38;Female;80;129;86;704;152;526;2265;0;0;0;0;0;No
40;Female;87;100;66;789;157;610;246;0;0;0;0;0;No
31;Female;97;129;83;88;155;600;2499;0;0;0;0;0;No
35;Female;74;104;69;558;15;570;2538;0;0;0;0;0;No
35;Female;86;117;74;791;142;618;3055;0;0;0;0;0;No
35;Female;85;102;65;758;152;565;2433;0;0;0;0;0;No
65;Female;78;152;82;986;142;453;2239;0;0;0;0;0;No
42;Male;65;120;62;70;163;568;2149;0;0;0;0;0;No
55;Female;93;118;63;80;145;390;1861;0;0;0;0;0;No
60;Female;80;123;80;61;145;490;2338;0;0;0;0;0;No
40;Female;99;127;76;773;155;440;1833;0;0;0;0;0;No
30;Female;88;185;108;277;15;606;2698;0;0;0;0;0;No
32;Female;94;112;76;754;155;502;2091;0;0;0;0;0;No
45;Female;87;128;75;831;155;475;1979;0;0;0;0;0;No
40;Female;75;130;85;595;16;593;2316;0;0;0;0;0;No
55;Female;107;153;83;893;155;556;2316;0;0;0;0;0;No
30;Female;92;121;73;819;157;483;1948;0;0;0;0;0;No
32;Female;76;114;68;65;152;570;2454;0;0;0;0;0;No
30;Female;87;111;76;611;147;430;1981;0;0;0;0;0;No
31;Female;83;107;69;68;147;510;235;0;0;0;0;0;No
60;Female;70;140;80;693;152;504;217;0;0;0;0;0;No
70;Male;73;170;92;748;168;500;1779;0;0;0;0;0;No
58;Female;85;126;78;651;16;630;246;0;0;0;0;0;No
32;Female;82;124;75;2303;16;630;246;0;0;0;0;0;No
60;Female;83;146;80;711;147;340;1567;0;0;0;0;0;No
30;Male;74;107;73;694;157;389;1569;0;0;0;0;0;No
55;Male;79;106;75;765;163;540;2043;0;0;0;0;0;No
45;Female;102;110;80;1033;157;734;296;0;0;0;0;0;No
45;Female;85;114;82;985;15;392;1745;0;0;0;0;0;No
30;Female;103;116;84;625;152;600;2583;0;0;0;0;0;No
49;Female;84;131;99;468;15;481;2142;0;0;0;0;0;No
55;Female;71;104;59;828;15;394;1754;0;0;0;0;0;No
60;Female;97;116;98;1762;15;568;2529;0;0;0;0;0;No
30;Female;83;129;82;845;155;595;2479;0;0;0;0;0;No
35;Female;110;122;79;1665;147;520;2396;0;0;0;0;0;No
32;Female;72;114;72;632;152;530;2282;0;0;0;0;0;No
38;Female;102;128;83;756;152;520;2239;0;0;0;0;0;No
38;Female;74;120;68;688;152;520;2239;0;0;0;0;0;No
45;Female;97;129;84;707;152;520;2239;0;0;0;0;0;No
55;Female;80;156;78;647;145;400;1908;0;1;0;0;0;No
45;Female;73;116;66;617;152;420;1808;0;0;0;0;0;No
32;Female;73;117;72;759;15;518;2307;0;0;0;0;0;No
35;Female;84;131;81;677;152;600;2583;0;0;0;0;0;No
35;Female;90;106;75;894;147;360;1659;0;0;0;0;0;No
55;Female;71;176;94;565;155;630;2624;0;0;0;0;0;No
60;Female;78;197;105;85;152;420;1808;0;0;0;0;0;No
35;Female;76;119;74;685;152;570;2454;0;0;0;0;0;No
56;Female;74;146;98;712;152;520;2239;0;0;0;0;0;No
35;Male;66;99;73;65;16;500;1953;1;0;1;0;0;No
35;Female;74;125;89;846;157;620;250;0;0;0;0;0;No
65;Female;65;120;69;779;152;530;2282;0;0;0;0;0;No
51;Female;81;101;78;717;152;560;2411;0;0;0;0;0;No
30;Male;89;129;89;798;168;590;2099;1;0;1;0;0;No
25;Female;98;107;73;564;155;595;2479;0;0;0;0;0;No
35;Female;80;148;85;721;142;444;2195;0;0;0;0;0;Yes
32;Female;112;123;83;54;152;480;2067;0;0;0;0;0;No
30;Female;75;119;77;873;155;450;1874;0;0;0;0;0;No
26;Female;83;136;92;507;157;660;2661;0;0;0;0;0;No
68;Female;81;112;69;57;147;373;1719;0;0;0;0;0;No
45;Female;88;105;71;781;147;357;1645;0;0;0;0;0;No
39;Female;94;122;79;732;147;400;1843;0;0;0;0;0;No
48;Female;89;131;86;665;152;509;2192;0;0;0;0;0;No
70;Female;103;139;82;724;152;595;2562;0;0;0;0;0;No
70;Female;70;117;66;687;15;401;1786;0;0;0;0;0;No
35;Female;78;96;62;714;152;611;2631;0;0;0;0;0;No
35;Female;100;128;73;632;15;468;2084;0;0;0;0;0;No
30;Female;87;102;55;822;145;410;1956;0;0;0;0;0;No
56;Male;61;118;75;619;163;545;2062;0;0;0;0;0;No
30;Female;68;146;101;601;152;400;1722;0;0;0;0;0;No
42;Female;84;116;78;1824;152;550;2368;0;0;0;0;0;No
35;Female;81;130;77;1106;163;500;1892;0;0;0;0;0;No
60;Female;64;133;67;612;152;490;211;0;0;0;0;0;No
30;Female;82;119;68;515;152;480;2067;0;0;0;0;0;No
76;Female;75;195;102;854;16;600;2343;0;0;0;0;0;No
33;Female;86;156;94;572;152;550;2368;0;0;0;0;0;No
65;Female;100;161;80;59;15;430;1915;0;0;0;0;0;No
30;Female;78;122;77;522;155;385;1604;0;0;0;0;0;No
40;Female;82;130;76;823;157;560;2258;0;0;0;0;0;No
60;Female;70;129;78;768;152;480;2067;0;0;0;0;0;No
70;Female;106;118;87;63;152;350;1507;0;0;0;0;0;No
40;Male;93;152;79;145;165;750;2751;0;0;0;0;0;No
35;Female;89;119;81;1196;152;498;2144;0;0;0;0;0;No
31;Female;73;106;64;639;152;490;211;0;0;0;0;0;No
70;Male;87;110;80;616;157;366;1476;0;0;0;0;0;No
58;Female;72;129;75;611;15;450;2004;0;0;0;0;0;No
30;Female;73;129;69;559;157;572;2306;0;0;0;0;0;No
56;Female;76;111;75;603;152;450;1938;0;0;0;0;0;No
48;Female;79;129;78;726;152;560;2411;0;0;0;0;0;No
75;Female;79;129;72;898;152;450;1938;0;0;0;0;0;No
50;Female;78;172;107;1015;145;600;2862;0;1;0;0;0;No
45;Female;84;153;101;704;155;620;2583;0;0;0;0;0;No
56;Female;90;112;82;85;157;610;246;0;0;0;0;0;No
37;Female;62;119;82;112;155;530;2208;0;0;0;0;0;No
35;Female;84;129;79;148;152;520;2239;0;0;0;0;0;No
47;Female;61;163;100;467;157;588;2371;0;0;0;0;0;No
55;Female;73;196;116;684;152;530;2282;0;1;0;0;0;No
58;Female;73;170;82;822;152;470;2024;0;0;0;0;0;No
30;Female;113;148;91;555;152;480;2067;0;0;0;0;0;No
42;Male;71;109;78;765;168;570;2028;1;0;1;0;0;No
62;Male;70;154;81;75;168;622;2213;0;0;0;0;0;No
45;Female;102;101;72;688;15;425;1892;0;0;0;0;0;No
63;Male;77;106;61;851;152;398;1714;0;0;0;0;0;No
60;Female;90;157;98;749;15;450;2004;0;0;0;0;0;No
34;Female;80;117;70;752;15;550;2449;0;0;0;0;0;No
40;Female;66;119;84;743;157;580;2339;0;0;0;0;0;No
60;Female;89;129;74;702;15;460;2048;0;0;0;0;0;No
75;Female;79;136;79;825;152;590;254;0;0;0;0;0;No
23;Female;76;119;65;1009;152;550;2368;0;0;0;0;0;No
35;Female;94;124;89;554;152;520;2239;0;0;0;0;0;No
65;Female;73;170;102;642;15;450;2004;0;0;0;0;0;No
75;Male;77;110;76;666;17;680;2348;0;0;0;0;0;No
70;Female;80;152;73;804;15;456;203;0;0;0;0;0;No
30;Male;82;130;90;585;157;570;2298;0;0;0;0;0;No
58;Female;82;104;72;762;15;335;1492;0;0;0;0;0;No
55;Female;89;131;86;647;15;395;1759;0;0;0;0;0;No
32;Female;78;102;65;555;152;456;1963;0;0;0;0;0;No
80;Male;63;128;83;579;155;610;2541;0;0;0;0;0;No
60;Female;94;114;68;607;152;410;1765;0;0;0;0;0;No
40;Female;81;93;59;887;152;450;1938;0;0;0;0;0;No
35;Female;90;106;80;528;152;560;2411;0;0;0;0;0;No
36;Female;62;120;70;676;155;532;2216;0;0;0;0;0;No
39;Female;102;123;81;141;155;450;1874;0;0;0;0;0;Yes
32;Female;80;177;114;626;152;590;254;0;1;0;0;0;No
48;Female;65;128;70;715;152;510;2196;0;0;0;0;0;No
53;Female;67;172;79;834;155;580;2416;0;0;0;0;0;No
56;Female;69;118;66;736;152;470;2024;0;0;0;0;0;No
38;Female;71;105;68;605;15;450;2004;1;0;1;0;0;No
31;Female;101;120;79;649;152;560;2411;1;0;1;0;0;No
40;Male;64;111;65;87;168;560;1993;1;0;1;0;0;No
65;Female;70;182;100;816;155;560;2333;0;1;0;0;0;No
40;Female;74;140;83;615;152;380;1636;0;0;0;0;0;No
40;Female;93;125;82;1107;15;500;2226;0;0;0;0;0;No
35;Female;91;103;69;796;157;540;2177;0;0;0;0;0;No
38;Female;80;100;68;628;155;450;1874;0;0;0;0;0;No
30;Female;76;110;69;749;155;580;2416;0;0;0;0;0;No
30;Female;82;153;98;623;157;720;2903;0;0;0;0;0;No
50;Female;75;132;66;546;152;375;1615;0;0;0;0;0;No
30;Female;78;124;83;573;157;525;2117;0;0;0;0;0;No
50;Female;85;143;93;814;157;540;2177;0;1;0;0;0;No
31;Female;90;124;80;88;152;520;2239;0;0;0;0;0;No
40;Male;78;114;68;515;165;520;1908;0;0;0;0;0;No
55;Female;102;95;74;649;152;530;2282;0;0;0;0;0;No
45;Male;77;129;76;693;163;600;2271;0;0;0;0;0;No
40;Male;81;110;73;744;165;580;2128;0;0;0;0;0;No
35;Female;112;133;93;941;152;520;2239;0;0;0;0;0;No
45;Female;80;104;68;675;157;490;1976;0;0;0;0;0;No
40;Female;101;111;68;636;15;520;2315;0;0;0;0;0;No
72;Male;64;132;85;819;168;520;185;0;0;0;0;0;No
75;Female;89;157;96;806;15;440;1959;0;0;0;0;0;No
40;Female;69;131;83;813;152;530;2282;0;0;0;0;0;No
38;Female;97;113;81;553;152;520;2239;0;0;0;0;0;No
32;Female;97;125;78;751;15;620;2761;0;0;0;0;0;No
57;Male;60;150;92;80;168;660;2348;0;0;0;0;0;No
55;Female;72;157;78;711;147;390;1797;0;0;0;0;0;No
35;Female;78;100;63;557;157;578;2331;0;0;0;0;0;No
36;Male;57;147;85;53;163;580;2195;0;1;0;0;0;No
35;Female;80;98;59;689;142;300;1483;0;0;0;0;0;No
40;Female;77;149;92;562;145;410;1956;0;0;0;0;0;No
50;Female;83;110;64;617;152;450;1938;0;0;0;0;0;No
45;Female;86;127;78;67;155;385;1604;0;0;0;0;0;No
35;Female;84;105;61;58;155;520;2166;0;0;0;0;0;No
63;Male;61;176;89;516;155;550;2291;0;1;0;0;0;No
39;Female;77;132;64;668;155;460;1916;0;0;0;0;0;No
35;Female;96;134;96;684;155;490;2041;0;0;0;0;0;No
40;Female;81;111;70;725;155;491;2045;0;0;0;0;0;No
55;Female;63;125;68;642;155;484;2016;0;0;0;0;0;No
70;Female;72;122;71;846;152;450;1938;0;0;0;0;0;No
55;Male;84;123;82;526;163;600;2271;0;0;0;0;0;No
48;Female;74;116;80;738;152;530;2282;0;0;0;0;0;No
68;Female;77;114;64;655;15;410;1826;0;0;0;0;0;No
49;Female;79;112;75;48;15;366;163;0;0;0;0;0;No
48;Female;89;145;100;798;15;500;2226;0;0;0;0;0;No
45;Female;63;174;105;802;155;517;2154;0;0;0;0;0;No
28;Female;96;117;79;795;155;656;2733;0;0;0;0;0;No
65;Female;92;128;60;807;147;368;1696;0;0;0;0;0;No
50;Male;53;118;59;665;152;350;1507;0;0;0;0;0;No
54;Male;69;117;74;71;147;400;1843;0;0;0;0;0;No
35;Female;108;123;74;64;155;605;252;0;0;0;0;0;No
36;Female;81;105;65;62;147;465;2143;0;0;0;0;0;No
49;Female;79;150;100;641;152;480;2067;0;0;0;0;0;No
35;Female;86;115;81;623;152;400;1722;0;0;0;0;0;No
40;Female;68;130;89;633;147;460;212;0;0;0;0;0;No
35;Female;71;129;84;559;155;623;2595;0;0;0;0;0;No
59;Female;67;162;101;617;152;530;2282;0;0;0;0;0;No
56;Male;67;118;73;66;152;560;2411;0;0;0;0;0;No
50;Female;87;139;80;803;152;520;2239;0;0;0;0;0;No
35;Female;91;126;71;525;152;520;2239;0;0;0;0;0;No
38;Female;79;103;61;551;155;560;2333;0;0;0;0;0;No
54;Female;66;144;77;708;147;595;2742;0;0;0;0;0;No
54;Female;69;175;87;722;155;510;2124;0;0;0;0;0;No
31;Male;97;92;79;536;155;530;2208;1;0;1;0;0;No
45;Female;102;126;91;815;152;590;254;0;0;0;0;0;No
35;Female;90;125;87;713;152;600;2583;0;0;0;0;0;No
70;Male;74;151;81;943;152;590;254;0;0;0;0;0;No
25;Female;82;105;68;84;16;550;2148;0;0;0;0;0;No
36;Female;74;129;76;797;16;680;2656;0;0;0;0;0;No
65;Female;64;163;86;68;152;570;2454;0;0;0;0;0;No
45;Female;79;124;93;617;15;550;2449;0;0;0;0;0;No
60;Female;61;141;64;1033;152;550;2368;0;0;0;0;0;No
22;Female;115;127;79;1468;157;550;2218;0;0;0;0;0;No
32;Female;89;126;86;598;157;520;2097;0;0;0;0;0;No
30;Female;80;114;72;607;15;540;2404;0;0;0;0;0;No
65;Female;87;142;88;785;15;450;2004;0;0;0;0;0;No
40;Female;73;125;79;1046;165;550;2018;0;0;0;0;0;No
45;Female;75;102;67;741;142;450;2224;0;0;0;0;0;No
70;Female;71;159;84;2608;157;600;2419;0;0;0;0;0;No
22;Female;82;96;63;672;152;550;2368;1;0;1;0;0;No
40;Male;89;144;88;784;17;580;2003;1;0;1;0;0;No
65;Male;66;164;94;567;165;580;2128;0;0;0;0;0;No
32;Female;109;106;77;1105;15;580;2583;0;0;0;0;0;No
55;Female;89;104;66;823;152;510;2196;0;0;0;0;0;No
55;Female;83;117;76;968;17;520;1796;0;0;0;0;0;No
32;Male;78;121;76;582;165;510;1871;0;0;0;0;0;No
30;Male;67;126;66;649;168;580;2064;0;0;0;0;0;No
45;Male;73;110;67;801;168;550;1957;0;0;0;0;0;No
45;Female;85;130;88;64;157;576;2323;0;0;0;0;0;No
50;Female;65;127;70;665;152;447;1925;0;0;0;0;0;No
58;Female;64;173;81;535;155;408;170;0;0;0;0;0;No
45;Female;98;147;88;815;155;670;2791;0;0;0;0;0;No
40;Female;73;134;81;648;155;450;1874;0;0;0;0;0;No
35;Female;61;112;62;984;157;510;2056;0;0;0;0;0;No
35;Female;95;104;80;581;157;435;1754;0;0;0;0;0;No
30;Female;85;112;66;667;155;492;2049;0;0;0;0;0;No
70;Male;79;124;75;797;15;420;187;0;0;0;0;0;No
52;Male;62;151;90;644;16;700;2734;0;0;0;0;0;No
45;Female;74;128;89;774;152;590;254;0;0;0;0;0;No
58;Female;86;176;93;571;152;477;2054;0;0;0;0;0;No
52;Female;75;146;92;1001;152;655;282;0;0;0;0;0;No
35;Female;108;111;78;754;152;573;2467;0;0;0;0;0;No
53;Female;75;120;73;776;152;452;1946;0;0;0;0;0;No
65;Female;77;127;71;516;152;400;1722;0;0;0;0;0;No
55;Female;81;99;64;655;147;408;188;0;0;0;0;0;No
60;Female;89;158;70;725;152;453;195;0;0;0;0;0;No
35;Female;78;117;74;672;152;513;2209;0;0;0;0;0;No
30;Female;97;105;68;1388;147;478;2202;0;0;0;0;0;No
40;Female;69;129;73;819;147;398;1834;0;0;0;0;0;No
30;Female;75;114;55;698;155;560;2333;1;0;1;0;0;No
35;Female;81;144;92;653;152;520;2239;0;0;0;0;0;No
35;Female;70;130;93;782;157;580;2339;0;0;0;0;0;No
38;Female;87;135;87;592;157;600;2419;0;0;0;0;0;No
50;Female;68;139;82;781;152;450;1938;0;0;0;0;0;No
30;Female;83;103;71;703;157;580;2339;0;0;0;0;0;No
70;Male;67;119;64;731;17;620;2141;0;0;0;0;0;No
65;Female;69;119;66;60;152;480;2067;0;0;0;0;0;No
45;Male;81;104;79;634;163;568;2149;0;0;0;0;0;No
40;Female;95;123;82;791;152;499;2148;0;0;0;0;0;No
38;Female;80;100;80;703;15;536;2387;0;0;0;0;0;No
58;Female;84;130;83;751;152;443;1907;0;0;0;0;0;No
40;Female;99;137;88;488;152;499;2148;0;0;0;0;0;No
65;Female;97;120;76;557;142;398;1967;0;0;0;0;0;No
35;Male;74;130;88;454;16;555;2167;0;0;0;0;0;No
60;Female;84;145;86;719;157;602;2427;0;0;0;0;0;No
30;Female;100;130;78;556;152;635;2734;0;0;0;0;0;No
35;Female;91;100;64;976;152;450;1938;0;0;0;0;0;No
38;Female;70;139;84;781;145;630;3006;0;0;0;0;0;No
50;Female;63;126;105;692;152;582;2506;0;0;0;0;0;No
60;Female;64;123;77;664;145;460;2195;0;0;0;0;0;No
60;Female;69;166;93;705;145;420;2004;0;0;0;0;0;No
40;Female;75;146;91;907;145;567;2705;0;0;0;0;0;No
80;Female;65;172;93;777;157;650;2621;0;0;0;0;0;No
30;Female;97;98;61;626;168;680;242;0;0;0;0;0;No
35;Female;66;96;64;1048;15;490;2182;0;0;0;0;0;No
35;Female;74;113;72;719;15;580;2583;0;0;0;0;0;No
28;Female;74;116;75;535;15;550;2449;0;0;0;0;0;No
52;Male;67;124;74;919;165;646;237;0;0;0;0;0;No
26;Female;90;111;69;726;16;550;2148;0;0;0;0;0;No
27;Female;87;122;78;755;152;670;2885;0;0;0;0;0;No
40;Female;87;101;76;687;155;388;1616;0;0;0;0;0;No
34;Male;61;153;84;817;168;636;2263;0;0;0;0;0;No
80;Male;68;151;108;707;165;570;2091;0;0;0;0;0;No
42;Male;59;143;91;1048;168;522;1857;0;1;0;0;0;No
37;Male;60;90;57;674;168;588;2092;0;0;0;0;0;No
32;Female;79;133;75;736;157;750;3024;0;0;0;0;0;No
30;Female;79;126;90;614;152;534;2299;0;0;0;0;0;No
30;Female;89;125;80;834;157;570;2298;0;0;0;0;0;No
70;Female;73;155;93;664;15;370;1648;0;1;0;0;0;No
22;Female;88;102;57;56;155;431;1795;0;0;0;0;0;No
35;Female;66;167;90;681;165;700;2568;0;0;0;0;0;No
30;Female;96;122;61;694;155;420;175;0;0;0;0;0;No
50;Female;58;141;85;1288;155;372;155;0;0;0;0;0;No
30;Female;106;130;84;675;157;690;2782;0;0;0;0;0;No
58;Female;101;129;81;573;152;453;195;0;0;0;0;0;No
56;Female;78;146;90;502;155;541;2254;0;0;0;0;0;Yes
40;Female;90;125;79;589;145;407;1942;0;0;0;0;0;No
35;Female;74;124;85;813;16;660;2577;0;0;0;0;0;No
55;Female;75;122;63;75;152;365;1572;0;0;0;0;0;No
38;Male;66;129;77;663;157;550;2218;0;0;0;0;0;No
60;Female;67;157;85;877;157;580;2339;0;0;0;0;0;No
64;Female;70;129;76;615;16;570;2226;0;0;0;0;0;No
56;Male;100;118;89;751;165;690;2531;0;0;0;0;0;No
60;Female;104;132;83;805;15;330;1469;0;0;0;0;0;No
55;Female;80;102;75;989;15;430;1915;0;0;0;0;0;No
25;Female;96;130;91;664;155;630;2624;0;0;0;0;0;No
55;Female;74;107;68;637;152;450;1938;0;0;0;0;0;No
40;Female;88;123;82;688;152;630;2713;0;0;0;0;0;No
53;Female;76;137;90;733;168;430;153;0;0;0;0;0;No
37;Female;73;143;93;524;152;562;242;0;0;0;0;0;No
45;Female;60;104;64;576;152;423;1821;0;0;0;0;0;No
30;Female;76;130;69;789;155;510;2124;0;0;0;0;0;No
40;Female;91;131;98;1229;157;450;1815;0;0;0;0;0;No
25;Female;82;116;71;485;142;380;1878;0;0;0;0;0;No
37;Female;95;111;75;679;147;391;1802;0;0;0;0;0;No
35;Female;83;123;71;508;157;560;2258;0;0;0;0;0;No
35;Female;93;128;92;613;157;500;2016;0;0;0;0;0;No
40;Female;78;164;105;707;155;570;2374;0;0;0;0;0;No
40;Female;86;129;86;856;152;478;2058;0;0;0;0;0;No
55;Female;78;112;68;766;157;560;2258;0;0;0;0;0;No
40;Female;73;124;78;601;155;490;2041;0;0;0;0;0;No
70;Female;75;118;69;651;152;400;1722;0;0;0;0;0;No
41;Female;72;131;84;739;155;547;2279;0;0;0;0;0;No
52;Female;88;106;73;532;178;714;2259;0;0;0;0;0;No
70;Male;86;151;94;911;152;370;1593;0;0;0;0;0;No
42;Female;73;118;74;669;155;624;2599;0;0;0;0;0;No
60;Female;74;129;59;604;147;348;1603;0;0;0;0;0;No
35;Female;100;128;77;581;152;598;2575;0;0;0;0;0;No
45;Female;65;149;103;834;147;458;211;0;0;0;0;0;No
35;Female;65;86;50;866;152;562;242;0;0;0;0;0;No
35;Female;84;147;87;939;152;658;2833;0;0;0;0;0;No
38;Female;95;120;79;656;142;422;2086;0;0;0;0;0;No
45;Female;80;189;111;1499;145;786;375;0;0;0;0;0;No
30;Male;57;122;70;845;168;500;1779;0;0;0;0;0;No
56;Male;74;128;78;1024;155;400;1666;0;0;0;0;0;No
31;Female;92;127;86;51;157;610;246;0;0;0;0;0;No
35;Female;79;89;56;955;145;462;2204;0;0;0;0;0;No
33;Female;94;106;74;573;157;590;2379;0;0;0;0;0;No
67;Female;76;155;69;556;155;450;1874;0;0;0;0;0;No
40;Female;85;113;67;905;155;470;1958;0;0;0;0;0;No
31;Female;91;105;78;598;152;500;2153;0;0;0;0;0;No
40;Female;69;179;118;582;155;446;1858;0;0;0;0;0;No
35;Female;83;114;81;725;152;430;1851;0;0;0;0;0;No
70;Female;70;155;89;926;142;354;175;0;0;0;0;0;No
30;Female;71;130;86;579;152;580;2497;0;0;0;0;0;No
31;Female;97;122;87;503;145;430;2051;0;0;0;0;0;No
40;Female;72;144;111;675;152;467;2011;0;1;0;0;0;No
45;Female;77;116;84;635;152;395;1701;0;0;0;0;0;No
45;Female;89;138;101;801;147;470;2166;0;0;0;0;0;No
50;Female;81;123;75;649;147;381;1756;0;0;0;0;0;No
70;Female;89;188;65;1083;147;407;1875;0;0;0;0;0;No
35;Female;77;111;72;634;152;512;2204;0;0;0;0;0;No
31;Female;62;123;73;517;16;568;2218;0;0;0;0;0;No
45;Female;77;116;64;584;155;661;2753;0;0;0;0;0;No
52;Female;79;175;78;808;15;610;2716;0;0;0;0;0;No
45;Female;87;115;93;566;152;620;2669;0;0;0;0;0;No
40;Female;88;129;82;703;157;500;2016;0;0;0;0;0;No
43;Female;76;129;84;744;155;530;2208;0;0;0;0;0;No
35;Female;76;119;73;589;155;600;2499;0;0;0;0;0;No
33;Male;72;102;71;443;157;390;1573;0;0;0;0;0;No
55;Female;104;151;109;878;15;609;2712;0;0;0;0;0;No
40;Male;84;113;67;928;17;708;2445;0;0;0;0;0;No
30;Female;79;124;90;958;152;758;3264;0;0;0;0;0;No
40;Female;74;125;87;1702;155;567;2362;0;0;0;0;0;No
30;Female;90;99;71;55;147;382;176;0;0;0;0;0;No
52;Male;54;170;104;651;168;613;2181;0;0;0;0;0;No
45;Female;76;155;87;819;157;385;1552;0;0;0;0;0;No
36;Female;73;122;78;682;157;680;2742;0;0;0;0;0;No
30;Female;86;111;76;487;157;452;1823;0;0;0;0;0;No
40;Female;91;133;89;786;152;439;189;0;0;0;0;0;No
40;Female;70;143;76;726;155;405;1687;0;0;0;0;0;No
33;Female;80;113;70;501;155;445;1854;0;0;0;0;0;No
35;Female;64;169;93;1028;15;610;2716;0;1;0;0;0;No
53;Female;90;117;84;1074;147;590;2718;0;0;0;0;0;Yes
35;Female;79;138;73;1599;155;596;2483;0;0;0;0;0;No
65;Female;64;175;84;687;145;440;2099;0;0;0;0;0;No
70;Female;90;140;88;502;147;397;1829;0;0;0;0;0;No
32;Male;72;129;82;62;168;581;2067;1;0;1;0;0;No
40;Female;83;116;73;84;15;578;2574;0;0;0;0;0;No
35;Female;87;106;73;674;155;532;2216;0;0;0;0;0;No
35;Female;87;128;83;522;147;456;2101;0;0;0;0;0;No
45;Female;88;122;72;636;147;412;1898;0;0;0;0;0;No
45;Female;100;195;113;639;152;450;1938;0;0;0;0;0;No
35;Female;93;129;85;719;152;412;1774;0;0;0;0;0;No
40;Female;75;111;70;795;152;536;2308;0;0;0;0;0;No
35;Female;81;135;87;1105;155;599;2495;0;0;0;0;0;No
55;Female;94;134;79;758;147;420;1935;0;0;0;0;0;No
70;Male;71;141;90;658;16;561;2191;0;1;0;0;0;Yes
55;Male;79;119;78;877;173;450;1508;0;0;0;0;0;No
60;Female;88;151;75;695;152;450;1938;0;0;0;0;0;No
53;Male;75;192;109;662;173;580;1944;0;0;0;0;0;No
60;Female;68;152;79;704;152;450;1938;0;0;0;0;0;No
33;Male;74;136;91;716;165;500;1834;0;0;0;0;0;No
50;Female;71;115;70;737;157;540;2177;0;0;0;0;0;No
21;Female;85;137;93;562;152;480;2067;0;0;0;0;0;No
65;Male;64;141;71;617;163;568;2149;0;1;0;0;0;No
50;Female;74;129;80;725;157;450;1815;0;0;0;0;0;No
48;Female;84;122;89;741;157;550;2218;0;0;0;0;0;No
42;Female;71;97;64;694;152;450;1938;0;0;0;0;0;No
70;Female;72;115;77;639;15;490;2182;0;0;0;0;0;No
69;Female;71;124;66;739;152;510;2196;0;0;0;0;0;No
75;Female;50;190;93;701;155;450;1874;0;0;0;0;0;No
45;Male;69;132;77;903;157;537;2165;0;0;0;0;0;No
50;Female;66;138;96;1113;173;752;2521;0;0;0;0;0;Yes
50;Female;60;163;100;711;155;494;2058;0;0;0;0;0;No
35;Female;83;143;85;701;152;520;2239;0;0;0;0;0;No
30;Female;72;123;88;619;152;420;1808;0;0;0;0;0;No
55;Female;93;145;94;594;152;530;2282;0;0;0;0;0;No
32;Female;83;119;74;476;145;630;3006;0;0;0;0;0;No
70;Male;73;135;87;656;165;590;2165;0;0;0;0;0;No
26;Female;94;126;64;712;157;560;2258;0;0;0;0;0;No
45;Female;95;151;87;1922;152;500;2153;0;0;0;0;0;No
60;Female;74;162;104;756;16;500;1953;0;0;0;0;0;No
50;Female;65;155;92;523;152;492;2118;0;0;0;0;0;No
40;Female;90;122;86;534;152;520;2239;0;0;0;0;0;No
32;Male;74;130;98;753;168;643;2288;0;0;0;0;0;No
60;Male;75;147;85;599;16;742;2898;0;0;0;0;0;No
45;Female;85;152;105;769;152;598;2575;0;0;0;0;0;No
50;Female;59;174;96;588;152;681;2932;0;1;0;0;0;No
24;Male;78;109;63;477;155;550;2291;1;0;1;0;0;No
42;Female;76;128;78;53;152;509;2192;0;0;0;0;0;No
78;Female;80;113;76;873;145;497;2371;0;0;0;0;0;No
49;Female;70;158;91;548;157;550;2218;0;1;0;0;0;No
60;Female;61;192;91;707;14;528;2705;0;1;0;1;0;No
35;Female;91;136;91;715;152;560;2411;0;0;0;0;0;No
70;Male;71;168;86;868;168;680;242;0;0;0;0;0;No
55;Female;101;124;88;457;152;520;2239;0;0;0;0;0;No
30;Female;81;133;89;1026;152;520;2239;0;0;0;0;0;No
40;Female;75;99;64;658;152;520;2239;0;0;0;0;0;No
56;Female;87;130;83;781;155;650;2708;0;0;0;0;0;No
30;Female;93;96;65;657;152;560;2411;0;0;0;0;0;No
50;Male;68;141;106;751;165;638;2341;0;0;0;0;0;No
45;Female;103;156;108;1737;152;560;2411;0;1;0;0;0;Yes
60;Female;94;152;98;746;152;380;1636;0;0;0;0;0;No
49;Female;98;118;71;636;152;560;2411;0;0;0;0;0;No
72;Male;56;135;75;609;173;822;2755;0;0;0;0;0;No
70;Male;81;168;102;931;16;547;2136;0;1;0;1;1;No
58;Male;73;132;90;68;152;560;2411;0;0;0;0;0;No
55;Female;72;133;71;99;147;400;1843;0;0;0;0;0;No
45;Female;87;182;100;655;145;450;2147;0;0;0;0;0;No
56;Female;91;135;85;588;152;510;2196;0;0;0;0;0;No
30;Female;84;100;71;634;155;470;1958;0;0;0;0;0;No
40;Female;93;118;71;507;142;370;1829;0;0;0;0;0;No
28;Female;79;107;70;708;15;480;2137;0;0;0;0;0;No
51;Male;69;187;104;718;163;744;2815;0;0;0;0;0;Yes
63;Male;52;157;87;443;168;700;2491;0;1;0;0;0;No
45;Female;99;127;84;995;152;560;2411;0;0;0;0;0;No
70;Male;89;188;86;792;152;680;2928;0;0;0;0;0;No
60;Female;78;157;83;78;152;410;1765;0;0;0;0;0;No
35;Female;88;102;67;762;152;570;2454;0;0;0;0;0;No
60;Female;79;111;63;876;155;450;1874;0;0;0;0;0;No
55;Female;83;168;95;66;152;690;2971;0;0;0;0;0;No
35;Male;80;135;96;126;155;637;2653;0;0;0;0;0;No
30;Female;65;171;83;667;15;450;2004;0;0;0;0;0;No
30;Female;68;142;77;691;15;490;2182;0;0;0;0;0;No
30;Female;86;117;74;635;152;670;2885;0;0;0;0;0;No
24;Female;92;102;66;783;152;570;2454;0;0;0;0;0;No
35;Female;91;111;79;574;152;530;2282;0;0;0;0;0;No
30;Female;97;116;72;1058;15;670;2983;0;0;0;0;0;No
50;Female;79;105;72;1248;145;524;250;0;0;0;0;0;No
55;Female;92;118;73;905;145;350;167;0;0;0;0;0;No
30;Female;95;131;81;1486;142;610;3015;0;0;0;0;0;No
50;Female;78;130;72;659;142;470;2323;0;0;0;0;0;No
60;Female;76;139;91;519;152;470;2024;0;0;0;0;0;No
33;Female;94;146;88;577;152;490;211;0;0;0;0;0;No
45;Female;98;113;77;672;152;510;2196;0;0;0;0;0;No
50;Female;66;130;77;833;142;412;2036;0;0;0;0;0;No
35;Female;79;106;82;641;15;560;2494;0;0;0;0;0;No
58;Female;77;130;58;599;155;350;1458;0;0;0;0;0;No
25;Male;91;136;75;60;165;510;1871;1;0;1;0;0;No
45;Female;81;122;65;130;155;500;2083;0;0;0;0;0;Yes
63;Female;78;165;94;516;147;410;1889;0;0;0;0;0;No
30;Female;78;105;72;982;152;985;4241;0;0;0;0;0;No
35;Female;85;132;88;1203;152;581;2502;0;0;0;0;0;No
40;Female;85;100;70;961;155;443;1845;0;0;0;0;0;No
30;Female;77;115;94;569;147;560;258;0;0;0;0;0;No
30;Female;86;116;71;802;152;407;1752;0;0;0;0;0;No
30;Female;68;130;83;588;157;720;2903;0;0;0;0;0;No
50;Female;101;113;80;596;152;355;1528;0;0;0;0;0;No
40;Female;73;131;77;763;155;480;1999;0;0;0;0;0;No
50;Female;87;102;73;799;152;382;1645;0;0;0;0;0;No
72;Male;64;123;79;761;152;518;223;0;0;0;0;0;No
40;Female;91;130;84;122;152;421;1813;0;0;0;0;0;No
41;Male;82;129;89;615;157;630;254;0;0;0;0;0;No
65;Female;73;162;92;1005;152;529;2278;0;1;0;0;0;No
30;Female;78;125;75;747;152;500;2153;0;0;0;0;0;No
35;Female;75;129;81;728;16;560;2187;0;0;0;0;0;No
40;Female;84;121;73;708;152;459;1976;0;0;0;0;0;No
30;Female;89;119;76;688;15;450;2004;0;0;0;0;0;No
35;Female;77;162;88;753;155;550;2291;0;0;0;0;0;No
44;Male;58;153;94;622;163;607;2297;0;0;0;0;0;No
32;Female;97;138;94;744;155;521;217;0;0;0;0;0;No
45;Female;73;174;110;692;142;335;1656;0;1;0;0;0;No
65;Female;88;176;102;667;142;357;1765;0;0;0;0;0;No
31;Female;67;125;71;724;155;423;1762;0;0;0;0;0;No
30;Female;75;192;112;762;15;450;2004;0;0;0;0;0;No
45;Female;74;174;92;863;155;502;2091;0;0;0;0;0;No
55;Female;80;131;79;684;157;440;1774;0;0;0;0;0;No
35;Female;73;151;109;704;157;406;1637;0;0;0;0;0;No
50;Female;85;136;98;868;15;530;236;0;0;0;0;0;No
32;Female;84;113;78;606;15;462;2057;0;0;0;0;0;No
33;Female;76;130;85;1365;152;450;1938;0;0;0;0;0;No
40;Female;80;149;93;71;155;530;2208;0;1;0;0;0;No
35;Male;75;167;95;759;155;591;2462;0;0;0;0;0;No
42;Male;80;120;77;927;168;597;2124;0;0;0;0;0;No
46;Male;74;114;71;671;157;650;2621;0;0;0;0;0;No
70;Male;71;122;73;79;142;500;2471;0;0;0;0;0;No
40;Female;69;127;75;602;152;440;1894;0;0;0;0;0;No
49;Female;81;103;81;577;15;400;1781;0;0;0;0;0;No
75;Female;74;155;81;847;152;402;1731;0;0;0;0;0;No
35;Female;85;138;88;796;157;690;2782;0;0;0;0;0;No
75;Female;57;99;62;748;165;507;186;0;0;0;0;0;No
30;Female;71;127;78;776;142;455;2249;0;0;0;0;0;No
40;Female;85;134;70;792;157;506;204;0;0;0;0;0;No
58;Female;78;146;86;781;15;453;2017;0;0;0;0;0;No
57;Female;78;124;77;538;155;472;1966;0;0;0;0;0;No
52;Female;80;181;103;585;155;605;252;0;0;0;0;0;No
41;Female;72;133;79;538;147;478;2202;0;0;0;0;0;No
44;Male;66;157;98;1954;145;550;2624;0;0;0;0;0;No
35;Male;63;121;80;606;16;602;2351;0;0;0;0;0;No
30;Female;72;113;73;561;152;410;1765;0;0;0;0;0;No
32;Female;77;100;61;685;152;410;1765;0;0;0;0;0;No
30;Female;72;91;61;608;145;380;1813;0;0;0;0;0;No
50;Female;90;97;65;896;155;457;1904;0;0;0;0;0;No
76;Male;63;126;73;116;145;428;2042;0;1;0;0;0;No
60;Female;71;143;66;949;142;480;2372;0;0;0;0;0;No
55;Male;57;130;65;529;165;550;2018;0;0;0;0;0;No
60;Male;62;114;62;861;168;608;2163;0;0;0;0;0;No
59;Male;65;122;71;828;168;671;2388;0;0;0;0;0;No
35;Female;87;144;92;596;152;620;2669;0;0;0;0;0;No
48;Female;84;116;84;626;152;504;217;0;0;0;0;0;No
40;Female;75;172;89;719;152;495;2131;0;0;0;0;0;No
35;Female;74;138;91;758;15;420;187;0;0;0;0;0;No
35;Female;71;127;80;771;15;400;1781;0;0;0;0;0;No
27;Female;77;134;81;557;147;520;2396;0;0;0;0;0;No
42;Male;76;165;84;96;165;552;2025;0;0;0;0;0;No
60;Male;52;169;92;753;163;650;246;0;1;0;0;0;Yes
56;Female;61;182;109;342;142;452;2234;0;0;0;0;0;Yes
38;Female;85;102;68;913;15;560;2494;1;0;1;0;0;No
70;Female;85;131;77;989;145;921;4394;0;0;0;0;0;No
40;Female;80;133;81;1075;152;600;2583;0;0;0;0;0;No
40;Female;104;100;68;746;157;702;2831;0;0;0;0;0;No
50;Female;66;111;73;741;145;576;2748;0;0;0;0;0;No
50;Female;78;155;78;945;145;568;271;0;0;0;0;0;No
69;Female;64;132;66;697;145;571;2724;0;0;0;0;0;No
38;Female;90;125;76;754;155;600;2499;0;0;0;0;0;No
24;Male;73;142;98;2175;163;670;2535;1;0;1;0;0;No
29;Female;71;118;76;1121;157;569;2294;0;0;0;0;0;No
41;Female;73;120;89;601;145;462;2204;0;0;0;0;0;No
38;Male;83;113;68;652;163;605;2289;0;0;0;0;0;No
67;Male;79;161;81;1752;16;508;1984;0;0;0;0;0;No
50;Female;86;133;79;548;152;503;2166;0;0;0;0;0;No
40;Female;105;129;89;881;152;502;2161;0;0;0;0;0;No
59;Female;80;188;101;569;157;605;244;0;0;0;0;0;No
45;Female;77;127;74;476;157;453;1827;0;0;0;0;0;No
45;Female;70;115;61;65;152;356;1533;0;0;0;0;0;No
22;Female;88;106;63;667;152;473;2037;0;0;0;0;0;No
70;Female;55;130;80;2095;152;600;2583;0;0;0;0;0;No
35;Female;83;145;78;906;145;534;2548;0;0;0;0;0;No
45;Female;93;103;68;818;145;390;1861;1;0;1;0;0;No
30;Female;71;118;68;506;145;420;2004;0;0;0;0;0;No
35;Female;112;132;84;929;155;368;1533;0;0;0;0;0;No
40;Female;78;172;112;58;152;709;3053;0;0;0;0;0;No
70;Female;65;153;93;63;145;530;2528;0;0;0;0;0;No
40;Female;79;134;90;601;155;578;2408;0;0;0;0;0;No
65;Female;90;170;95;2279;15;430;1915;0;0;0;0;0;No
50;Female;87;114;78;675;152;450;1938;0;0;0;0;0;No
30;Female;88;119;76;627;152;553;2381;0;0;0;0;0;No
40;Female;90;118;75;54;152;402;1731;0;0;0;0;0;No
55;Female;80;140;74;603;147;349;1608;0;0;0;0;0;No
35;Female;73;126;86;616;152;478;2058;0;0;0;0;0;No
50;Female;71;133;82;681;152;354;1524;0;0;0;0;0;No
60;Male;77;135;88;62;163;510;193;0;0;0;0;0;No
49;Male;95;117;76;976;157;624;2516;0;0;0;0;0;No
54;Male;81;144;91;646;163;541;2047;0;1;0;0;0;No
57;Male;62;132;85;658;168;543;1932;0;0;0;0;0;No
66;Female;89;114;57;606;152;320;1378;0;0;0;0;0;No
65;Female;81;174;89;636;152;373;1606;0;0;0;0;0;No
62;Male;60;154;91;911;152;560;2411;0;1;0;0;0;No
28;Male;66;98;59;597;157;560;2258;0;0;0;0;0;No
45;Male;108;129;91;734;155;668;2783;0;0;0;0;0;No
77;Female;75;169;83;703;15;379;1688;0;0;0;0;0;No
50;Male;93;128;76;552;17;581;2006;0;0;0;0;0;No
40;Female;87;110;79;313;163;520;1968;0;0;0;0;0;No
73;Male;90;135;89;733;152;507;2183;0;0;0;0;0;No
40;Male;61;122;83;749;173;690;2313;0;0;0;0;0;No
30;Female;74;139;86;637;157;670;2702;0;0;0;0;0;No
30;Female;84;114;72;617;15;492;2191;0;0;0;0;0;No
50;Female;70;120;73;758;15;390;1737;0;0;0;0;0;No
40;Female;88;145;94;60;157;495;1996;0;0;0;0;0;No
45;Female;85;113;82;678;157;495;1996;0;0;0;0;0;No
65;Female;100;105;70;71;157;334;1347;0;0;0;0;0;No
30;Female;98;111;73;573;163;610;2308;0;0;0;0;0;No
49;Female;56;173;94;663;157;630;254;0;0;0;0;0;No
35;Female;82;129;93;488;165;770;2825;0;0;0;0;0;No
35;Female;75;122;75;1017;152;514;2213;0;0;0;0;0;No
44;Female;71;119;69;695;152;416;1791;0;0;0;0;0;No
39;Female;79;112;73;76;15;388;1728;0;0;0;0;0;No
35;Female;109;129;103;711;15;554;2467;0;0;0;0;0;No
60;Female;84;161;86;979;152;560;2411;0;1;0;0;0;No
21;Female;79;120;77;572;157;623;2512;1;0;1;0;0;No
65;Female;64;133;85;493;165;520;1908;0;0;0;0;0;No
45;Male;81;130;84;684;16;490;1914;0;0;0;0;0;No
25;Female;90;105;65;53;16;410;1601;0;0;0;0;0;No
40;Female;84;116;79;692;157;574;2315;0;0;0;0;0;No
58;Male;131;139;89;652;157;438;1766;0;0;0;0;0;No
35;Male;73;124;70;634;16;510;1992;0;0;0;0;0;No
50;Female;69;183;99;648;147;428;1972;0;0;0;0;0;No
30;Female;97;113;76;728;152;564;2428;0;0;0;0;0;No
30;Female;89;109;81;714;15;394;1754;0;0;0;0;0;No
30;Female;80;131;82;842;15;580;2583;0;0;0;0;0;No
45;Female;90;162;99;967;152;437;1882;0;0;0;0;0;No
40;Female;101;92;61;83;15;351;1563;0;0;0;0;0;No
45;Female;79;129;69;941;152;490;211;0;0;0;0;0;No
70;Female;93;110;72;648;15;390;1737;0;0;0;0;0;No
38;Female;73;168;90;947;145;690;3292;0;0;0;0;0;No
60;Female;59;143;95;799;16;656;2562;0;0;0;0;0;No
35;Female;101;119;83;487;152;420;1808;0;0;0;0;0;No
25;Female;84;121;86;701;157;530;2137;0;0;0;0;0;No
22;Female;91;118;83;846;152;390;1679;0;0;0;0;0;No
65;Female;97;166;92;814;163;320;1211;0;0;0;0;0;No
65;Female;82;194;118;945;152;614;2644;0;0;0;0;0;No
68;Male;72;147;87;705;165;460;1688;0;0;0;0;0;No
55;Female;86;128;78;724;16;653;255;0;0;0;0;0;No
44;Female;77;133;88;668;155;448;1866;0;0;0;0;0;No
47;Female;76;154;93;618;145;480;229;0;0;0;0;0;No
35;Female;80;162;98;957;152;615;2648;0;0;0;0;0;No
35;Female;84;114;72;626;155;553;2304;0;0;0;0;0;No
22;Female;64;111;75;451;152;500;2153;0;0;0;0;0;No
30;Female;95;125;82;471;152;520;2239;0;0;0;0;0;No
35;Female;93;119;79;565;152;400;1722;0;0;0;0;0;No
28;Female;74;117;85;947;152;400;1722;0;0;0;0;0;No
30;Female;95;102;67;703;152;520;2239;0;0;0;0;0;No
55;Female;95;151;104;1752;152;690;2971;0;0;0;0;0;No
30;Female;89;111;76;78;152;520;2239;0;0;0;0;0;No
56;Female;99;120;79;685;152;550;2368;0;0;0;0;0;No
32;Female;95;114;77;927;152;550;2368;0;0;0;0;0;No
30;Female;79;124;81;563;152;550;2368;0;0;0;0;0;No
45;Female;101;116;75;77;152;550;2368;0;0;0;0;0;No
40;Female;79;111;78;595;152;400;1722;0;0;0;0;0;No
30;Female;81;111;76;552;152;490;211;0;0;0;0;0;No
45;Female;78;120;73;592;152;550;2368;0;0;0;0;0;No
38;Female;79;112;77;60;152;500;2153;0;0;0;0;0;No
55;Female;74;136;78;826;152;440;1894;0;0;0;0;0;No
38;Female;68;130;90;693;152;550;2368;0;0;0;0;0;No
40;Female;89;130;87;651;152;420;1808;0;0;0;0;0;No
45;Female;85;124;76;681;152;550;2368;0;0;0;0;0;No
60;Female;77;176;84;759;152;420;1808;0;0;0;0;0;No
70;Female;99;144;88;657;122;420;2826;0;0;0;0;0;No
35;Female;84;143;84;998;147;505;2327;0;0;0;0;0;No
33;Female;116;112;90;611;152;450;1938;0;0;0;0;0;No
45;Female;74;128;79;625;157;506;204;0;0;0;0;0;No
40;Female;86;114;77;963;152;470;2024;0;0;0;0;0;No
31;Female;83;96;62;766;16;501;1957;0;0;0;0;0;No
30;Female;78;102;60;813;155;463;1929;0;0;0;0;0;No
48;Female;82;168;89;109;157;553;223;0;0;0;0;0;No
30;Female;82;130;84;753;157;630;254;0;0;0;0;0;No
65;Female;73;100;47;144;15;450;2004;0;0;0;0;0;No
30;Male;86;135;89;981;163;590;2233;0;0;0;0;0;No
60;Female;63;169;117;849;157;450;1815;0;0;0;0;0;No
32;Male;118;124;87;675;168;600;2135;0;0;0;0;0;No
70;Female;83;170;86;1303;165;580;2128;0;1;0;0;0;No
55;Male;93;101;66;1009;152;460;1981;0;0;0;0;0;No
22;Female;79;118;78;69;163;550;2081;0;0;0;0;0;No
50;Female;70;146;80;895;152;470;2024;0;0;0;0;0;No
40;Female;77;133;93;74;157;560;2258;0;0;0;0;0;No
40;Female;97;198;118;934;157;540;2177;0;0;0;0;0;No
51;Female;110;128;95;582;16;570;2226;0;0;0;0;0;No
65;Female;79;155;102;742;15;550;2449;0;0;0;0;0;No
30;Female;87;117;79;693;15;550;2449;0;0;0;0;0;No
39;Female;101;190;118;1033;152;750;3229;0;0;0;0;0;No
28;Female;73;105;74;428;16;560;2187;0;0;0;0;0;No
26;Female;89;126;70;76;152;550;2368;0;0;0;0;0;No
55;Female;76;166;93;1153;15;470;2093;0;0;0;0;0;No
30;Female;82;118;74;1023;152;500;2153;0;0;0;0;0;No
30;Female;107;111;82;705;152;580;2497;0;0;0;0;0;No
50;Female;62;113;61;712;147;350;1613;0;0;0;0;0;No
30;Female;113;143;84;638;152;737;3173;0;0;0;0;0;No
35;Female;81;112;77;605;155;550;2291;0;0;0;0;0;No
70;Female;90;164;89;80;152;370;1593;0;0;0;0;0;No
62;Female;79;150;93;778;147;482;2221;0;0;0;0;0;No
39;Female;69;153;116;711;152;540;2325;0;0;0;0;0;No
47;Male;69;157;95;78;163;790;299;0;1;0;0;0;Yes
35;Female;84;102;72;576;152;365;1572;0;0;0;0;0;No
37;Female;91;130;91;752;157;560;2258;0;0;0;0;0;No
30;Female;100;107;73;646;155;460;1916;0;0;0;0;0;No
70;Female;90;119;100;778;157;371;1496;0;0;0;0;0;No
36;Female;78;125;82;446;155;690;2874;0;0;0;0;0;No
34;Female;90;101;83;789;152;503;2166;0;0;0;0;0;No
40;Female;86;123;89;746;152;600;2583;0;0;0;0;0;No
50;Female;102;121;75;1318;155;603;2512;0;0;0;0;0;No
45;Female;77;121;82;652;163;643;2433;0;0;0;0;0;No
30;Female;85;117;78;579;163;515;1949;0;0;0;0;0;No
61;Female;84;178;92;798;15;450;2004;0;0;0;0;0;No
41;Male;61;128;82;814;17;547;1889;0;0;0;0;0;No
55;Female;75;179;89;791;15;360;1603;0;0;0;0;0;No
45;Female;89;114;73;642;157;470;1895;0;0;0;0;0;No
50;Female;73;132;66;703;157;570;2298;0;0;0;0;0;No
48;Female;82;113;62;794;163;468;1771;0;0;0;0;0;No
25;Female;76;120;75;156;152;606;2609;0;0;0;0;0;No
75;Male;77;157;82;878;15;448;1995;0;0;0;0;0;No
30;Female;74;111;68;807;152;537;2312;0;0;0;0;0;No
50;Male;81;128;89;599;168;690;2455;0;0;0;0;0;No
30;Male;101;128;87;626;15;470;2093;0;0;0;0;0;No
70;Female;85;129;57;805;152;421;1813;0;0;0;0;0;No
30;Male;82;117;77;574;17;554;1913;0;0;0;0;0;No
33;Female;90;138;92;759;155;560;2333;0;0;0;0;0;No
50;Female;69;144;84;684;152;350;1507;0;0;0;0;0;No
32;Female;77;101;69;538;16;403;1574;0;0;0;0;0;No
38;Male;91;143;91;823;165;580;2128;0;0;0;0;0;No
56;Female;68;135;85;64;152;650;2799;0;0;0;0;0;No
60;Male;92;127;73;573;16;560;2187;0;0;0;0;0;No
35;Female;90;113;81;801;152;580;2497;0;0;0;0;0;No
30;Female;95;129;86;936;152;500;2153;0;0;0;0;0;No
30;Female;93;136;91;707;152;520;2239;0;0;0;0;0;No
35;Female;70;126;85;1041;152;560;2411;0;0;0;0;0;No
35;Female;85;124;79;2065;152;510;2196;0;0;0;0;0;No
56;Female;69;182;89;677;152;580;2497;0;0;0;0;0;No
35;Female;96;118;74;676;152;580;2497;0;0;0;0;0;No
64;Female;72;129;94;211;142;467;2308;0;0;0;0;0;No
75;Female;88;155;106;2719;155;400;1666;0;0;0;0;0;No
55;Female;83;123;73;533;152;550;2368;0;0;0;0;0;No
50;Female;81;158;102;608;142;450;2224;0;0;0;0;0;No
60;Female;81;118;65;781;142;500;2471;0;0;0;0;0;No
41;Female;118;135;85;845;155;550;2291;0;0;0;0;0;No
55;Female;81;131;71;593;147;440;2027;0;0;0;0;0;No
57;Female;76;138;98;533;152;550;2368;0;0;0;0;0;No
55;Female;74;146;92;2203;142;510;2521;0;0;0;0;0;No
40;Female;72;127;74;648;155;520;2166;0;0;0;0;0;No
60;Male;75;129;82;1046;16;500;1953;0;0;0;0;0;No
55;Male;98;126;68;612;168;380;1352;0;0;0;0;0;No
37;Male;71;106;70;81;17;641;2213;0;0;0;0;0;No
32;Female;76;116;78;815;157;450;1815;0;0;0;0;0;No
65;Female;84;123;73;589;157;346;1395;0;0;0;0;0;No
50;Female;85;111;71;676;16;360;1406;0;0;0;0;0;No
25;Female;82;102;72;475;155;450;1874;0;0;0;0;0;No
50;Female;74;108;54;848;16;674;2632;0;0;0;0;0;No
45;Female;88;111;70;656;16;668;2609;0;0;0;0;0;No
35;Female;95;119;71;596;155;380;1583;0;0;0;0;0;No
45;Female;81;153;88;628;15;458;2039;0;0;0;0;0;No
40;Female;72;114;76;732;15;500;2226;0;0;0;0;0;No
30;Female;77;121;73;584;15;340;1514;0;0;0;0;0;No
23;Female;83;97;69;516;152;400;1722;0;0;0;0;0;No
35;Female;111;84;60;1064;157;655;2641;0;0;0;0;0;No
50;Female;81;99;69;658;155;410;1708;0;0;0;0;0;No
52;Female;78;166;100;532;147;452;2083;0;0;0;0;0;No
54;Female;66;133;89;1135;152;568;2446;0;0;0;0;0;No
80;Female;78;150;80;828;157;477;1923;0;0;0;0;0;No
21;Female;81;99;59;442;155;460;1916;0;0;0;0;0;No
25;Male;79;100;64;472;157;475;1915;1;0;1;0;0;No
47;Female;108;98;58;523;155;503;2095;0;0;0;0;0;No
45;Female;75;133;91;764;155;490;2041;0;0;0;0;0;No
60;Female;65;173;81;774;145;450;2147;0;0;0;0;0;No
40;Female;85;128;80;701;155;500;2083;0;0;0;0;0;No
45;Female;62;132;86;548;152;450;1938;0;0;0;0;0;No
50;Female;97;148;89;768;152;480;2067;0;0;0;0;0;No
60;Male;75;118;65;842;152;560;2411;0;0;0;0;0;No
70;Male;84;189;113;822;157;480;1935;0;0;0;0;0;No
44;Female;63;176;92;50;16;750;293;0;0;0;0;0;Yes
30;Female;71;112;71;622;15;520;2315;0;0;0;0;0;No
55;Female;91;124;72;801;15;420;187;0;0;0;0;0;No
30;Female;98;115;80;729;152;550;2368;0;0;0;0;0;No
30;Female;94;137;91;75;152;650;2799;0;0;0;0;0;No
35;Female;80;94;66;686;15;460;2048;0;0;0;0;0;No
30;Female;87;127;77;939;152;560;2411;0;0;0;0;0;No
60;Female;94;106;75;628;15;580;2583;0;0;0;0;0;No
60;Female;79;126;71;51;15;380;1692;0;0;0;0;0;No
45;Female;74;147;79;643;15;560;2494;0;0;0;0;0;No
52;Male;64;128;83;709;152;710;3057;0;0;0;0;0;No
55;Female;82;175;77;656;15;550;2449;0;0;0;0;0;No
70;Male;78;137;75;732;163;460;1741;0;0;0;0;0;No
56;Female;72;125;75;566;152;520;2239;0;0;0;0;0;No
35;Male;64;128;83;741;16;760;2968;1;0;1;0;0;No
55;Female;81;137;90;679;142;487;2407;0;0;0;0;0;No
38;Male;85;127;88;851;163;803;3039;0;0;0;0;0;No
45;Female;80;160;96;718;163;660;2498;0;0;0;0;0;No
27;Female;84;110;73;559;163;510;193;0;0;0;0;0;No
48;Female;73;130;77;2446;163;430;1627;0;0;0;0;0;No
23;Female;94;123;79;597;152;492;2118;0;0;0;0;0;No
35;Female;78;102;59;622;163;495;1873;0;0;0;0;0;No
55;Female;76;153;90;693;152;341;1468;0;0;0;0;0;No
45;Female;84;125;80;847;152;530;2282;0;0;0;0;0;No
60;Female;75;145;81;671;157;650;2621;0;0;0;0;0;No
26;Female;88;101;70;561;152;460;1981;0;0;0;0;0;No
45;Female;83;118;75;768;152;480;2067;0;0;0;0;0;No
28;Female;94;106;93;1607;163;720;2725;1;0;1;0;0;Yes
23;Female;74;114;79;518;157;470;1895;0;0;0;0;0;No
35;Female;67;115;63;779;155;612;2549;0;0;0;0;0;No
29;Female;80;106;73;673;157;390;1573;0;0;0;0;0;No
50;Female;83;133;89;59;15;430;1915;0;0;0;0;0;No
70;Male;98;117;72;915;152;350;1507;0;0;0;0;0;No
33;Female;74;130;74;1242;155;547;2279;0;0;0;0;0;No
25;Female;71;121;73;727;157;540;2177;0;0;0;0;0;No
25;Female;60;121;78;482;165;578;212;0;0;0;0;0;No
55;Female;78;126;78;608;163;500;1892;0;0;0;0;0;No
45;Female;78;128;89;1153;152;490;211;0;0;0;0;0;No
35;Female;96;105;69;504;15;490;2182;0;0;0;0;0;No
30;Female;89;128;92;737;152;650;2799;0;0;0;0;0;No
65;Male;73;113;64;1013;165;410;1504;0;0;0;0;0;No
60;Female;98;131;82;583;152;590;254;0;0;0;0;0;No
60;Female;93;127;82;844;152;430;1851;0;0;0;0;0;No
24;Female;87;129;112;596;152;500;2153;0;0;0;0;0;No
60;Female;76;138;70;829;155;400;1666;0;0;0;0;0;No
35;Female;84;149;104;565;152;530;2282;0;0;0;0;0;No
50;Female;76;127;71;561;165;360;1321;0;0;0;0;0;No
45;Female;59;129;83;512;155;630;2624;0;0;0;0;0;No
35;Female;76;112;72;706;16;690;2695;0;0;0;0;0;No
50;Female;79;113;76;689;145;420;2004;0;0;0;0;0;No
60;Female;64;142;78;653;135;480;2649;0;0;0;0;0;No
25;Female;72;116;74;793;155;490;2041;0;0;0;0;0;No
26;Female;77;134;110;122;157;670;2702;0;0;0;0;0;Yes
55;Female;71;125;73;745;152;453;195;0;0;0;0;0;No
55;Female;72;111;67;599;152;480;2067;0;0;0;0;0;No
30;Female;96;86;63;631;157;300;121;0;0;0;0;0;No
40;Female;76;115;68;541;16;470;1835;0;0;0;0;0;No
45;Female;87;147;94;614;155;360;150;0;0;0;0;0;No
50;Female;70;123;70;596;155;390;1625;0;0;0;0;0;No
50;Female;80;100;70;763;157;420;1694;0;0;0;0;0;No
35;Female;106;97;70;742;137;460;2445;0;0;0;0;0;No
35;Female;104;134;88;797;145;440;2099;0;0;0;0;0;No
30;Female;73;151;93;669;135;370;2042;0;0;0;0;0;No
35;Female;91;126;81;624;145;570;2719;0;0;0;0;0;No
55;Female;76;166;103;1025;142;430;2125;0;0;0;0;0;No
50;Male;95;128;77;828;142;450;2224;0;0;0;0;0;No
60;Female;76;167;105;568;145;520;2481;0;0;0;0;0;No
80;Female;74;200;104;648;122;280;1884;0;0;0;0;0;No
60;Female;74;149;100;728;142;450;2224;0;0;0;0;0;No
32;Female;71;115;60;54;155;400;1666;0;0;0;0;0;No
55;Female;85;134;86;706;155;620;2583;0;0;0;0;0;No
35;Female;74;126;72;628;135;450;2483;0;0;0;0;0;No
60;Female;83;128;117;1073;157;500;2016;0;0;0;0;0;No
60;Female;87;151;81;34;135;440;2428;0;0;0;0;0;No
59;Male;65;144;83;527;155;500;2083;0;0;0;0;0;No
30;Female;101;106;75;582;152;550;2368;0;0;0;0;0;No
44;Female;78;148;87;92;152;478;2058;0;0;0;0;0;No
25;Female;71;135;96;999;155;430;1791;0;0;0;0;0;No
58;Male;77;139;82;939;168;587;2089;0;0;0;0;0;No
49;Female;80;123;87;665;145;536;2557;0;0;0;0;0;No
50;Female;76;130;87;557;147;472;2175;0;0;0;0;0;No
40;Male;80;160;105;697;163;617;2335;0;0;0;0;0;No
55;Female;65;173;104;864;157;450;1815;0;0;0;0;0;No
35;Female;69;122;81;653;145;720;3435;0;0;0;0;0;No
64;Female;66;189;104;842;155;485;202;0;0;0;0;0;No
38;Female;64;168;86;676;155;603;2512;0;0;0;0;0;No
35;Female;63;112;63;629;142;500;2471;0;0;0;0;0;No
33;Female;64;160;94;564;147;500;2304;0;0;0;0;0;No
39;Female;72;125;71;675;16;490;1914;0;0;0;0;0;No
55;Female;79;126;82;616;155;540;2249;0;0;0;0;0;No
55;Female;107;186;118;1508;147;350;1613;0;0;0;0;0;No
60;Male;47;114;53;613;152;450;1938;0;0;0;0;0;No
40;Female;96;138;91;637;157;500;2016;0;0;0;0;0;No
55;Female;83;143;82;833;152;450;1938;0;0;0;0;0;No
58;Female;88;101;62;771;152;500;2153;0;0;0;0;0;No
49;Female;66;134;87;564;145;491;2342;0;0;0;0;0;No
35;Female;89;100;66;915;157;660;2661;0;0;0;0;0;No
45;Female;95;124;66;809;152;450;1938;0;0;0;0;0;No
27;Female;70;135;83;636;13;413;2461;0;0;0;0;0;No
41;Male;84;147;96;568;168;668;2377;0;0;0;0;0;No
45;Female;62;175;108;558;155;320;1333;0;1;0;0;0;No
50;Female;79;136;87;787;155;590;2458;0;0;0;0;0;No
32;Male;73;156;85;907;165;593;2176;0;0;0;0;0;No
33;Female;80;95;65;632;145;500;2385;0;0;0;0;0;No
44;Female;79;126;75;525;147;344;1585;0;0;0;0;0;No
41;Female;79;123;77;80;144;450;217;0;0;0;0;0;No
31;Female;78;115;72;60;157;700;284;0;0;0;1;0;No
32;Female;88;141;98;1026;147;740;341;1;0;1;0;0;No
42;Female;73;121;73;599;163;590;2233;0;0;0;0;0;No
70;Female;78;196;96;989;152;346;149;0;0;0;0;0;No
52;Female;85;168;90;794;157;602;2427;0;0;0;0;0;Yes
55;Male;79;108;80;82;16;660;2577;0;0;0;0;0;No
45;Female;81;116;82;819;152;450;1938;0;0;0;0;0;No
25;Female;87;109;83;79;155;560;2333;0;0;0;0;0;No
45;Female;65;112;74;682;163;630;2384;0;0;0;0;0;No
68;Female;69;166;82;122;152;550;2368;0;1;0;0;0;Yes
55;Female;75;170;90;538;152;810;3488;0;0;0;0;0;No
35;Male;93;151;101;748;163;740;280;0;0;0;0;0;No
41;Female;69;101;56;1135;147;425;1958;0;0;0;0;0;No
50;Female;55;124;75;705;142;485;2397;0;0;0;0;0;No
28;Female;84;121;96;1449;135;980;5408;1;0;1;0;0;No
25;Female;73;112;76;72;15;496;2209;1;0;1;0;0;No
49;Female;85;144;75;909;145;450;2147;0;0;0;0;0;No
30;Female;69;165;112;687;155;561;2337;0;0;0;0;0;No
55;Female;75;116;69;96;152;492;2118;0;0;0;0;0;No
49;Female;71;187;109;781;155;427;1779;0;0;0;0;0;No
52;Female;81;120;65;758;145;379;1808;0;0;0;0;0;No
54;Male;87;143;95;1681;163;543;2055;0;0;0;0;0;No
46;Female;93;115;83;776;145;510;2433;0;0;0;0;0;No
35;Female;87;97;78;585;145;422;2013;0;0;0;0;0;No
60;Female;65;153;91;1037;145;528;2519;0;0;0;0;0;No
35;Female;75;147;98;767;155;672;2799;0;0;0;0;0;No
70;Male;66;116;72;564;157;431;1738;0;0;0;0;0;No
50;Female;80;111;81;648;157;412;1661;0;0;0;0;0;No
22;Female;111;112;72;731;145;490;2338;0;0;0;0;0;No
40;Female;73;174;96;584;16;742;2898;0;0;0;0;0;No
52;Female;75;160;102;912;165;677;2484;0;1;0;0;0;Yes
36;Female;75;127;74;611;16;560;2187;0;0;0;0;0;No
59;Female;80;136;75;787;145;390;1861;0;0;0;0;0;No
54;Female;85;121;83;668;14;539;2762;0;0;0;0;0;No
55;Male;64;147;85;669;168;729;2594;0;0;0;0;0;No
50;Female;70;169;86;548;152;722;3109;0;0;0;0;0;No
37;Male;67;137;82;551;168;590;2099;0;0;0;0;0;No
34;Female;78;129;70;444;155;580;2416;0;0;0;0;0;No
54;Female;86;132;76;658;157;590;2379;0;0;0;0;0;No
42;Female;85;171;112;100;152;550;2381;0;0;0;0;0;No
54;Female;80;124;81;721;155;510;2124;0;0;0;0;0;No
60;Male;70;149;82;66;157;456;1839;0;0;0;0;0;No
49;Female;62;160;98;1136;145;671;3201;0;0;0;0;0;No
55;Female;79;128;79;1101;163;362;137;0;0;0;0;0;No
30;Female;90;129;92;612;152;590;254;0;0;0;0;0;No
60;Male;75;159;96;684;165;612;2245;0;0;0;0;0;No
50;Female;76;128;70;727;155;535;2229;0;0;0;0;0;No
42;Male;71;128;85;923;17;710;2452;0;0;0;0;0;No
40;Female;91;145;108;596;15;693;3086;0;0;0;0;0;No
26;Female;95;140;95;611;142;810;4004;0;0;0;0;0;No
25;Male;68;137;84;622;173;700;2346;0;0;0;0;0;No
50;Male;66;180;119;1394;16;706;2757;0;1;0;0;0;Yes
53;Male;70;157;104;1307;173;511;1713;0;0;0;0;0;No
70;Male;72;171;108;72;165;490;1798;0;0;0;0;0;No
60;Male;82;150;86;1691;168;593;211;0;0;0;0;0;No
35;Male;64;145;89;712;165;550;2018;0;0;0;0;0;No
65;Male;70;127;69;653;165;420;1541;0;0;0;0;0;No
35;Male;69;92;51;485;168;510;1815;0;0;0;0;0;No
39;Male;88;140;92;102;163;590;2233;0;0;0;0;0;No
65;Male;59;138;63;483;157;620;250;0;0;0;0;0;No
39;Male;63;144;88;754;168;700;2491;0;0;0;0;0;No
35;Male;78;79;64;712;157;503;2028;0;0;0;0;0;No
35;Female;87;123;68;59;152;590;254;0;0;0;0;0;No
32;Female;57;138;84;711;142;393;1942;0;0;0;0;0;No
30;Female;83;130;70;762;15;723;3219;1;0;1;0;0;No
41;Female;86;130;87;604;157;652;2629;0;0;0;0;0;No
45;Female;61;126;81;459;147;457;2106;0;0;0;0;0;No
56;Female;94;128;72;691;152;416;1791;0;0;0;0;0;No
32;Female;77;148;87;902;157;488;1968;0;0;0;0;0;No
55;Male;68;134;67;818;178;588;186;0;0;0;0;0;No
48;Female;73;140;90;593;168;529;1882;0;0;0;0;0;No
44;Female;94;118;73;803;16;636;2484;0;0;0;0;0;No
55;Male;78;129;72;586;168;546;1943;0;0;0;0;0;No
50;Female;73;150;103;707;137;520;2764;0;0;0;0;0;No
50;Female;68;179;92;843;157;584;2355;0;0;0;0;0;No
42;Female;84;135;91;929;155;660;2749;0;0;0;0;0;No
34;Female;51;131;88;578;152;450;1938;0;0;0;0;0;No
40;Female;87;150;71;588;157;539;2173;0;0;0;0;0;No
59;Male;70;134;81;709;152;470;2024;0;0;0;0;0;No
56;Female;59;161;95;536;15;589;2623;0;1;0;0;0;Yes
21;Female;73;118;82;1455;142;395;1952;0;0;0;0;0;No
25;Female;87;119;70;55;15;524;2333;0;0;0;0;0;No
22;Female;81;121;77;545;16;590;2304;0;0;0;0;0;No
55;Female;74;129;67;757;142;355;1755;0;0;0;0;0;No
65;Female;69;166;98;567;16;921;3597;1;0;1;0;0;No
40;Female;71;119;69;648;157;603;2431;0;0;0;0;0;No
57;Male;104;105;70;243;163;414;1567;0;0;0;0;0;No
50;Female;80;125;81;454;15;420;187;0;0;0;0;0;No
52;Male;86;125;86;452;157;550;2218;0;0;0;0;0;No
45;Female;69;130;84;515;152;300;1292;0;0;0;0;0;No
38;Female;74;129;103;475;155;741;3087;0;0;0;0;0;No
32;Female;49;117;73;613;155;461;192;0;0;0;0;0;No
42;Male;75;121;75;697;157;565;2278;0;0;0;0;0;No
59;Male;57;160;104;792;152;509;2192;0;1;0;0;0;No
50;Female;50;120;70;724;147;421;194;0;0;0;0;0;No
45;Female;77;133;68;627;155;570;2374;0;0;0;0;0;No
57;Male;76;151;89;80;154;610;2572;0;1;0;0;0;No
44;Male;77;119;76;70;17;707;2441;0;0;0;0;0;No
39;Female;80;140;92;596;152;545;2347;0;0;0;0;0;No
62;Male;93;119;83;2098;168;590;2099;0;0;0;0;0;No
52;Female;82;129;74;837;152;652;2807;0;0;0;0;0;No
36;Male;75;139;114;78;155;850;3541;0;0;0;0;0;No
29;Female;79;139;80;693;152;696;2997;0;0;0;0;0;No
30;Male;67;118;87;553;168;678;2413;0;0;0;0;0;No
56;Female;70;146;93;861;15;560;2494;0;0;0;0;0;No
35;Male;75;136;85;604;168;705;2509;0;0;0;0;0;No
44;Male;58;158;101;791;17;721;249;0;1;0;0;0;No
38;Female;72;146;92;51;152;671;2889;0;0;0;0;0;No
53;Male;73;136;85;659;17;670;2313;0;0;0;0;0;No
60;Male;64;138;82;768;168;550;1957;0;0;0;0;0;No
34;Male;63;143;72;828;16;550;2148;0;0;0;0;0;No
30;Female;75;127;84;807;152;540;2325;0;0;0;0;0;Yes
50;Female;68;144;89;116;152;631;2717;0;1;0;0;0;No
52;Male;73;173;103;949;165;655;2403;0;1;0;0;0;Yes
52;Male;57;153;100;563;157;569;2294;0;0;0;0;0;No
46;Female;86;166;85;766;152;450;1938;0;0;0;0;0;No
48;Male;55;151;87;859;157;450;1815;0;0;0;0;0;No
52;Male;77;177;102;769;163;539;204;0;0;0;0;0;Yes
31;Female;86;120;83;666;152;648;279;0;0;0;0;0;No
44;Female;73;162;81;611;152;498;2144;0;0;0;0;0;No
35;Female;90;118;81;1517;152;641;276;0;0;0;0;0;No
51;Male;79;116;80;702;152;563;2424;0;0;0;0;0;No
48;Male;66;142;86;643;157;550;2218;0;0;0;0;0;No
30;Male;70;155;82;901;155;450;1874;0;0;0;0;0;No
40;Female;73;131;75;3008;15;525;2338;0;0;0;0;0;No
30;Male;63;133;76;742;16;661;2581;0;0;0;0;0;No
25;Female;101;131;96;78;152;609;2622;0;0;0;0;0;No
25;Female;63;124;80;584;152;483;208;0;0;0;0;0;No
45;Female;78;172;99;649;142;537;2654;0;0;0;0;0;No
46;Female;92;134;85;46;155;710;2958;0;0;0;0;0;Yes
40;Male;54;146;81;923;157;500;2016;0;0;0;0;0;No
35;Female;70;122;89;854;15;660;2939;0;0;0;0;0;No
22;Female;74;125;82;1176;152;564;2428;0;0;0;0;0;No
50;Female;71;140;85;841;15;690;3072;0;0;0;0;0;No
50;Female;65;141;75;573;147;490;2258;0;0;0;0;0;No
50;Male;80;126;77;965;163;678;2566;0;0;0;0;0;No
45;Female;62;140;102;901;152;634;273;0;0;0;0;0;No
47;Male;73;145;96;853;16;402;157;0;0;0;0;0;No
35;Female;73;128;83;614;155;502;2091;0;0;0;0;0;No
60;Female;73;132;75;795;147;380;1751;0;0;0;0;0;No
40;Female;63;129;84;598;155;516;2149;0;0;0;0;0;No
60;Male;65;130;66;946;155;467;1945;0;0;0;0;0;No
46;Female;59;137;75;95;152;520;2239;0;0;0;0;0;No
24;Female;69;128;85;384;152;614;2644;1;0;1;0;0;No
50;Male;71;164;91;586;15;435;1937;0;0;0;0;0;No
30;Female;69;157;102;615;152;573;2467;0;0;0;0;0;No
60;Female;67;154;81;19;147;450;2073;0;1;0;0;0;No
64;Female;81;141;81;1236;157;450;1815;0;0;0;0;0;No
55;Female;73;143;98;595;152;753;3242;0;0;0;0;0;No
49;Female;70;139;94;1054;152;550;2368;0;0;0;0;0;No
32;Male;63;130;81;1257;157;617;2488;1;0;1;0;0;No
28;Female;87;111;69;864;157;560;2258;0;0;0;0;0;No
60;Female;55;173;89;694;152;413;1778;0;0;0;0;0;No
45;Male;67;123;76;671;173;663;2222;0;0;0;0;0;No
35;Female;67;110;75;58;142;328;1621;0;0;0;0;0;No
45;Female;72;135;90;562;152;450;1938;0;0;0;0;0;No
60;Female;69;122;76;564;157;363;1464;0;0;0;0;0;No
30;Female;78;111;65;965;152;522;2248;0;0;0;0;0;No
40;Female;64;113;84;514;15;550;2449;0;0;0;1;0;No
50;Female;86;143;103;754;155;420;175;0;1;0;0;0;No
45;Male;55;183;82;1301;155;446;1858;0;0;0;0;0;No
70;Female;102;126;69;418;152;440;1894;0;1;0;0;0;Yes
25;Female;85;119;72;523;152;580;2497;0;0;0;0;0;No
42;Male;92;154;115;60;162;600;2286;0;1;0;0;0;No
30;Female;56;122;72;611;15;479;2133;0;0;0;0;0;No
30;Female;97;116;70;758;163;725;2744;0;0;0;0;0;No
26;Female;88;112;74;577;157;594;2395;0;0;0;0;0;No
35;Male;66;128;84;668;168;710;2526;0;0;0;0;0;No
45;Female;54;157;91;87;157;590;2379;0;0;0;0;0;No
60;Female;65;128;68;671;15;450;2004;0;0;0;0;0;No
28;Female;86;115;55;668;155;639;2662;0;0;0;0;0;No
45;Male;65;138;82;719;16;505;1972;0;0;0;0;0;No
40;Female;65;124;81;611;155;570;2374;0;0;0;0;0;No
35;Female;95;106;76;704;157;489;1972;0;0;0;0;0;No
25;Female;89;126;85;717;152;670;2885;0;0;0;0;0;No
34;Female;80;160;103;693;152;420;1808;0;0;0;0;0;No
70;Male;96;101;63;707;16;508;1984;0;0;0;0;0;No
65;Female;76;144;83;1926;152;533;2295;0;0;0;0;0;No
50;Male;72;166;96;675;178;666;2107;0;0;0;0;0;No
47;Male;90;120;80;80;187;750;2145;0;0;0;0;0;No
40;Female;86;113;77;74;145;500;2385;0;0;0;0;0;No
65;Male;53;187;100;775;163;660;2498;0;1;0;1;0;No
61;Female;62;157;96;1243;152;520;2239;0;1;0;0;0;No
52;Female;64;130;82;548;147;458;211;0;0;0;0;0;No
45;Female;80;132;80;632;157;530;2137;0;0;0;0;0;No
30;Female;89;115;82;576;157;520;2097;0;0;0;0;0;No
40;Female;80;111;73;522;157;530;2137;0;0;0;0;0;No
68;Female;78;188;98;578;15;657;2925;0;1;0;1;0;Yes
70;Male;59;188;99;62;15;897;3994;0;1;0;0;0;No
36;Female;66;171;110;675;152;770;3315;0;0;0;0;0;No
80;Female;72;154;91;563;15;680;3028;0;1;0;0;0;No
40;Female;67;123;80;658;16;550;2148;0;0;0;0;0;No
60;Female;67;162;87;575;15;450;2004;0;0;0;0;0;No
66;Male;59;161;102;628;157;440;1774;0;1;0;1;0;No
40;Male;67;130;98;441;17;686;2369;0;0;0;0;0;No
35;Female;59;111;75;627;16;510;1992;0;0;0;0;0;No
55;Female;67;137;86;624;163;585;2214;0;0;0;0;0;No
35;Female;71;126;84;465;152;720;310;0;0;0;0;0;No
44;Female;75;156;103;80;142;545;2694;0;0;0;0;0;No
22;Female;75;115;91;565;157;598;2411;0;0;0;0;0;No
56;Male;67;133;98;645;165;632;2319;0;1;0;0;0;No
55;Female;65;145;100;525;15;687;3059;0;0;0;0;0;No
41;Female;67;160;81;89;152;503;2166;0;0;0;0;0;No
34;Female;74;131;90;1295;155;490;2041;0;0;0;0;0;No
35;Male;77;117;59;505;16;495;1933;0;0;0;0;0;No
43;Female;83;134;87;608;165;789;2895;0;0;0;0;0;No
76;Female;67;160;82;749;137;587;312;0;1;0;0;0;No
59;Female;74;106;74;814;147;325;1497;0;0;0;0;0;No
24;Female;84;121;81;797;155;381;1587;0;0;0;0;0;No
30;Female;92;126;69;611;142;322;1592;0;0;0;0;0;No
58;Male;77;142;74;655;168;445;1583;0;0;0;0;0;No
80;Male;74;97;57;1225;152;480;2067;0;1;0;0;0;No
72;Male;80;153;83;1496;157;708;2855;0;1;0;1;0;Yes
25;Female;89;132;92;697;152;457;1968;0;0;0;0;0;No
58;Female;60;181;93;999;145;816;3893;0;1;0;0;0;Yes
28;Female;62;112;61;609;145;590;2815;0;0;0;0;0;No
70;Female;71;120;59;636;142;345;1705;0;0;0;0;0;No
65;Female;69;141;73;889;145;365;1741;0;0;0;0;0;No
46;Female;69;122;75;675;155;427;1779;0;0;0;0;0;No
39;Female;81;102;68;1039;155;398;1658;0;0;0;0;0;No
64;Male;62;105;67;819;157;488;1968;0;0;0;0;0;No
54;Female;60;121;68;696;152;452;1946;0;0;0;0;0;No
37;Male;74;135;91;695;165;612;2245;0;1;0;0;0;No
32;Female;63;104;65;759;155;408;170;0;0;0;0;0;No
63;Female;80;113;70;679;147;438;2018;0;0;0;0;0;No
47;Female;72;133;91;534;155;663;2762;0;0;0;0;0;No
69;Male;92;143;86;672;168;610;2171;0;0;0;0;0;No
64;Female;86;138;80;822;14;398;2039;0;0;0;0;0;No
30;Female;66;128;83;57;15;435;1937;1;0;1;0;0;No
40;Female;74;151;89;658;152;504;217;0;0;0;0;0;No
39;Female;80;120;72;913;145;414;1975;0;0;0;0;0;No
35;Female;71;128;69;598;157;791;319;0;0;0;0;0;No
48;Male;66;158;112;534;157;600;2419;0;1;0;0;0;No
45;Female;90;154;106;496;147;580;2672;0;0;0;0;0;No
32;Female;58;126;65;753;165;580;2128;0;0;0;0;0;No
40;Female;86;143;77;732;157;490;1976;0;0;0;0;0;No
50;Male;92;126;86;627;168;607;216;0;0;0;0;0;Yes
39;Female;64;124;74;734;16;647;2527;0;0;0;0;0;No
75;Female;67;147;76;476;157;536;2161;0;0;0;0;0;No
40;Female;72;136;87;701;157;601;2423;0;0;0;0;0;No
48;Male;66;144;89;802;168;560;1993;0;0;0;0;0;No
30;Female;71;138;88;1205;165;620;2275;0;1;0;0;0;No
40;Female;69;133;74;724;152;461;1985;0;0;0;0;0;No
62;Female;81;104;65;697;16;513;2003;0;0;0;0;0;No
30;Female;75;143;83;637;152;570;2454;0;0;0;0;0;No
75;Male;64;112;80;1544;173;509;1706;0;0;0;0;0;No
60;Female;78;135;72;816;16;573;2238;0;0;0;0;0;No
52;Male;62;129;81;853;165;557;2043;0;1;0;1;0;No
37;Female;64;119;78;706;15;620;2761;0;0;0;0;0;No
32;Female;75;100;66;53;152;466;2006;0;0;0;0;0;No
38;Male;82;119;69;606;165;520;1908;0;0;0;0;0;No
70;Male;77;149;90;887;155;446;1858;0;0;0;0;0;No
67;Female;79;181;93;677;157;330;1331;0;1;0;0;0;No
60;Male;65;170;89;70;154;470;1982;0;1;0;0;0;No
36;Female;96;133;83;50;149;600;2703;0;0;0;0;0;No
64;Female;91;153;89;130;154;400;1687;0;0;0;0;0;No
49;Female;125;172;115;100;154;700;2952;0;1;0;0;0;Yes
47;Male;85;134;82;180;154;570;2403;0;1;0;0;0;Yes
53;Female;94;129;79;170;16;800;3125;0;1;0;0;0;Yes
50;Female;80;141;71;210;154;610;2572;0;0;0;0;0;Yes
45;Female;88;112;75;60;152;500;2164;0;0;0;0;0;No
33;Male;88;131;80;60;18;500;1543;0;0;0;0;0;No
25;Female;64;117;73;50;157;450;1826;0;0;0;0;0;No
50;Female;79;165;82;60;157;400;1623;0;0;0;0;0;No
25;Female;60;135;102;50;149;520;2342;0;0;0;0;0;No
42;Female;59;139;95;70;149;480;2162;0;0;0;0;0;No
55;Female;78;154;83;60;149;650;2928;0;0;0;0;0;No
50;Female;81;124;90;150;119;550;3884;0;0;0;0;0;No
50;Female;80;136;81;50;119;550;3884;0;0;0;0;0;No
48;Female;90;182;107;130;149;550;2477;0;1;0;0;0;Yes
30;Female;91;97;59;60;149;520;2342;0;0;0;0;0;No
30;Female;103;147;95;170;149;500;2252;0;0;0;0;0;Yes
63;Female;72;142;90;150;119;600;4237;0;1;0;0;0;Yes
55;Male;91;145;93;100;149;600;2703;0;1;0;0;0;No
32;Female;84;113;76;60;149;500;2252;0;0;0;0;0;No
25;Female;83;111;79;60;18;600;1852;0;0;0;0;0;No
32;Female;85;155;85;110;18;480;1481;0;0;0;0;0;Yes
32;Female;82;129;86;140;18;600;1852;0;0;0;0;0;Yes
27;Male;76;94;61;60;149;500;2252;0;0;0;0;0;No
40;Female;80;142;108;938;16;625;2441;0;0;0;0;0;No
60;Male;83;141;98;845;16;489;191;0;0;0;0;0;No
30;Female;68;116;76;671;157;597;2407;0;0;0;0;0;No
68;Female;81;173;66;579;145;328;1565;0;0;0;0;0;No
60;Female;66;197;99;39;16;512;200;0;0;0;0;0;Yes
50;Male;76;144;85;79;155;439;1829;0;0;0;0;0;No
45;Female;76;115;74;477;16;505;1972;0;0;0;0;0;No
65;Male;95;120;79;909;165;667;2447;0;0;0;0;0;No
54;Female;85;146;81;76;165;476;1746;0;0;0;0;0;No
72;Male;67;121;62;511;168;520;185;0;0;0;0;0;No
50;Female;78;119;87;872;165;487;1787;0;0;0;0;0;No
55;Male;50;178;117;771;16;420;164;0;1;0;0;0;Yes
78;Male;93;133;80;26;145;372;1775;0;0;0;0;0;No
59;Female;91;141;85;82;155;536;2233;0;0;0;0;0;No
48;Male;75;150;106;718;16;585;2285;0;0;0;0;0;No
45;Female;82;164;90;888;165;436;160;0;0;0;0;0;No
50;Female;50;178;102;61;142;450;2224;0;1;0;0;0;No
30;Male;68;156;98;667;16;620;2421;1;0;1;0;0;No
30;Female;84;133;95;555;157;460;1855;0;0;0;0;0;No
60;Female;63;124;68;538;147;418;1926;0;0;0;0;0;No
35;Male;87;112;68;645;16;435;1699;0;0;0;0;0;No
32;Female;81;113;82;552;15;570;2538;0;0;0;0;0;No
45;Male;56;142;90;836;165;520;1908;0;0;0;0;0;No
42;Female;81;119;84;2362;157;593;2391;0;0;0;0;0;No
46;Female;78;122;81;901;168;659;2345;0;0;0;0;0;No
35;Female;76;121;82;723;16;530;207;0;0;0;0;0;No
43;Female;71;125;78;671;157;533;2149;0;0;0;0;0;No
35;Female;66;154;95;725;15;559;2489;0;0;0;0;0;No
52;Male;87;162;91;91;142;388;1918;0;1;0;0;0;No
62;Male;68;156;90;604;142;413;2041;0;0;0;0;0;No
23;Female;79;113;69;59;15;543;2418;1;0;1;0;0;No
45;Male;87;131;77;1242;16;669;2613;0;0;0;0;0;No
35;Female;67;118;67;557;155;555;2312;0;0;0;0;0;No
65;Female;64;171;86;522;147;600;2765;0;1;0;0;0;No
35;Female;91;105;85;563;16;603;2355;0;0;0;0;0;No
42;Female;77;153;101;866;15;419;1866;0;0;0;0;0;No
50;Female;68;173;98;841;16;438;1711;0;0;0;0;0;No
35;Female;69;131;78;605;152;480;2067;0;0;0;0;0;No
70;Male;65;143;78;919;168;560;1993;0;0;0;0;0;No
59;Female;75;187;104;605;152;506;2179;0;0;0;0;0;No
34;Female;79;153;87;853;15;570;2538;0;0;0;0;0;No
45;Male;80;122;70;843;165;520;1908;0;0;0;0;0;No
35;Female;56;130;81;523;16;556;2171;0;0;0;0;0;No
42;Male;62;144;89;635;165;650;2385;0;0;0;0;0;No
65;Male;83;148;89;2161;168;695;2473;0;0;0;0;0;No
37;Female;70;131;79;589;157;760;3065;0;0;0;0;0;No
38;Female;79;137;99;622;157;560;2258;0;0;0;0;0;No
50;Male;66;150;102;582;163;650;246;0;0;0;0;0;Yes
40;Female;77;95;61;606;152;520;2239;0;0;0;0;0;No
25;Female;94;128;84;50;154;780;3289;0;0;0;0;0;No
52;Female;113;176;102;140;154;400;1687;0;1;0;0;0;Yes
55;Female;110;182;93;110;152;500;2164;0;1;0;0;0;Yes
35;Female;87;142;88;70;172;730;2468;0;0;0;0;0;No
50;Female;87;186;114;110;172;800;2704;0;0;0;0;0;No
39;Female;67;192;106;90;172;550;1859;0;0;0;0;0;No
33;Female;88;119;77;60;157;630;2556;0;0;0;0;0;No
50;Female;66;155;107;636;155;650;2708;0;0;0;0;0;No
29;Male;71;192;101;57;163;570;2157;0;0;0;0;0;No
35;Male;70;145;91;554;152;530;2282;0;0;0;0;0;No
55;Female;77;167;83;1116;155;520;2166;0;1;0;0;0;No
65;Male;97;113;73;56;17;610;2106;0;0;0;0;0;No
50;Female;84;173;92;1518;15;600;2672;0;1;0;0;0;Yes
50;Male;64;132;96;874;165;600;2201;0;1;0;0;0;No
40;Female;99;128;92;97;152;490;211;0;0;0;0;0;No
40;Female;74;172;111;934;152;520;2239;0;1;0;0;0;No
45;Female;77;128;74;642;155;520;2166;0;0;0;0;0;No
32;Male;81;133;88;77;168;580;2064;1;0;1;0;0;No
55;Male;73;183;80;509;17;600;2072;0;1;0;0;0;Yes
60;Male;73;147;101;631;163;600;2271;0;0;0;0;0;No
30;Female;82;131;86;539;152;550;2368;0;0;0;0;0;No
60;Male;75;103;63;54;157;520;2097;0;0;0;0;0;No
72;Male;65;138;76;552;163;600;2271;0;0;0;0;0;No
60;Female;61;175;95;853;155;520;2166;0;0;0;0;0;No
33;Female;82;130;85;52;152;500;2153;0;0;0;0;0;No
35;Female;82;171;101;457;155;520;2166;0;0;0;0;0;No
31;Female;79;129;81;611;152;520;2239;0;0;0;0;0;No
40;Male;74;126;70;703;168;660;2348;0;0;0;0;0;No
30;Female;83;133;117;447;145;410;1956;0;0;0;0;0;No
70;Female;84;179;91;180;147;420;1935;1;0;1;0;0;No
40;Female;100;199;111;565;152;520;2239;0;0;0;0;0;No
70;Male;85;131;73;60;157;540;2177;0;0;0;0;0;No
55;Female;80;151;90;827;152;580;2497;0;0;0;0;0;No
30;Female;76;144;97;585;152;530;2282;0;0;0;0;0;No
40;Female;67;154;87;615;152;720;310;0;0;0;0;0;No
35;Female;80;130;73;822;152;520;2239;0;0;0;0;0;No
40;Female;59;175;99;763;16;520;2031;0;1;0;0;0;No
30;Female;111;145;99;300;134;370;2061;0;1;0;1;0;Yes
71;Female;71;146;62;110;152;500;2164;0;1;0;0;0;No
39;Female;88;133;80;190;154;490;2066;0;0;0;0;0;Yes
44;Female;91;116;72;80;154;490;2066;0;0;0;0;0;No
59;Male;68;180;87;60;152;520;2251;0;1;0;0;0;No
54;Female;70;130;76;50;154;510;215;0;1;0;0;0;No
30;Female;79;145;99;170;127;360;2232;0;1;0;0;0;Yes
45;Female;79;135;87;543;15;440;1959;0;0;0;0;0;No
45;Female;78;130;78;658;152;550;2368;0;0;0;0;0;No
40;Male;64;118;74;585;152;484;2084;0;0;0;0;0;No
50;Female;75;134;89;542;147;410;1889;1;0;1;0;0;No
65;Male;76;130;69;635;163;563;213;0;0;0;0;0;No
50;Female;74;153;98;661;152;605;2605;0;0;0;0;0;No
32;Male;66;123;76;571;152;510;2196;0;0;0;0;0;No
55;Female;74;160;93;521;152;572;2463;0;0;0;0;0;No
52;Female;77;103;77;729;157;530;2137;0;0;0;0;0;No
30;Female;98;126;94;677;147;556;2562;0;0;0;0;0;No
30;Female;59;135;94;61;147;337;1553;0;0;0;0;0;No
50;Female;65;130;83;792;152;580;2497;0;0;0;0;0;No
70;Female;74;184;112;1034;15;393;175;0;0;0;0;0;No
30;Male;66;111;70;563;163;437;1654;1;0;1;0;0;No
32;Male;73;124;73;689;157;450;1815;0;0;0;0;0;No
27;Female;64;118;79;74;15;395;1759;0;0;0;0;0;No
40;Male;79;131;78;665;165;622;2282;0;0;0;0;0;No
30;Female;80;131;81;801;16;682;2663;0;0;0;0;0;No
65;Male;67;121;73;68;17;566;1954;0;0;0;0;0;No
45;Female;65;179;86;736;157;458;1847;0;0;0;0;0;No
75;Male;65;162;101;60;157;514;2073;0;1;0;0;0;No
55;Female;55;207;78;667;152;491;2114;0;0;0;0;0;Yes
50;Female;60;125;75;714;152;505;2174;0;0;0;0;0;No
45;Male;80;121;80;591;157;727;2931;0;0;0;0;0;No
45;Male;67;163;101;1073;163;600;2271;0;0;0;0;0;No
35;Female;66;116;82;607;152;662;285;0;0;0;0;0;No
21;Female;73;106;65;774;145;430;2051;0;0;0;0;0;No
35;Male;64;127;73;582;163;540;2043;0;0;0;0;0;No
22;Female;92;102;65;110;149;520;2342;0;0;0;0;0;No
35;Female;68;159;86;62;157;554;2234;0;0;0;0;0;No
28;Female;59;114;79;628;152;483;208;0;0;0;0;0;No
40;Female;76;131;90;881;152;490;211;0;0;0;0;0;No
25;Female;68;140;79;76;15;467;2079;0;0;0;0;0;No
40;Male;64;112;66;778;157;530;2137;0;0;0;0;0;No
35;Female;89;140;91;1612;152;520;2239;0;1;0;0;0;Yes
47;Female;86;129;76;611;152;470;2024;0;0;0;0;0;No
26;Female;78;129;85;653;157;659;2657;0;0;0;0;0;No
25;Female;72;132;93;627;152;542;2334;0;0;0;0;0;No
62;Female;72;128;88;50;157;640;2596;0;1;0;1;0;No
30;Female;72;139;84;794;155;704;2933;0;0;0;0;0;No
35;Female;75;120;82;60;154;500;2108;0;0;0;0;0;No
43;Female;87;166;111;70;16;690;2695;0;1;0;0;0;No
33;Female;86;130;90;50;157;560;2272;0;0;0;0;0;No
60;Female;87;130;90;130;154;630;2656;0;1;0;0;0;Yes
50;Female;95;148;101;140;157;590;2394;0;1;0;0;0;Yes
64;Female;84;129;72;90;154;550;2319;0;1;0;0;0;Yes
37;Female;80;130;94;90;157;530;215;0;1;0;0;0;Yes
35;Female;92;130;90;50;152;490;2121;0;1;0;0;0;No
65;Female;86;140;90;100;152;470;2034;0;1;0;1;0;Yes
40;Female;75;120;80;50;157;610;2475;0;0;0;0;0;No
64;Male;91;156;90;180;16;640;250;0;1;0;0;0;Yes
38;Female;85;120;80;110;165;680;2498;0;0;0;0;0;No
55;Female;77;123;72;30;154;530;2235;0;0;0;0;0;No
50;Female;87;145;95;200;152;530;2294;0;0;0;0;0;No
36;Female;91;144;94;200;157;680;2759;0;1;0;0;0;Yes
52;Male;51;130;89;983;163;400;1514;0;0;0;0;0;No
40;Female;52;134;83;622;157;520;2097;0;0;0;0;0;No
55;Male;66;173;105;611;16;504;1968;0;1;0;0;0;No
47;Female;90;126;82;563;15;398;1772;0;0;0;0;0;No
45;Female;68;142;93;668;152;453;195;0;1;0;0;0;No
29;Female;84;112;65;90;154;520;2193;0;0;0;0;0;No
55;Female;75;138;85;90;152;490;2121;0;1;0;0;0;No
40;Female;64;137;98;507;155;720;2999;0;0;0;0;0;Yes
30;Female;62;128;68;59;157;510;2056;0;0;0;0;0;No
55;Female;103;167;103;60;16;650;2539;0;1;0;0;0;No
61;Female;105;119;81;100;149;520;2342;0;0;0;0;0;No
58;Female;87;154;98;80;157;590;2394;0;1;0;0;0;Yes
39;Female;80;145;89;90;127;400;248;0;1;0;0;0;Yes
28;Female;66;137;82;46;152;530;2282;0;0;0;0;0;No
25;Female;105;120;75;741;157;710;2863;0;0;0;0;0;No
40;Male;72;122;79;906;157;624;2516;0;0;0;0;0;No
35;Female;78;125;86;1891;155;614;2558;0;0;0;0;0;No
42;Male;98;120;90;824;157;585;2359;0;0;0;1;0;No
38;Female;64;137;82;82;15;585;2605;0;0;0;0;0;No
50;Female;70;149;91;55;152;432;186;0;0;0;0;0;No
30;Male;77;122;73;554;163;555;210;0;0;0;0;0;No
35;Male;73;154;79;899;157;560;2258;0;0;0;0;0;No
55;Male;57;153;77;509;168;660;2348;0;0;0;0;0;No
67;Male;60;145;99;771;163;680;2573;0;0;0;0;0;No
55;Female;67;155;102;897;15;440;1959;0;1;0;0;0;No
40;Female;78;143;101;140;154;770;3247;0;1;0;0;0;No
40;Female;101;147;108;80;152;610;264;0;1;0;0;0;Yes
35;Male;62;102;69;635;155;530;2208;0;0;0;0;0;No
30;Female;73;135;86;988;152;510;2196;0;0;0;0;0;No
55;Male;76;165;87;687;152;530;2282;0;1;0;0;0;No
47;Female;62;126;82;812;15;454;2022;0;0;0;0;0;No
49;Female;64;126;77;941;155;510;2124;0;0;0;0;0;No
35;Female;73;130;89;63;155;580;2416;0;0;0;0;0;No
22;Female;61;129;76;947;157;520;2097;0;0;0;0;0;No
52;Female;81;123;67;514;152;540;2325;0;0;0;0;0;No
45;Female;70;128;79;54;157;500;2016;0;0;0;0;0;No
30;Female;74;123;75;579;16;570;2226;0;0;0;0;0;No
36;Female;72;132;90;1175;152;530;2282;0;0;0;0;0;No
45;Female;79;114;81;763;152;550;2368;0;0;0;0;0;No
30;Male;66;115;59;588;157;570;2298;0;0;0;0;0;No
30;Female;78;116;63;65;152;540;2325;0;0;0;0;0;No
55;Female;84;128;82;745;155;530;2208;0;0;0;0;0;No
22;Male;73;151;98;1257;165;882;3236;0;0;0;0;0;No
30;Female;60;138;83;555;152;650;2799;0;0;0;0;0;No
36;Female;78;128;74;846;152;480;2067;0;0;0;0;0;No
30;Female;65;121;80;978;157;750;3024;0;0;0;0;0;Yes
27;Male;71;123;85;954;168;638;227;0;0;0;0;0;No
25;Female;72;130;76;612;15;450;2004;0;0;0;0;0;No
38;Female;89;146;95;989;152;620;2669;0;0;0;0;0;No
34;Female;63;128;89;2092;15;490;2182;0;0;0;0;0;Yes
25;Female;57;127;83;658;157;489;1972;0;0;0;0;0;No
50;Female;53;146;98;717;155;520;2166;0;0;0;0;0;No
48;Female;104;120;77;60;16;480;1875;0;0;0;0;0;Yes
30;Male;86;124;79;656;157;530;2137;0;0;0;0;0;No
35;Female;71;129;69;637;152;520;2239;0;0;0;0;0;No
50;Female;65;153;85;918;152;480;2067;0;0;0;0;0;No
30;Female;68;141;75;668;152;460;1981;0;0;0;0;0;No
40;Male;70;155;85;777;157;550;2218;0;0;0;0;0;No
32;Female;64;142;80;627;152;480;2067;0;0;0;0;0;No
70;Male;82;149;87;66;16;550;2148;0;1;0;0;0;No
60;Female;59;150;93;714;155;534;2224;0;1;0;0;0;No
35;Female;68;112;79;723;157;550;2218;0;0;0;0;0;No
40;Male;76;103;70;596;152;480;2067;0;0;0;0;0;No
35;Female;113;103;79;787;152;520;2239;0;0;0;0;0;No
27;Female;71;139;99;50;157;530;215;0;0;0;0;0;No
35;Female;68;135;76;605;15;490;2182;0;0;0;0;0;No
55;Male;54;108;75;948;152;580;2497;0;0;0;0;0;No
45;Female;70;94;64;71;147;530;2442;0;0;0;0;0;No
30;Female;75;126;72;699;155;550;2291;0;0;0;0;0;No
70;Male;64;131;81;604;168;620;2206;0;0;0;0;0;No
60;Female;59;207;90;631;157;570;2298;0;0;0;0;0;No
70;Male;82;153;79;913;155;520;2166;0;0;0;0;0;Yes
45;Female;69;143;85;494;15;440;1959;0;0;0;0;0;No
47;Female;71;122;78;738;157;530;2137;0;0;0;0;0;No
32;Female;71;115;89;589;152;520;2239;0;0;0;0;0;No
30;Male;63;135;87;441;165;610;2238;0;0;0;0;0;No
55;Male;86;160;99;110;175;700;2286;0;1;0;0;0;Yes
42;Female;83;129;78;50;154;550;2319;0;0;0;0;0;Yes
35;Male;67;169;87;70;152;530;2282;0;0;0;0;0;No
55;Male;78;120;80;50;157;500;2028;0;0;0;0;0;No
70;Male;53;153;82;723;165;531;1948;0;0;0;0;0;No
35;Female;95;163;115;50;154;700;2952;0;0;0;0;0;Yes
60;Female;62;128;71;586;157;520;2097;0;0;0;0;0;No
37;Female;99;179;115;60;162;730;2782;0;0;0;0;0;No
40;Male;72;143;102;60;162;610;2324;0;0;0;0;0;No
45;Male;70;127;78;130;162;550;2096;0;0;0;0;0;Yes
51;Male;104;177;116;50;162;520;1981;0;0;0;0;0;No
40;Female;74;139;106;656;157;520;2097;0;0;0;0;0;No
36;Female;75;136;94;100;16;630;2461;0;1;0;0;0;Yes
53;Male;86;135;91;190;157;640;2596;0;1;0;0;0;Yes
50;Female;80;177;103;546;157;520;2097;0;0;0;0;0;No
35;Male;69;129;80;676;16;560;2187;1;0;1;0;0;No
30;Female;76;92;65;643;157;520;2097;0;0;0;0;0;No
50;Male;63;130;79;552;17;630;2175;0;0;0;0;0;No
45;Female;58;121;74;506;155;530;2208;0;0;0;0;0;No
55;Male;63;131;84;832;157;580;2339;0;0;0;0;0;No
36;Female;68;126;88;974;155;520;2166;0;0;0;0;0;No
62;Female;77;169;87;685;152;478;2058;0;0;0;0;0;No
50;Female;69;116;75;946;157;530;2137;0;0;0;0;0;No
30;Female;67;126;79;804;15;480;2137;0;0;0;0;0;No
65;Female;59;179;96;653;155;580;2416;0;1;0;0;0;No
54;Male;75;127;78;811;17;492;1699;0;0;0;0;0;No
35;Female;71;118;83;553;16;523;2042;1;0;1;0;0;No
65;Male;50;170;93;536;173;710;238;0;0;0;0;0;No
55;Female;77;202;116;1671;16;512;200;0;0;0;0;0;Yes
70;Male;75;203;96;654;16;736;2874;0;0;0;0;0;No
55;Female;70;180;94;71;155;488;2033;0;0;0;0;0;No
50;Male;74;131;74;1043;157;512;2065;0;0;0;0;0;No
40;Female;76;146;81;774;157;480;1935;0;0;0;0;0;No
37;Female;83;116;78;66;152;702;3023;0;0;0;0;0;No
70;Male;70;131;75;731;155;550;2291;0;0;0;0;0;No
59;Female;82;135;81;81;152;543;2338;0;0;0;0;0;No
45;Female;66;148;92;488;147;493;2272;0;0;0;0;0;No
25;Female;84;121;77;675;147;374;1723;0;0;0;0;0;No
49;Female;73;154;93;747;155;503;2095;0;0;0;0;0;No
42;Female;80;121;77;1051;147;450;2073;0;0;0;0;0;No
45;Female;65;190;100;641;15;492;2191;0;0;0;0;0;No
25;Male;59;114;70;204;152;478;2058;0;0;0;0;0;No
64;Male;63;129;73;693;165;477;175;0;0;0;0;0;No
50;Female;74;119;76;963;157;582;2347;0;0;0;0;0;No
25;Female;85;130;87;639;16;821;3206;0;0;0;0;0;No
30;Female;73;127;65;1066;147;458;211;0;0;0;0;0;No
47;Male;85;103;74;763;168;373;1327;0;0;0;0;0;No
35;Female;73;103;62;591;142;341;1685;0;0;0;0;0;No
56;Male;58;127;81;572;168;482;1715;0;0;0;0;0;No
52;Female;73;103;79;65;142;427;211;0;0;0;0;0;No
35;Female;63;150;82;56;15;420;187;0;0;0;0;0;No
79;Female;76;149;85;673;147;313;1442;0;0;0;0;0;No
54;Female;66;140;85;564;157;451;1819;0;0;0;0;0;No
49;Male;52;128;79;72;16;495;1933;0;0;0;0;0;No
35;Female;93;102;62;778;147;398;1834;0;0;0;0;0;No
38;Female;65;137;87;702;142;474;2343;0;0;0;0;0;No
30;Female;56;141;80;90;15;460;2048;0;0;0;0;0;No
52;Male;72;122;81;604;16;701;2738;0;0;0;0;0;No
38;Female;95;116;77;723;155;544;2266;0;0;0;0;0;No
31;Female;67;136;83;1394;152;514;2213;0;0;0;0;0;No
50;Male;66;143;96;1034;168;600;2135;0;0;0;0;0;No
35;Female;75;123;78;809;152;410;1765;0;0;0;0;0;No
45;Female;97;126;74;677;152;530;2282;0;0;0;0;0;No
59;Male;71;117;68;74;16;502;196;0;0;0;0;0;No
49;Female;52;123;71;611;137;474;252;0;0;0;0;0;No
34;Female;82;121;77;969;152;527;2269;0;0;0;0;0;No
51;Female;61;169;92;653;142;407;2012;0;0;0;0;0;No
54;Female;78;129;76;764;168;503;179;0;0;0;0;0;No
40;Male;65;130;77;526;165;458;168;0;0;0;0;0;No
30;Female;72;135;86;741;147;664;3059;0;0;0;0;0;No
40;Female;66;129;82;809;16;477;1863;0;0;0;0;0;No
43;Male;84;113;75;665;157;532;2145;0;0;0;0;0;No
36;Female;70;119;73;559;147;481;2216;0;0;0;0;0;No
70;Male;84;144;101;1064;165;572;2098;0;0;0;0;0;No
60;Female;64;206;78;96;15;564;2511;0;0;0;0;0;No
44;Female;82;120;76;904;155;470;1958;0;0;0;0;0;No
60;Male;67;145;93;955;16;661;2581;0;0;0;0;0;Yes
45;Female;75;159;107;589;145;717;3421;0;1;0;0;0;Yes
22;Male;96;144;95;1433;165;660;2421;1;0;1;0;0;No
35;Female;71;168;89;507;157;614;2476;0;0;0;0;0;No
37;Female;79;135;100;804;157;545;2198;0;0;0;0;0;No
53;Male;87;93;64;727;157;506;204;0;0;0;0;0;No
46;Female;72;115;91;883;157;655;2641;0;0;0;0;0;No
50;Female;77;130;66;1008;147;530;2442;0;0;0;0;0;No
54;Female;75;130;83;719;145;451;2152;0;0;0;0;0;No
44;Female;79;143;84;725;147;637;2935;0;0;0;0;0;No
47;Male;59;86;45;563;142;441;218;0;0;0;0;0;No
46;Female;70;120;78;91;16;492;1921;0;0;0;0;0;No
45;Male;75;132;78;575;163;600;2271;0;0;0;0;0;No
59;Male;82;123;69;683;16;504;1968;0;0;0;0;0;No
33;Female;59;102;68;541;155;516;2149;0;0;0;0;0;No
40;Female;83;131;87;813;147;481;2216;0;0;0;0;0;No
60;Female;73;130;89;628;147;441;2032;0;0;0;0;0;No
38;Female;93;123;87;736;157;550;2218;0;0;0;0;0;No
56;Female;80;113;64;643;147;439;2023;0;0;0;0;0;No
37;Female;75;127;75;628;157;458;1847;0;0;0;0;0;No
58;Female;72;132;68;1129;15;580;2583;0;0;0;0;0;No
40;Male;75;152;86;89;155;586;2441;0;0;0;0;0;No
42;Female;70;114;71;768;145;374;1784;0;0;0;0;0;No
50;Male;66;153;98;574;16;537;2097;0;0;0;0;0;No
44;Female;60;107;71;666;152;540;2325;0;0;0;0;0;No
55;Female;78;127;73;928;147;480;2212;0;0;0;0;0;No
30;Female;89;144;95;861;152;781;3363;0;0;0;0;0;No
50;Male;70;154;86;1699;16;644;2515;0;1;0;0;0;Yes
45;Female;79;129;77;585;155;557;232;0;0;0;0;0;No
38;Female;85;114;72;756;157;530;2137;0;0;0;0;0;No
50;Female;72;140;92;644;152;446;192;0;0;0;0;0;No
45;Female;73;152;88;865;152;573;2467;0;0;0;0;0;No
60;Male;71;163;91;509;163;572;2165;0;1;0;0;0;Yes
50;Female;73;144;94;574;145;444;2118;0;0;0;0;0;No
50;Male;71;110;72;457;16;432;1687;0;0;0;0;0;No
51;Male;74;110;76;80;162;660;2515;0;0;0;0;0;No
40;Female;71;166;103;439;155;554;2308;0;0;0;0;0;No
58;Male;74;145;91;70;167;750;2689;0;0;0;0;0;No
38;Male;83;141;74;60;157;500;2028;0;0;0;0;0;No
35;Female;72;153;76;685;15;478;2128;0;0;0;0;0;No
51;Male;75;120;60;90;175;750;2449;0;0;0;0;0;No
69;Male;79;130;90;90;144;520;2508;0;0;0;0;0;No
70;Male;85;120;70;90;162;560;2134;0;0;0;0;0;No
66;Male;95;100;68;100;16;600;2344;0;0;0;0;0;No
51;Male;75;100;70;80;157;520;211;0;0;0;0;0;No
50;Female;78;170;96;74;15;393;175;0;0;0;0;0;No
49;Female;70;155;93;1011;157;526;2121;0;0;0;0;0;No
60;Male;78;116;66;81;168;630;2242;0;0;0;0;0;No
63;Female;70;162;101;75;147;462;2129;0;0;0;0;0;No
25;Female;85;102;62;659;16;677;2644;0;0;0;0;0;No
50;Female;97;150;90;1017;155;520;2166;0;0;0;0;0;No
59;Male;59;111;65;504;168;730;2598;0;0;0;0;0;No
35;Female;90;143;91;763;155;560;2333;0;0;0;0;0;No
29;Female;82;113;82;50;157;550;2231;0;0;0;0;0;No
28;Female;99;128;68;50;162;550;2096;0;0;0;0;0;No
45;Female;70;152;93;100;16;770;3008;0;0;0;0;0;No
45;Female;97;168;87;120;167;660;2367;0;1;0;0;0;Yes
64;Male;96;126;80;60;154;500;2108;0;0;0;0;0;No
39;Male;91;84;69;50;167;590;2116;0;0;0;0;0;No
46;Female;96;144;95;60;16;550;2148;0;0;0;0;0;No
38;Female;91;138;97;90;16;590;2305;0;0;0;0;0;No
51;Female;90;140;90;60;167;550;1972;0;1;0;0;0;No
43;Female;61;120;80;60;16;460;1797;0;0;0;0;0;No
31;Female;71;148;98;50;162;660;2515;0;0;0;0;0;No
35;Female;99;120;80;50;162;550;2096;0;0;0;0;0;No
43;Female;85;97;47;60;16;450;1758;0;1;0;0;0;Yes
55;Male;78;120;49;120;167;490;1757;0;1;0;0;0;No
30;Female;56;138;114;60;167;550;1972;0;0;0;0;0;No
74;Male;99;130;90;90;154;650;2741;0;1;0;0;0;No
61;Male;76;104;55;90;16;550;2148;0;0;0;0;0;No
38;Female;72;134;100;60;99;230;2347;0;0;0;0;0;No
35;Male;70;148;47;90;16;550;2148;0;0;0;0;0;No
38;Female;94;96;56;30;16;550;2148;0;0;0;0;0;No
41;Female;99;157;80;90;162;560;2134;0;0;0;0;0;No
65;Male;81;129;90;60;154;500;2108;0;0;0;0;0;No
24;Male;89;124;77;90;16;590;2305;0;0;0;0;0;No
31;Male;101;114;82;60;162;620;2362;0;0;0;0;0;No
50;Female;76;147;84;723;155;679;2828;0;0;0;0;0;No
34;Female;75;118;79;782;152;520;2239;0;0;0;0;0;No
28;Female;93;117;67;675;152;580;2497;0;0;0;0;0;No
34;Male;69;143;89;588;16;715;2792;0;0;0;0;0;No
40;Female;56;139;79;1043;147;622;2866;1;0;1;0;0;No
50;Female;88;127;64;106;147;394;1815;0;0;0;0;0;No
52;Male;80;160;93;2546;16;605;2363;0;0;0;0;0;No
45;Female;98;118;76;599;147;400;1843;0;0;0;0;0;No
49;Female;86;175;107;529;155;514;2141;0;0;0;0;0;No
38;Male;76;145;89;766;173;556;1864;0;0;0;0;0;No
34;Female;69;138;75;725;15;457;2035;0;0;0;0;0;No
38;Female;80;200;115;825;155;545;227;0;0;0;0;0;No
38;Female;62;163;89;641;16;363;1418;0;0;0;0;0;No
55;Female;63;162;89;696;15;621;2765;0;1;0;0;0;Yes
25;Female;70;121;75;493;147;748;3446;0;0;0;0;0;No
25;Female;69;116;74;898;147;641;2953;1;0;1;0;0;No
30;Female;79;132;92;698;142;449;2219;0;0;0;0;0;Yes
51;Female;73;125;71;712;157;493;1988;0;0;0;0;0;No
24;Male;88;102;67;1378;157;625;252;1;0;1;0;0;No
64;Female;77;155;90;711;147;450;2073;0;0;0;0;0;No
64;Male;84;110;70;951;16;548;214;0;0;0;0;0;No
50;Female;51;144;79;834;15;447;199;0;1;0;0;0;No
45;Female;61;172;118;694;155;624;2599;0;0;0;0;0;No
40;Male;75;130;76;59;163;700;2649;0;0;0;0;0;No
45;Female;89;131;73;768;145;477;2276;0;0;0;0;0;No
54;Male;58;127;61;626;157;465;1875;0;0;0;0;0;No
50;Female;70;197;112;578;152;578;2489;0;0;0;0;0;No
35;Female;83;135;73;508;157;690;2782;0;0;0;0;0;No
30;Female;73;170;87;734;157;413;1665;0;0;0;0;0;No
30;Female;87;147;104;713;152;686;2954;0;0;0;0;0;No
50;Male;69;120;71;681;15;527;2347;0;0;0;0;0;No
52;Female;61;170;96;648;157;502;2024;0;0;0;0;0;No
26;Female;81;97;66;825;155;484;2016;0;0;0;0;0;No
40;Male;59;133;81;581;16;615;2402;0;0;0;0;0;No
33;Female;95;113;76;649;155;643;2678;0;0;0;0;0;No
40;Female;81;167;107;80;152;840;3636;0;0;0;0;0;No
37;Female;96;104;75;60;144;400;1929;0;0;0;0;0;No
54;Male;96;172;112;60;162;720;2743;0;0;0;0;0;No
44;Female;98;123;79;70;157;550;2231;0;0;0;0;0;No
43;Male;96;126;75;50;137;450;2398;0;0;0;0;0;No
38;Female;96;120;80;80;157;600;2434;0;0;0;0;0;No
60;Male;96;130;85;60;162;600;2286;0;1;0;0;0;No
49;Female;96;126;86;80;154;560;2361;0;1;0;0;0;No
43;Female;96;141;80;90;157;500;2028;0;0;0;0;0;No
60;Female;78;154;79;90;154;800;3373;0;1;0;0;0;No
25;Female;88;113;69;50;157;550;2231;0;0;0;0;0;No
36;Male;96;120;77;140;157;550;2231;1;0;0;0;0;No
25;Female;85;107;70;40;152;490;2121;0;0;0;0;0;No
71;Male;50;160;78;90;152;500;2164;0;1;0;0;0;Yes
42;Female;91;158;95;60;16;720;2813;0;1;0;0;0;No
48;Female;70;106;62;50;157;490;1988;0;0;0;0;0;No
22;Female;77;123;68;40;154;560;2361;0;0;0;0;0;No
30;Female;64;103;55;40;154;460;194;0;0;0;0;0;No
40;Female;111;129;102;73;157;520;2097;0;0;0;0;0;No
58;Male;74;139;85;220;154;600;253;0;1;0;0;0;No
64;Male;72;173;84;120;157;700;284;0;1;0;0;0;Yes
42;Female;91;156;95;90;154;660;2783;0;0;0;0;0;No
35;Female;88;103;75;70;144;540;2604;0;0;0;0;0;No
55;Male;64;117;60;764;157;560;2258;0;0;0;0;0;No
79;Female;96;142;80;120;152;500;2164;0;1;0;0;0;Yes
45;Female;82;119;64;81;147;450;2073;0;0;0;0;0;No
56;Female;81;116;58;684;157;571;2302;0;0;0;0;0;No
43;Female;70;154;80;666;152;435;1873;0;0;0;0;0;No
33;Male;52;120;79;691;16;630;246;0;0;0;0;0;No
30;Female;63;110;76;784;15;601;2676;0;0;0;0;0;No
30;Female;81;114;74;637;152;462;1989;0;0;0;0;0;No
26;Male;73;113;93;50;162;610;2324;0;0;0;0;0;No
45;Female;87;104;66;60;149;620;2793;0;0;0;0;0;No
33;Female;130;104;71;90;154;450;1897;0;0;0;0;0;No
35;Male;72;128;82;636;17;590;2037;0;0;0;0;0;No
35;Male;76;93;57;626;155;458;1908;0;0;0;0;0;No
70;Male;76;123;66;859;163;555;210;0;0;0;0;0;No
60;Female;64;152;75;1026;15;426;1897;0;0;0;0;0;No
30;Female;66;142;85;617;155;500;2083;0;0;0;0;0;No
60;Female;82;150;83;494;157;370;1492;0;0;0;0;0;No
40;Female;80;96;58;791;16;497;1941;0;0;0;0;0;No
40;Female;67;130;99;648;145;373;1779;0;0;0;0;0;No
39;Female;101;118;83;701;152;490;211;0;0;0;0;0;No
50;Female;80;155;94;723;152;425;183;0;0;0;0;0;No
31;Female;79;134;89;482;152;503;2166;0;0;0;0;0;No
31;Female;72;151;84;861;155;680;2833;1;0;1;0;0;No
30;Female;60;130;73;531;16;520;2031;0;0;0;0;0;No
25;Female;70;121;81;967;15;678;3019;0;0;0;0;0;No
63;Female;74;98;60;669;152;583;251;0;0;0;0;0;No
38;Female;71;119;78;1424;152;604;2601;0;0;0;0;0;No
34;Female;69;120;66;797;152;467;2011;0;0;0;0;0;No
60;Male;98;122;75;649;17;634;2189;0;0;0;0;0;No
50;Male;63;117;77;668;16;589;230;0;0;0;0;0;No
60;Female;84;142;74;563;122;442;2974;0;0;0;0;0;No
55;Female;77;182;95;621;155;570;2374;0;0;0;0;0;No
40;Female;63;163;90;63;155;648;2699;0;1;0;0;0;No
40;Male;90;107;68;777;15;420;187;0;0;0;0;0;No
65;Male;78;123;74;86;168;729;2594;0;0;0;0;0;No
62;Female;72;142;77;958;142;687;3396;0;0;0;0;0;No
50;Female;103;148;94;1709;132;453;2597;0;0;0;0;0;No
63;Male;67;179;99;657;17;564;1947;0;0;0;0;0;No
55;Female;93;151;98;1053;142;453;2239;0;0;0;0;0;No
33;Female;81;128;72;669;147;430;1981;0;0;0;0;0;No
43;Female;77;143;92;77;142;534;2639;0;0;0;0;0;No
60;Male;72;125;73;1032;155;502;2091;0;0;0;0;0;No
50;Female;85;119;70;994;163;525;1987;0;0;0;0;0;No
60;Female;74;169;94;503;152;594;2558;0;0;0;0;0;No
30;Male;65;129;67;574;17;489;1688;0;0;0;0;0;No
65;Female;81;175;92;993;152;542;2334;0;0;0;0;0;No
55;Female;100;115;73;601;157;504;2032;0;0;0;0;0;No
50;Female;90;141;72;762;145;404;1927;0;0;0;0;0;No
60;Male;59;179;89;453;142;391;1933;0;0;0;0;0;No
55;Female;60;188;93;854;137;373;1983;0;0;0;0;0;No
30;Female;73;112;85;539;15;450;2004;0;0;0;0;0;No
35;Female;63;129;75;627;16;520;2031;0;0;0;0;0;No
50;Female;69;116;72;764;145;337;1608;0;0;0;0;0;No
30;Male;62;131;68;522;15;432;1924;0;0;0;0;0;No
33;Female;56;168;102;70;15;586;2609;0;0;0;0;0;Yes
74;Female;75;137;58;742;152;431;1856;0;0;0;0;0;No
43;Female;64;161;93;669;157;504;2032;0;0;0;0;0;No
54;Female;78;159;76;607;16;520;2031;0;0;0;0;0;No
35;Male;73;112;57;68;165;636;2333;0;0;0;0;0;No
35;Female;97;129;94;892;145;415;198;0;0;0;0;0;No
40;Female;77;130;75;666;147;540;2488;0;0;0;0;0;No
55;Male;55;124;82;602;163;508;1922;0;0;0;1;0;No
30;Female;77;123;71;661;152;500;2153;0;0;0;0;0;No
45;Female;60;119;70;668;152;550;2368;0;0;0;0;0;No
30;Female;80;115;68;568;152;520;2239;0;0;0;0;0;No
50;Female;72;127;80;588;152;573;2467;0;0;0;0;0;No
30;Female;78;142;74;4;152;564;2428;0;0;0;0;0;No
30;Female;58;130;74;441;157;530;2137;1;0;1;0;0;No
55;Female;74;114;74;612;155;655;2728;0;0;0;0;0;No
50;Male;57;144;91;941;155;567;2362;0;0;0;0;0;No
70;Male;60;170;89;704;163;654;2475;0;0;0;0;0;No
60;Female;80;160;85;683;145;382;1822;0;0;0;0;0;No
70;Male;78;123;70;758;163;670;2535;0;0;0;0;0;No
65;Female;69;133;80;76;155;652;2716;0;0;0;0;0;No
50;Female;82;117;54;734;157;560;2258;0;0;0;0;0;No
30;Female;85;100;69;87;16;570;2226;0;0;0;0;0;No
60;Male;77;129;74;785;155;574;2391;0;0;0;0;0;No
50;Female;57;110;69;738;155;498;2074;0;0;0;0;0;No
30;Female;86;127;75;604;155;520;2166;0;0;0;0;0;No
50;Female;83;132;81;792;155;560;2333;0;0;0;0;0;No
60;Male;81;138;78;856;155;690;2874;0;0;0;0;0;No
30;Female;65;135;80;733;16;541;2113;0;0;0;0;0;No
60;Female;66;186;94;734;16;560;2187;0;0;0;0;0;No
65;Male;70;145;89;642;157;530;2137;0;0;0;0;0;No
66;Female;82;136;84;768;157;570;2298;0;0;0;0;0;No
60;Male;75;127;87;675;16;560;2187;0;0;0;0;0;No
30;Male;58;121;78;677;155;560;2333;0;0;0;0;0;No
50;Female;76;134;81;7;157;560;2258;0;0;0;0;0;No
50;Female;68;99;67;58;147;500;2304;0;0;0;0;0;No
80;Female;66;206;96;666;152;568;2446;0;0;0;0;0;No
25;Male;48;122;74;71;157;530;2137;1;0;1;0;0;No
25;Female;56;110;71;476;155;584;2433;0;0;0;0;0;No
30;Female;69;124;84;562;152;621;2674;0;0;0;0;0;No
32;Female;71;124;82;571;152;450;1938;0;0;0;0;0;No
50;Male;79;118;86;559;165;641;2352;0;0;0;0;0;No
60;Male;66;131;81;586;163;650;246;0;0;0;0;0;No
36;Female;69;177;92;759;152;610;2626;0;0;0;0;0;No
50;Female;78;132;89;686;163;650;246;0;0;0;0;0;No
43;Male;72;135;91;655;168;650;2313;1;0;1;0;0;Yes
35;Female;71;144;92;671;157;564;2274;0;1;0;0;0;No
42;Female;59;182;101;575;157;571;2302;0;0;0;0;0;No
35;Male;74;145;84;739;155;534;2224;0;0;0;0;0;No
70;Male;56;187;101;714;163;631;2388;0;0;0;0;0;No
55;Male;74;158;93;851;165;621;2278;0;0;0;0;0;Yes
38;Female;58;137;81;736;155;544;2266;0;0;0;0;0;No
36;Female;94;103;72;607;155;541;2254;0;0;0;0;0;No
60;Female;77;135;71;688;155;610;2541;0;1;0;0;0;No
35;Female;79;105;71;775;16;540;2109;0;0;0;0;0;No
35;Male;58;122;91;596;165;819;3005;0;0;0;0;0;No
31;Female;70;106;73;622;152;624;2687;0;0;0;0;0;No
65;Male;78;128;84;699;16;470;1835;0;0;0;0;0;No
30;Male;64;103;70;612;155;531;2212;0;0;0;0;0;No
55;Female;66;155;100;587;157;542;2185;0;0;0;0;0;No
48;Male;62;129;79;681;163;690;2611;0;0;0;0;0;No
42;Female;71;122;79;648;157;570;2298;0;0;0;0;0;No
65;Male;72;121;74;1016;155;720;2999;0;1;0;1;0;Yes
45;Female;86;143;95;174;157;620;250;0;1;0;1;0;Yes
50;Female;70;131;87;69;152;490;211;0;0;0;0;0;No
60;Male;77;125;80;2058;157;560;2258;0;0;0;0;0;Yes
43;Female;63;139;100;714;155;560;2333;0;1;0;0;0;No
60;Female;73;197;109;968;152;630;2713;0;0;0;0;0;No
36;Female;67;100;66;684;152;491;2114;0;0;0;0;0;No
45;Female;73;165;98;1004;152;454;1955;0;1;0;0;0;No
22;Male;71;119;68;723;16;560;2187;1;0;1;0;0;No
60;Male;70;130;85;685;157;671;2706;0;0;0;0;0;No
35;Female;74;166;106;536;152;520;2239;0;0;0;0;0;No
50;Male;80;151;95;967;16;650;2538;0;0;0;0;0;No
40;Female;78;147;84;689;147;350;1613;0;1;0;0;0;No
50;Male;64;128;84;863;16;654;2554;0;0;0;0;0;No
45;Female;77;165;104;906;145;391;1865;0;0;0;0;0;No
35;Female;75;110;77;536;155;521;217;0;0;0;0;0;No
35;Female;86;155;87;26;152;512;2204;0;0;0;0;0;No
60;Male;64;143;73;437;157;591;2383;0;0;0;0;0;No
30;Female;62;103;67;786;157;520;2097;0;0;0;0;0;No
40;Female;92;172;101;777;155;542;2258;0;0;0;0;0;No
40;Female;79;144;73;556;155;420;175;0;0;0;0;0;No
70;Male;66;145;94;865;157;506;204;0;0;0;1;0;No
48;Female;74;128;84;535;155;477;1987;0;0;0;1;0;No
36;Female;80;132;75;569;15;520;2315;0;0;0;0;0;No
50;Female;75;159;90;671;155;650;2708;0;1;0;0;0;No
28;Male;82;129;83;502;157;590;2379;0;0;0;0;0;No
70;Male;65;144;82;541;16;653;255;0;1;0;0;0;No
30;Female;88;154;102;583;15;407;1812;0;0;0;0;0;No
65;Male;72;132;78;67;157;580;2339;0;0;0;0;0;No
40;Female;86;136;88;699;16;748;2921;0;0;0;0;0;No
60;Female;69;117;74;732;155;564;2349;0;0;0;0;0;No
55;Female;71;140;78;709;15;523;2329;0;0;0;0;0;No
32;Female;90;126;85;674;152;541;2329;0;0;0;0;0;No
37;Female;63;112;67;545;147;450;2073;0;0;0;1;0;No
52;Male;77;129;90;556;16;638;2492;0;0;0;0;0;Yes
47;Female;84;129;83;405;152;540;2325;0;0;0;0;0;No
57;Male;73;128;86;489;163;670;2535;0;1;0;0;0;Yes
52;Female;73;153;86;559;152;638;2747;0;0;0;0;0;Yes
27;Male;91;116;82;572;16;657;2566;1;0;1;0;0;No
24;Female;84;120;92;643;152;655;282;0;0;0;0;0;No
31;Male;72;122;75;809;163;590;2233;0;0;0;0;0;No
50;Female;58;166;82;546;157;567;2286;0;0;0;0;0;No
60;Male;65;114;82;741;155;582;2424;0;0;0;0;0;No
28;Female;66;153;86;723;155;601;2503;0;0;0;0;0;No
35;Female;91;129;85;65;152;574;2471;0;0;0;0;0;No
30;Male;61;119;80;30;162;510;1943;0;0;0;0;0;No
26;Female;82;123;77;30;152;610;264;0;0;0;0;0;No
47;Male;78;101;72;784;157;468;1887;0;0;0;0;0;No
35;Female;69;123;86;723;155;646;2691;0;0;0;0;0;No
50;Female;85;158;76;641;15;421;1875;0;0;0;0;0;No
32;Female;76;123;72;742;155;457;1904;0;0;0;0;0;No
42;Female;78;132;92;976;155;657;2737;0;0;0;0;0;No
60;Female;65;142;92;715;152;458;1972;0;1;0;0;0;No
70;Male;83;181;91;908;16;567;2214;0;0;0;0;0;No
60;Female;39;119;78;944;15;425;1892;0;0;0;0;0;No
48;Female;72;134;82;999;155;782;3257;0;0;0;0;0;No
40;Female;74;133;92;606;155;604;2516;0;0;0;0;0;No
35;Female;81;126;71;668;157;527;2125;0;0;0;0;0;No
60;Male;103;111;70;859;152;468;2015;0;0;0;0;0;No
28;Female;80;102;66;100;16;520;2031;0;0;0;0;0;Yes
45;Female;50;131;92;50;165;710;2608;0;0;0;0;0;No
46;Female;73;174;88;731;155;510;2124;0;0;0;0;0;No
33;Female;82;128;74;814;155;570;2374;0;0;0;0;0;No
70;Male;67;138;81;638;163;550;2081;0;0;0;0;0;No
42;Female;78;135;81;577;155;610;2541;0;0;0;0;0;No
52;Female;88;141;90;677;157;515;2077;0;0;0;0;0;No
45;Female;91;119;73;655;157;530;2137;0;0;0;0;0;No
38;Male;75;130;74;534;155;658;2741;0;0;0;0;0;No
25;Female;81;113;86;988;155;676;2816;0;0;0;0;0;No
35;Female;93;116;79;715;16;460;1796;0;0;0;0;0;No
50;Female;69;155;83;965;157;498;2008;0;0;0;1;0;No
23;Female;67;117;71;65;152;549;2364;0;0;0;0;0;No
65;Male;88;195;108;1016;16;720;2812;0;0;0;0;0;No
45;Female;81;127;92;824;152;450;1938;0;0;0;0;0;No
30;Female;82;119;75;759;155;564;2349;0;0;0;0;0;No
42;Female;94;92;61;702;157;514;2073;0;0;0;0;0;No
65;Female;90;105;62;841;155;680;2833;0;0;0;0;0;No
35;Male;63;130;86;717;16;610;2382;0;0;0;0;0;No
70;Male;66;145;85;534;165;595;2183;0;0;0;0;0;No
65;Female;77;173;99;582;157;650;2621;0;1;0;0;0;No
30;Female;78;116;68;593;157;520;2097;0;0;0;0;0;No
35;Male;66;149;62;714;16;560;2187;0;0;0;0;0;No
60;Female;80;168;92;1235;152;390;1679;0;1;0;0;0;Yes
30;Female;78;129;84;642;157;560;2258;0;0;0;0;0;Yes
50;Female;88;115;75;1017;155;458;1908;0;0;0;0;0;No
50;Female;76;127;83;563;152;420;1808;0;0;0;0;0;No
40;Female;72;124;88;649;155;560;2333;0;0;0;0;0;No
50;Male;83;145;71;761;168;610;2171;0;0;0;0;0;No
35;Male;92;133;101;641;165;582;2135;0;0;0;0;0;No
50;Female;83;124;79;1049;152;560;2411;0;0;0;0;0;No
30;Female;75;140;88;547;152;440;1894;0;0;0;0;0;No
32;Female;82;139;76;619;155;478;1991;0;0;0;0;0;No
22;Female;83;124;80;664;155;630;2624;0;0;0;0;0;No
70;Male;58;147;77;932;173;720;2413;0;0;0;0;0;No
60;Female;78;121;103;577;15;518;2307;0;0;0;0;0;No
45;Male;82;129;90;515;155;574;2391;1;0;1;0;0;No
32;Female;80;152;100;576;152;629;2708;0;0;0;0;0;No
35;Male;36;126;79;674;163;621;235;0;0;0;0;0;No
35;Female;66;162;109;414;157;564;2274;0;0;0;0;0;No
50;Female;76;119;79;746;155;455;1895;0;0;0;0;0;No
65;Male;73;130;82;72;165;611;2242;0;0;0;0;0;No
55;Female;75;150;80;763;147;360;1659;0;0;0;0;0;No
28;Female;80;138;78;725;155;621;2587;0;0;0;0;0;No
60;Female;82;151;93;1084;147;398;1834;0;1;0;0;1;No
42;Male;82;169;102;774;16;631;2464;0;0;0;0;0;No
38;Female;70;131;72;351;152;454;1955;0;0;0;0;0;No
66;Male;66;134;80;752;147;398;1834;0;0;0;0;0;No
35;Female;65;113;66;816;147;411;1894;1;0;1;0;0;No
25;Female;81;139;87;618;157;564;2274;0;0;0;0;0;No
40;Female;61;138;89;746;15;482;2146;0;0;0;0;0;No
65;Female;83;144;92;1262;152;361;1554;0;0;0;0;0;Yes
35;Male;79;125;79;653;157;583;2351;0;0;0;0;0;No
30;Female;73;145;92;1281;157;511;206;0;0;0;0;0;No
30;Female;72;120;63;982;155;512;2133;0;0;0;0;0;No
43;Female;81;144;89;1152;155;520;2166;0;0;0;0;0;No
55;Male;102;115;82;667;165;640;2348;0;0;0;0;0;No
50;Female;80;123;86;692;155;567;2362;0;0;0;0;0;No
40;Female;83;128;86;588;152;540;2325;0;0;0;0;0;No
40;Female;64;148;91;1056;152;489;2105;0;0;0;0;0;No
40;Female;68;156;86;671;155;562;2341;0;0;0;0;0;No
30;Male;45;145;83;743;165;574;2106;0;0;0;0;0;No
30;Female;83;116;55;771;155;520;2166;0;0;0;0;0;No
65;Male;64;191;96;61;152;560;2411;0;1;0;0;0;No
65;Male;82;111;73;811;165;620;2275;0;0;0;0;0;No
35;Female;77;124;75;622;152;400;1722;0;0;0;0;0;No
75;Male;79;102;67;597;157;480;1935;0;0;0;0;0;No
36;Male;69;115;61;609;165;560;2054;1;0;1;0;0;No
30;Female;91;101;77;607;152;488;2101;0;0;0;0;0;No
30;Male;51;124;83;593;16;480;1875;0;0;0;0;0;No
26;Female;70;116;76;483;152;520;2239;0;0;0;0;0;No
57;Male;64;165;92;1172;157;600;2419;0;0;0;0;0;No
50;Male;43;199;74;679;157;587;2367;0;0;0;0;0;No
40;Female;91;163;113;743;157;634;2556;0;0;0;0;0;No
30;Female;75;124;76;717;155;730;3041;0;0;0;0;0;No
65;Female;54;158;99;708;16;403;1574;0;1;0;0;0;No
45;Female;43;199;81;666;152;470;2024;0;0;0;0;0;No
65;Male;54;169;108;754;16;545;2128;0;0;0;0;0;No
55;Female;62;137;82;601;152;366;1576;0;0;0;0;0;No
49;Female;73;155;96;2817;152;490;211;0;0;0;0;0;No
39;Female;74;119;80;613;152;550;2368;0;0;0;0;0;No
33;Female;60;139;99;514;147;480;2212;0;0;0;0;0;No
35;Female;75;132;87;594;152;534;2299;0;0;0;0;0;No
74;Female;56;172;103;596;155;398;1658;0;0;0;0;0;No
39;Female;87;139;95;1684;152;724;3117;0;0;0;0;0;No
31;Male;64;105;72;499;152;480;2067;0;0;0;0;0;No
45;Female;72;137;81;554;147;412;1898;0;0;0;0;0;No
70;Male;64;123;60;609;152;500;2153;0;0;0;0;0;No
30;Male;65;119;71;497;152;454;1955;0;0;0;0;0;No
60;Female;70;125;73;802;155;540;2249;0;0;0;0;0;No
50;Female;73;120;65;638;155;520;2166;0;0;0;0;0;No
65;Female;84;127;64;887;155;351;1462;0;0;0;0;0;No
45;Male;60;115;66;712;163;548;2074;0;0;0;0;0;No
60;Female;70;153;90;588;147;507;2336;0;0;0;0;0;No
50;Male;70;139;89;67;16;490;1914;0;0;0;0;0;No
40;Female;67;120;81;65;152;487;2097;0;0;0;0;0;No
45;Male;51;139;85;805;155;400;1666;0;0;0;0;0;No
32;Female;90;142;81;677;155;760;3166;0;0;0;0;0;No
60;Male;72;115;69;646;163;510;193;0;0;0;0;0;No
57;Female;82;101;73;617;155;395;1645;0;0;0;0;0;No
70;Male;53;160;76;771;157;550;2218;0;0;0;0;0;No
76;Male;69;103;74;595;163;400;1514;0;0;0;0;0;No
52;Female;85;135;84;764;15;490;2182;0;0;0;0;0;No
32;Male;75;127;72;682;163;751;2842;0;0;0;0;0;No
55;Female;89;122;81;726;152;570;2454;0;0;0;0;0;No
59;Male;66;121;88;613;163;550;2081;0;0;0;0;0;No
41;Female;66;119;82;993;152;460;1981;0;0;0;0;0;No
60;Male;55;171;105;732;155;550;2291;0;0;0;0;0;No
50;Female;60;135;89;689;155;520;2166;0;0;0;0;0;No
43;Female;66;131;89;557;155;604;2516;0;0;0;0;0;No
40;Male;58;112;83;771;16;583;2277;0;0;0;0;0;No
35;Female;57;119;74;633;152;489;2105;0;0;0;0;0;No
30;Female;71;140;99;595;147;650;2995;0;0;0;0;0;No
37;Female;74;135;89;67;152;683;2941;0;0;0;0;0;No
57;Male;68;152;96;499;157;600;2419;0;1;0;0;0;Yes
65;Male;65;147;76;786;155;571;2379;0;0;0;0;0;No
55;Female;81;133;96;50;152;491;2114;0;0;0;0;0;No
39;Male;58;129;79;498;165;554;2032;0;0;0;0;0;No
52;Female;65;131;117;537;152;560;2411;0;0;0;0;0;No
60;Female;72;104;69;671;145;480;229;0;0;0;0;0;No
59;Female;59;132;96;874;147;399;1838;0;0;0;0;0;No
40;Female;86;117;88;94;147;480;2212;0;0;0;0;0;No
42;Male;76;114;77;71;155;590;2458;0;0;0;0;0;No
34;Female;85;128;85;671;147;443;2041;0;0;0;0;0;No
35;Female;68;114;75;712;152;830;3574;0;0;0;0;0;No
53;Male;71;121;80;47;157;390;1573;0;0;0;0;0;No
42;Female;78;135;101;534;152;818;3522;0;0;0;0;0;No
36;Male;86;119;90;525;16;560;2187;0;0;0;0;0;No
32;Female;71;154;91;527;15;620;2761;0;0;0;0;0;No
65;Male;74;147;88;754;147;470;2166;0;0;0;0;0;No
40;Male;61;173;99;735;16;481;1878;0;0;0;0;0;No
35;Female;67;123;88;822;155;456;1899;0;0;0;0;0;No
42;Female;79;111;68;677;152;498;2144;0;0;0;0;0;No
50;Female;68;99;63;552;155;423;1762;0;0;0;0;0;No
54;Male;60;171;94;519;16;467;1824;0;0;0;0;0;No
50;Female;66;94;70;692;147;419;1931;0;0;0;0;0;No
35;Female;69;108;77;799;152;430;1851;0;0;0;0;0;No
38;Male;80;111;80;756;152;380;1636;0;0;0;0;0;No
34;Female;76;116;77;572;155;428;1783;0;0;0;0;0;No
80;Female;51;130;76;1362;15;400;1781;0;0;0;0;0;No
38;Male;74;128;80;658;16;631;2464;0;0;0;0;0;No
27;Female;88;94;64;75;137;410;2179;0;0;0;0;0;No
62;Male;64;144;81;787;168;626;2228;0;0;0;0;0;No
49;Female;66;150;96;532;155;550;2291;0;0;0;0;0;No
69;Female;79;138;82;733;152;480;2067;0;0;0;0;0;No
70;Male;53;129;68;757;168;697;248;0;0;0;0;0;No
60;Female;81;141;79;574;157;540;2177;0;0;0;0;0;No
50;Female;68;156;96;653;152;500;2153;0;0;0;0;0;No
30;Female;103;128;113;779;152;690;2971;0;0;0;0;0;No
45;Female;64;130;83;867;152;460;1981;0;0;0;0;0;No
47;Male;76;110;73;504;16;440;1718;0;0;0;0;0;No
35;Female;80;101;70;707;152;440;1894;0;0;0;0;0;No
40;Male;65;121;79;471;163;600;2271;0;0;0;0;0;No
40;Female;81;156;114;1057;147;667;3073;0;1;0;0;0;Yes
39;Female;90;113;74;717;155;567;2362;0;0;0;0;0;No
59;Female;89;146;67;160;142;620;3075;0;1;0;0;0;No
71;Male;83;135;76;594;155;550;2291;0;0;0;0;0;No
55;Male;76;136;77;782;155;479;1995;0;0;0;0;0;No
54;Female;56;118;74;543;155;410;1708;0;0;0;0;0;No
54;Female;70;147;86;61;152;600;2583;0;0;0;0;0;No
60;Female;54;167;106;616;152;405;1744;0;0;0;0;0;No
48;Male;68;122;99;485;16;572;2234;0;0;0;0;0;No
46;Male;81;147;88;78;163;640;2422;0;0;0;0;0;No
65;Female;68;136;77;739;152;398;1714;0;0;0;0;0;No
30;Female;85;115;80;885;145;484;2309;0;0;0;0;0;No
35;Male;87;130;102;596;157;677;273;0;1;0;0;0;No
59;Male;64;134;77;99;157;480;1935;0;0;0;0;0;No
50;Female;70;132;78;71;15;521;232;0;0;0;0;0;No
79;Female;70;130;119;869;145;443;2113;0;0;0;0;0;No
61;Male;63;150;81;898;16;557;2175;0;0;0;0;0;No
56;Female;64;116;75;752;147;405;1866;0;0;0;0;0;No
28;Female;69;110;79;691;152;640;2756;0;0;0;0;0;No
27;Female;97;123;83;477;152;610;2626;0;0;0;0;0;No
58;Female;64;126;79;682;145;420;2004;0;0;0;0;0;No
38;Female;64;156;101;828;152;508;2187;0;0;0;0;0;No
65;Male;91;171;94;666;152;557;2398;0;0;0;0;0;No
50;Female;80;129;90;1161;145;562;2681;0;0;0;0;0;No
65;Male;70;144;79;618;16;514;2007;0;0;0;0;0;No
32;Male;98;119;76;723;173;560;1877;0;0;0;0;0;No
28;Female;97;125;77;862;152;839;3612;0;0;0;0;0;No
27;Female;82;150;105;925;15;566;252;0;0;0;0;0;No
65;Male;97;160;87;775;147;460;212;0;0;0;0;0;No
58;Female;85;132;83;799;15;460;2048;0;0;0;0;0;No
32;Female;69;148;85;728;155;478;1991;0;0;0;0;0;No
52;Male;89;146;92;917;155;538;2241;0;0;0;0;0;No
76;Female;81;170;88;735;152;415;1787;0;0;0;0;0;No
37;Female;79;141;95;849;152;574;2471;1;0;1;0;0;No
47;Male;65;134;102;608;157;690;2782;0;0;0;0;0;Yes
40;Male;75;117;71;494;163;620;2346;0;0;0;0;0;No
30;Female;67;100;67;673;15;450;2004;0;0;0;0;0;No
60;Female;71;106;66;827;152;609;2622;0;0;0;0;0;No
40;Female;73;140;91;705;155;826;3441;0;0;0;0;0;No
75;Male;69;101;66;701;157;474;1911;0;0;0;0;0;No
65;Female;80;166;92;704;155;500;2083;0;0;0;0;0;No
55;Female;73;158;82;768;152;527;2269;0;0;0;0;0;No
59;Male;73;119;74;474;147;458;211;0;0;0;0;0;No
50;Female;82;100;73;54;152;386;1662;0;0;0;0;0;No
32;Female;65;120;81;567;152;600;2583;0;0;0;0;0;No
40;Female;77;113;77;703;16;500;1953;0;0;0;0;0;No
70;Male;60;129;64;704;165;520;1908;0;0;0;0;0;No
60;Female;69;146;71;861;152;540;2325;0;0;0;0;0;No
35;Male;55;128;78;685;163;730;2762;0;0;0;0;0;No
27;Female;67;111;75;808;15;520;2315;0;0;0;0;0;No
45;Male;81;122;90;681;165;711;2608;0;0;0;0;0;No
60;Female;92;128;84;933;152;573;2467;0;0;0;0;0;No
40;Female;111;130;90;881;152;698;3005;0;0;0;0;0;No
41;Male;74;112;77;533;163;482;1824;0;0;0;0;0;No
39;Female;85;112;74;926;152;647;2786;0;0;0;0;0;No
48;Male;57;111;61;545;132;410;235;0;0;0;0;0;No
42;Female;67;99;64;661;147;598;2755;0;0;0;0;0;No
36;Male;69;102;64;623;157;500;2016;0;0;0;0;0;No
32;Female;77;132;105;85;15;445;1981;0;0;0;0;0;No
70;Female;76;172;79;576;163;500;1892;1;0;1;0;0;No
32;Male;64;152;74;989;165;619;2271;0;0;0;0;0;No
50;Male;70;125;72;618;16;523;2042;0;0;0;0;0;No
42;Female;75;120;94;584;152;573;2467;0;0;0;0;0;No
39;Female;66;104;65;568;152;610;2626;0;0;0;0;0;No
52;Male;73;134;75;826;163;471;1782;0;0;0;0;0;No
57;Female;73;140;74;748;155;510;2124;0;0;0;0;0;No
35;Male;80;130;74;82;163;700;2649;0;0;0;0;0;No
30;Female;77;125;83;707;15;605;2694;0;0;0;0;0;No
35;Female;75;146;87;721;152;721;3104;0;0;0;0;0;No
80;Female;78;168;87;646;122;406;2731;0;0;0;0;0;No
50;Male;79;119;87;757;16;458;1789;0;0;0;0;0;No
40;Female;73;113;67;863;152;570;2454;0;0;0;0;0;No
70;Male;86;165;102;100;168;410;1459;0;0;0;0;0;No
30;Female;76;146;96;595;152;520;2239;0;0;0;0;0;No
50;Female;75;129;84;694;155;609;2537;0;0;0;0;0;Yes
32;Male;68;141;98;357;152;689;2967;0;0;0;0;0;No
60;Female;71;148;88;1579;135;480;2649;0;0;0;0;0;No
55;Male;69;130;72;626;163;543;2055;0;0;0;0;0;No
50;Female;75;161;119;586;152;406;1748;0;0;0;0;0;No
50;Male;81;97;57;555;17;521;1799;0;0;0;0;0;No
51;Male;60;128;80;684;173;553;1854;0;0;0;0;0;No
40;Female;61;117;89;552;145;440;2099;0;0;0;0;0;No
60;Male;62;139;91;641;163;597;2259;0;0;0;0;0;No
50;Female;71;136;98;623;152;700;3014;0;0;0;0;0;No
44;Female;75;148;89;609;168;513;1825;0;0;0;0;0;No
37;Male;64;120;75;793;163;713;2698;0;0;0;0;0;No
27;Female;73;105;71;545;152;600;2583;0;0;0;0;0;No
40;Female;82;120;83;469;157;530;2137;0;0;0;0;0;No
30;Female;75;119;76;69;157;550;2218;0;0;0;0;0;No
32;Female;83;121;81;514;157;620;250;0;0;0;0;0;No
30;Male;66;129;86;603;157;520;2097;0;0;0;0;0;No
28;Female;81;130;76;732;157;530;2137;0;0;0;0;0;No
36;Female;64;116;79;702;152;490;211;0;0;0;0;0;No
51;Male;68;148;91;764;152;500;2153;0;0;0;0;0;No
30;Female;78;138;85;582;147;530;2442;0;0;0;0;0;No
70;Male;63;134;60;732;152;426;1834;0;0;0;0;0;No
45;Female;84;115;71;764;16;580;2265;0;0;0;0;0;No
52;Male;62;173;103;538;168;550;1957;0;1;0;0;0;No
25;Female;84;117;73;627;16;560;2187;0;0;0;0;0;No
60;Female;68;114;67;579;142;474;2343;0;0;0;0;0;No
40;Male;74;112;72;786;147;520;2396;0;0;0;0;0;No
30;Male;75;123;80;538;157;520;2097;1;0;1;0;0;No
30;Female;91;111;78;801;157;560;2258;0;0;0;0;0;No
40;Male;71;117;75;58;168;477;1697;0;0;0;0;0;No
60;Male;59;160;87;71;168;620;2206;0;0;0;0;0;No
50;Female;74;114;74;637;152;530;2282;0;0;0;0;0;No
45;Female;88;126;89;627;157;520;2097;0;0;0;0;0;No
52;Female;90;151;86;1087;147;580;2672;0;0;0;0;0;No
37;Female;79;116;74;848;157;520;2097;0;0;0;0;0;No
40;Male;74;119;73;953;165;598;2194;0;0;0;0;0;No
32;Female;60;129;81;605;16;560;2187;0;0;0;0;0;No
65;Male;56;192;116;552;168;630;2242;0;0;0;0;0;No
30;Female;78;128;72;838;163;512;1938;0;0;0;0;0;No
60;Male;71;142;64;82;16;550;2148;0;0;0;0;0;No
45;Female;76;129;76;646;157;560;2258;0;0;0;0;0;No
50;Male;87;135;88;715;173;660;2212;0;0;0;0;0;No
38;Female;55;131;85;768;155;520;2166;0;0;0;0;0;No
50;Female;66;129;69;542;147;550;2534;0;0;0;0;0;No
60;Female;87;186;108;70;16;450;1758;0;1;0;0;0;No
61;Female;56;130;73;80;137;300;1598;0;0;0;0;0;No
38;Female;72;128;78;120;157;400;1623;0;0;0;0;0;Yes
38;Female;79;136;92;642;152;520;2239;0;0;0;0;0;No
55;Female;76;139;89;120;157;400;1623;0;0;0;0;0;Yes
60;Female;81;176;109;110;165;650;2388;0;1;0;0;0;Yes
34;Female;77;137;86;80;165;650;2388;0;0;0;0;0;No
41;Female;79;170;103;100;17;750;2595;0;1;0;0;0;Yes
37;Female;91;129;84;170;147;400;1851;0;0;0;0;0;No
60;Female;64;156;95;633;155;520;2166;0;1;0;0;0;No
37;Female;92;122;80;120;154;550;2319;0;0;0;0;0;Yes
23;Female;66;111;72;80;16;500;1953;0;0;0;0;0;No
53;Male;67;105;71;80;157;500;2028;0;0;0;0;0;Yes
70;Male;78;100;60;190;162;550;2096;0;0;0;0;0;No
57;Male;78;150;88;80;157;550;2231;0;0;0;0;0;Yes
23;Female;90;161;83;40;157;650;2637;0;0;0;0;0;No
63;Female;100;145;99;120;152;450;1948;0;0;0;0;0;Yes
38;Female;94;135;73;190;157;600;2434;0;0;0;0;0;Yes
45;Female;99;148;89;120;157;500;2028;0;0;0;0;0;No
21;Male;72;114;76;90;157;600;2434;0;0;0;0;0;No
25;Female;93;94;72;60;157;480;1947;0;0;0;0;0;No
45;Male;80;131;76;90;165;600;2204;0;1;0;0;0;Yes
42;Female;70;119;79;70;157;500;2028;0;0;0;0;0;No
36;Female;103;104;66;70;157;500;2028;0;0;0;0;0;No
43;Female;70;140;83;180;149;460;2072;0;1;0;0;0;Yes
65;Female;101;139;94;50;16;580;2266;0;1;0;0;0;No
61;Female;79;141;89;60;157;500;2028;0;1;0;0;0;No
50;Female;77;103;74;571;16;560;2187;0;0;0;0;0;No
50;Male;81;118;74;80;162;590;2248;0;0;0;0;0;Yes
24;Female;74;120;72;70;16;600;2344;0;0;0;0;0;No
65;Male;64;128;81;804;16;610;2382;0;0;0;0;0;No
55;Female;57;120;69;874;16;550;2148;0;0;0;0;0;No
50;Female;71;155;79;565;157;446;1798;0;0;0;0;0;No
48;Female;88;145;75;90;157;500;2028;0;1;0;0;0;Yes
39;Female;87;130;87;70;154;580;2446;0;0;0;0;0;No
35;Female;82;151;116;582;157;680;2742;0;1;0;0;0;No
25;Female;97;134;87;140;127;380;2356;0;0;0;0;0;No
50;Female;78;141;93;829;155;520;2166;0;0;0;0;0;No
80;Male;77;142;93;599;142;500;2471;0;1;0;0;1;No
70;Female;70;206;119;592;152;600;2583;0;1;0;0;1;No
35;Male;75;134;86;697;16;630;246;1;0;1;0;0;No
36;Female;103;138;88;60;154;560;2361;0;1;0;0;0;No
50;Female;77;148;82;250;127;360;2232;0;1;0;0;0;Yes
32;Male;76;118;85;685;165;484;1776;1;0;1;0;0;Yes
29;Male;72;130;88;622;157;649;2617;1;0;1;0;0;No
42;Male;76;126;88;774;17;700;2417;0;0;0;0;0;No
38;Female;71;155;107;74;157;530;2137;0;0;0;0;0;No
50;Male;58;122;82;786;16;571;223;0;0;0;0;0;No
45;Female;61;118;88;729;152;593;2553;0;0;0;0;0;No
35;Male;65;129;86;475;163;667;2524;0;0;0;0;0;No
32;Female;64;120;72;609;157;520;2097;0;0;0;0;0;No
32;Female;75;130;91;95;147;520;2396;0;0;0;0;0;No
65;Female;65;108;81;644;163;550;2081;0;0;0;0;0;No
37;Female;86;127;94;657;157;560;2258;0;0;0;0;0;No
40;Female;76;111;73;633;157;530;2137;0;0;0;0;0;No
30;Female;54;152;82;666;16;560;2187;0;0;0;0;0;No
58;Male;53;154;88;585;155;550;2291;0;0;0;0;0;No
58;Male;69;173;100;72;157;600;2419;0;1;0;0;0;No
55;Female;80;140;97;846;155;550;2291;0;0;0;0;0;No
28;Female;62;140;93;585;157;600;2419;1;0;1;0;0;No
40;Male;68;129;81;606;163;550;2081;0;0;0;0;0;Yes
35;Female;59;130;78;502;152;600;2583;0;0;0;0;0;No
50;Female;73;142;102;532;152;580;2497;1;0;1;0;0;No
38;Male;70;128;88;769;157;550;2218;0;0;0;0;0;No
35;Female;72;149;100;541;157;520;2097;0;0;0;0;0;No
60;Male;67;143;104;659;157;560;2258;0;0;0;0;0;No
50;Male;63;142;93;889;152;550;2368;1;0;1;0;0;No
32;Male;73;135;81;846;157;560;2258;1;0;1;0;0;No
35;Female;66;162;85;612;157;580;2339;0;0;0;0;0;No
30;Female;72;145;93;602;15;550;2449;1;0;1;0;0;No
32;Female;78;131;77;53;163;530;2006;0;0;0;0;0;No
55;Female;79;124;79;625;157;600;2419;0;0;0;0;0;No
28;Male;83;114;75;652;142;450;2224;1;0;1;0;0;No
65;Male;82;125;73;961;163;550;2081;0;0;0;0;0;No
50;Male;71;126;77;925;142;450;2224;1;0;1;0;0;No
35;Female;75;135;91;558;155;600;2499;1;0;1;0;0;Yes
49;Male;72;114;59;726;168;560;1993;0;0;0;0;0;No
65;Male;58;197;107;613;168;650;2313;0;1;0;0;0;No
34;Female;72;154;90;60;149;570;2567;0;0;0;0;0;No
55;Female;72;162;100;574;152;400;1722;1;0;1;0;0;No
35;Female;90;154;82;80;149;670;3018;0;0;0;0;0;No
48;Female;84;192;108;10;124;590;3837;0;1;0;0;0;Yes
24;Male;59;146;95;703;168;730;2598;0;0;0;0;0;No
55;Female;69;157;85;170;162;580;221;0;1;0;0;0;Yes
22;Female;93;142;72;60;18;570;1759;0;0;0;0;0;No
50;Female;82;146;93;140;154;610;2572;0;1;0;0;0;Yes
26;Female;95;121;80;562;152;600;2583;0;0;0;0;0;No
45;Female;72;125;82;80;149;410;1847;0;0;0;0;0;No
42;Female;78;149;82;60;18;680;2099;0;1;0;0;0;No
35;Female;52;125;72;625;147;750;3456;0;0;0;0;0;No
54;Female;79;157;96;200;134;750;4177;0;1;0;0;0;Yes
55;Female;75;128;79;86;163;600;2271;0;0;0;0;0;No
45;Male;75;110;72;785;157;550;2218;1;0;1;0;0;No
45;Female;61;153;84;723;168;750;2669;0;0;0;0;0;No
35;Female;72;115;84;68;15;550;2449;0;0;0;0;0;No
35;Male;66;119;76;562;168;550;1957;0;0;0;0;0;No
30;Male;54;112;74;798;152;480;2067;1;0;1;0;0;No
50;Female;55;177;96;681;155;617;257;0;1;0;0;0;No
65;Female;76;128;71;658;152;450;1938;0;0;0;0;0;No
32;Female;79;125;79;601;157;580;2339;1;0;1;0;0;No
28;Female;89;115;86;1051;157;520;2097;1;0;1;0;0;No
50;Male;63;142;85;616;16;610;2382;0;1;0;0;0;No
45;Female;86;123;76;847;155;580;2416;1;0;1;0;0;No
70;Male;60;191;86;816;165;860;3155;0;1;0;0;0;No
68;Female;88;144;88;611;152;600;2583;0;1;0;0;0;No
35;Female;69;171;95;68;142;440;2175;0;1;0;0;0;No
55;Male;70;133;83;636;17;460;1588;0;0;0;0;0;No
50;Female;78;129;91;56;155;530;2208;0;0;0;0;0;No
45;Female;70;154;88;717;155;590;2458;1;1;1;0;0;No
60;Female;61;176;95;679;152;500;2153;0;0;0;0;0;No
45;Male;78;121;74;73;163;600;2271;0;0;0;0;0;No
38;Female;70;121;83;591;155;550;2291;1;0;1;0;0;No
60;Male;68;155;87;559;163;530;2006;0;0;0;0;0;No
53;Female;59;165;88;588;155;550;2291;0;1;0;0;0;Yes
32;Female;75;132;83;593;16;530;207;1;0;1;0;0;No
60;Female;60;133;84;584;147;490;2258;0;0;0;0;0;No
40;Female;70;139;82;585;16;580;2265;0;0;0;0;0;No
40;Female;56;126;88;52;157;560;2258;0;0;0;0;0;No
65;Male;69;130;79;753;152;520;2239;0;0;0;0;0;No
52;Male;66;123;83;737;165;580;2128;0;0;0;0;0;No
65;Female;63;164;75;883;15;400;1781;0;0;0;0;0;No
45;Female;78;147;91;538;152;420;1808;0;0;0;0;0;No
30;Female;72;116;70;55;152;450;1938;0;0;0;0;0;No
39;Male;88;121;73;728;165;560;2054;0;0;0;0;0;No
32;Female;74;151;90;644;157;450;1815;0;0;0;0;0;No
38;Female;96;108;77;638;152;460;1981;0;0;0;0;0;No
55;Female;78;124;70;691;147;440;2027;0;0;0;0;0;No
38;Male;95;111;78;748;152;512;2204;0;0;0;0;0;No
33;Female;70;113;73;639;147;403;1857;0;0;0;0;0;No
80;Female;88;132;75;741;147;420;1935;0;0;0;0;0;No
45;Male;65;103;75;728;166;710;2565;0;0;0;0;0;No
40;Female;94;145;90;1003;155;710;2958;0;0;0;0;0;No
60;Female;86;139;78;693;15;372;1656;0;0;0;0;0;No
50;Male;71;120;76;858;152;560;2411;0;0;0;0;0;No
52;Male;67;156;94;758;152;560;2411;0;0;0;0;0;No
26;Female;63;124;82;605;155;520;2166;0;0;0;0;0;No
55;Male;92;103;74;856;152;580;2497;0;0;0;0;0;No
45;Female;69;148;91;546;155;560;2333;0;0;0;0;0;No
60;Male;94;123;96;531;152;560;2411;0;0;0;0;0;No
50;Female;86;131;75;297;152;520;2239;0;0;0;0;0;No
60;Male;62;129;76;686;165;580;2128;0;0;0;0;0;No
40;Female;68;111;60;769;152;490;211;0;0;0;0;0;No
65;Male;83;158;96;804;16;550;2148;0;0;0;0;0;No
30;Female;88;127;88;676;152;520;2239;0;0;0;0;0;No
35;Female;83;128;75;827;152;550;2368;0;0;0;0;0;No
34;Female;69;137;87;901;152;620;2669;0;0;0;0;0;No
50;Male;75;184;105;664;16;717;280;0;0;0;0;0;No
47;Female;87;139;90;833;15;613;273;0;0;0;0;0;No
44;Male;55;151;90;654;165;721;2645;0;0;0;0;0;No
38;Female;71;133;90;80;155;701;292;0;1;0;0;0;Yes
48;Female;73;129;85;521;155;426;1775;0;0;0;0;0;No
41;Female;72;145;85;575;155;602;2508;0;1;0;0;0;No
55;Male;84;101;67;651;152;390;1679;0;0;0;0;0;No
45;Female;71;182;100;669;152;567;2441;0;0;0;0;0;No
45;Female;66;121;74;557;152;530;2282;0;0;0;0;0;No
42;Female;62;152;83;826;157;586;2363;0;0;0;0;0;No
50;Male;62;112;67;585;168;560;1993;0;0;0;0;0;No
65;Male;85;110;75;774;165;450;1651;0;0;0;0;0;No
58;Female;70;140;96;636;152;400;1722;0;0;0;0;0;No
75;Male;77;155;86;631;155;470;1958;0;0;0;0;0;No
50;Female;70;103;66;465;152;460;1981;0;0;0;0;0;No
52;Female;78;176;107;66;165;618;2267;0;1;0;0;0;No
61;Male;70;145;81;543;155;509;212;0;0;0;0;0;No
32;Female;80;105;69;573;157;637;2569;0;0;0;0;0;No
27;Female;86;135;94;727;16;634;2476;0;0;0;0;0;No
32;Female;65;131;94;1059;16;540;2109;0;0;0;0;0;No
60;Female;80;145;74;723;16;445;1738;0;1;0;0;0;No
37;Male;83;136;93;74;17;733;2531;0;1;0;0;0;No
65;Female;82;123;75;85;145;390;1861;0;0;0;0;0;No
50;Male;77;117;85;782;17;534;1844;0;0;0;0;0;No
55;Female;65;149;88;702;157;770;3105;0;0;0;0;0;No
40;Female;95;116;82;725;157;725;2923;0;0;0;0;0;No
42;Female;72;133;77;504;16;553;216;0;0;0;0;0;No
35;Female;77;149;99;729;155;908;3782;0;0;0;0;0;No
35;Female;84;136;102;958;152;503;2166;0;0;0;0;0;No
70;Male;94;123;85;596;17;550;1899;0;0;0;0;0;No
57;Female;69;102;63;674;152;380;1636;0;0;0;0;0;No
42;Male;61;126;63;819;17;520;1796;0;0;0;0;0;No
36;Female;67;152;101;767;152;505;2174;0;1;0;0;0;No
27;Female;100;106;73;892;155;486;2024;0;0;0;0;0;No
42;Female;66;144;96;989;15;510;2271;0;0;0;0;0;No
30;Female;93;104;72;608;14;383;1962;1;0;1;0;0;No
35;Female;80;111;76;832;16;646;2523;0;0;0;0;0;No
70;Male;83;143;77;959;168;536;1907;0;0;0;0;0;No
40;Male;91;112;69;621;175;518;1686;0;0;0;0;0;No
26;Female;82;97;84;586;152;577;2484;0;0;0;0;0;No
32;Female;74;152;85;79;16;557;2175;0;0;0;0;0;No
52;Female;76;146;86;782;16;436;1703;0;0;0;0;0;No
62;Female;77;149;102;728;145;447;2133;0;0;0;0;0;No
50;Male;76;105;61;73;163;375;1419;0;0;0;0;0;No
50;Female;66;135;79;604;157;425;1714;0;0;0;0;0;No
32;Female;73;133;77;519;157;477;1923;0;0;0;0;0;No
53;Male;76;151;79;888;163;516;1953;0;0;0;0;0;No
42;Female;86;116;79;63;16;512;200;0;0;0;0;0;No
59;Male;70;120;75;823;165;552;2025;0;0;0;0;0;No
50;Female;58;143;85;8;16;486;1898;0;0;0;0;0;No
57;Male;72;113;68;623;165;501;1838;0;0;0;0;0;No
40;Female;73;128;100;579;152;506;2179;0;0;0;0;0;No
42;Male;76;110;54;752;165;452;1658;0;0;0;0;0;No
35;Female;72;114;71;745;15;370;1648;0;0;0;0;0;No
57;Male;78;168;92;613;168;657;2338;0;1;0;0;0;No
48;Female;74;150;89;679;13;453;270;0;0;0;0;0;No
35;Female;84;129;83;1222;152;503;2166;0;0;0;0;0;No
75;Female;69;146;80;2163;152;480;2067;0;0;0;0;0;No
57;Female;66;137;70;715;152;507;2183;0;0;0;0;0;No
35;Female;70;115;67;528;155;483;2012;0;0;0;0;0;No
55;Female;60;194;112;638;155;605;252;0;0;0;0;0;No
42;Female;78;150;100;98;152;485;2088;0;0;0;0;0;No
68;Female;70;153;72;473;152;455;1959;0;0;0;0;0;No
67;Female;69;178;95;473;16;655;2558;0;1;0;0;0;No
47;Female;80;133;86;2209;157;477;1923;0;1;0;1;0;Yes
75;Female;94;145;74;1039;152;394;1696;0;0;0;0;0;No
40;Female;78;94;58;725;152;490;211;0;0;0;0;0;No
40;Male;81;130;86;1204;165;665;244;0;0;0;0;0;No
35;Female;66;123;81;689;157;669;2698;0;0;0;0;0;No
50;Female;70;128;75;1051;164;816;304;0;0;0;0;0;No
30;Female;79;122;81;536;155;520;2166;0;0;0;0;0;No
70;Female;74;137;71;796;142;367;1814;0;1;0;0;0;No
53;Female;103;92;63;546;152;309;133;0;0;0;0;0;No
32;Female;86;111;76;563;165;423;1552;0;0;0;0;0;No
40;Female;64;135;104;728;147;485;2235;0;0;0;0;0;No
72;Female;89;148;75;92;152;508;2187;0;1;0;0;0;No
42;Female;80;126;71;832;16;619;2417;0;0;0;0;0;No
62;Female;84;158;105;1489;152;318;1369;0;0;0;0;0;No
48;Female;84;102;65;741;16;436;1703;0;0;0;0;0;No
50;Female;85;96;68;614;157;470;1895;0;0;0;0;0;No
63;Male;61;187;99;1162;168;500;1779;0;0;0;0;0;No
63;Female;80;117;70;626;152;400;1722;0;0;0;0;0;No
38;Female;71;141;55;532;15;382;1701;0;0;0;0;0;No
54;Male;71;127;86;637;17;640;221;0;0;0;0;0;No
40;Female;75;137;91;721;137;500;2658;0;0;0;0;0;No
54;Female;48;168;99;681;157;620;250;0;1;0;1;0;No
59;Female;65;175;93;708;152;520;2239;0;1;0;0;0;No
48;Female;87;153;96;106;152;521;2243;0;0;0;0;0;Yes
53;Female;68;177;102;982;18;520;1599;0;1;0;0;0;No
55;Female;64;155;101;1839;147;527;2428;0;1;0;0;0;Yes
36;Female;70;148;87;632;152;605;2605;0;0;0;0;0;No
49;Female;74;145;88;754;163;410;1552;0;0;0;0;0;No
56;Male;82;119;92;2307;16;646;2523;0;0;0;0;0;Yes
28;Female;78;160;80;482;155;550;2291;0;0;0;0;0;No
36;Female;67;118;80;793;15;600;2672;0;0;0;0;0;No
30;Male;81;113;70;647;15;431;1919;0;0;0;0;0;No
56;Female;86;155;95;731;16;643;2511;0;1;0;0;0;No
80;Female;77;138;87;671;142;442;2185;0;0;0;0;0;No
50;Female;59;142;80;656;152;551;2372;0;0;0;0;0;No
60;Female;74;153;91;816;124;576;3718;0;1;0;1;0;No
40;Female;68;141;89;799;145;542;2586;0;0;0;0;0;No
60;Female;68;159;101;479;155;670;2791;0;1;0;0;0;Yes
36;Male;56;133;85;677;163;671;2539;1;1;1;0;0;No
36;Female;67;142;99;768;152;650;2799;0;0;0;0;0;No
54;Male;58;125;78;666;163;630;2384;0;0;0;0;0;No
47;Female;91;138;94;100;149;660;2973;0;0;0;0;0;No
34;Female;73;105;71;723;152;490;211;0;0;0;0;0;No
25;Female;75;129;111;584;15;515;2293;0;0;0;0;0;No
30;Female;77;146;86;551;157;390;1573;0;0;0;0;0;No
28;Female;81;111;75;646;157;650;2621;0;0;0;0;0;No
60;Female;61;179;92;641;145;670;3196;0;1;0;0;0;No
45;Female;60;128;87;47;15;441;1964;0;0;0;0;0;No
25;Female;80;129;90;804;145;543;259;0;0;0;0;0;No
49;Female;71;172;109;696;145;510;2433;0;0;0;0;0;No
59;Female;74;137;85;926;157;510;2056;0;1;0;0;0;Yes
36;Female;73;130;95;692;152;580;2497;0;0;0;0;0;No
38;Female;64;147;91;673;145;512;2443;0;0;0;0;0;No
53;Female;77;119;73;858;152;450;1938;0;0;0;0;0;No
35;Female;66;107;70;604;152;485;2088;0;0;0;0;0;No
60;Female;73;133;77;753;15;400;1781;0;0;0;0;0;No
52;Female;77;129;79;832;15;450;2004;0;0;0;0;0;No
36;Female;82;116;81;2151;152;780;3358;0;0;0;0;0;No
45;Male;80;115;67;616;165;578;212;0;0;0;0;0;No
42;Male;85;123;86;947;166;752;2717;0;0;0;0;0;Yes
30;Female;79;139;83;684;15;716;3188;0;0;0;0;0;No
32;Female;85;110;83;80;157;600;2434;0;1;0;0;0;Yes
60;Female;80;137;72;919;147;467;2152;0;0;0;0;0;No
75;Male;47;231;101;504;163;660;2498;0;1;0;0;0;No
70;Female;61;193;111;575;145;360;1717;0;1;0;0;0;No
24;Male;120;121;81;180;175;410;1339;0;0;0;0;0;Yes
54;Female;103;143;96;90;149;550;2477;0;1;0;0;0;Yes
28;Male;76;117;82;60;16;610;2383;0;0;0;0;0;No
35;Female;84;148;87;60;162;700;2667;0;0;0;0;0;No
35;Female;76;157;90;50;124;690;4488;0;0;0;0;0;No
43;Female;107;140;106;80;157;530;215;0;0;0;0;0;Yes
51;Female;73;146;94;70;157;690;2799;0;1;0;0;0;Yes
48;Female;75;149;83;70;157;670;2718;0;0;0;0;0;No
40;Female;76;106;78;80;154;690;2909;0;0;0;0;0;No
50;Male;88;131;90;130;17;730;2526;0;0;0;0;0;No
66;Male;59;163;79;571;164;667;2485;0;1;0;0;0;No
54;Female;80;167;106;519;15;840;374;0;1;0;0;0;No
40;Female;87;133;89;60;147;500;2314;0;0;1;1;0;No
46;Female;83;141;94;130;137;500;2664;0;0;0;0;0;No
70;Female;5;120;80;250;16;580;2266;0;0;0;0;0;No
41;Male;61;118;71;832;16;420;164;0;0;0;0;0;No
35;Female;117;115;80;80;149;510;2297;0;0;0;0;0;No
37;Female;72;164;109;797;15;500;2226;0;0;0;0;0;No
60;Male;70;116;101;722;165;620;2275;0;0;0;0;0;No
45;Female;105;128;85;574;155;520;2166;0;0;0;0;0;No
32;Male;75;138;92;811;173;800;2682;1;0;1;0;0;No
23;Male;57;123;79;559;155;499;2079;1;0;1;0;0;No
50;Male;69;117;70;516;161;437;168;0;0;0;0;0;No
65;Female;73;116;70;761;157;390;1573;0;1;0;0;0;No
35;Female;96;120;94;70;157;550;2231;0;0;0;0;0;No
40;Male;96;148;80;70;16;460;1797;0;0;1;0;0;No
40;Female;76;143;81;716;155;523;2179;0;0;0;0;0;No
49;Female;68;139;85;609;152;475;2045;0;0;0;0;0;No
70;Male;80;147;86;917;17;726;2507;0;0;0;0;0;Yes
60;Female;52;165;86;672;152;598;2575;0;1;0;0;0;No
42;Male;92;105;78;794;175;855;2784;1;0;1;0;0;No
51;Female;56;167;79;708;16;475;1855;0;1;0;0;0;No
40;Female;66;148;92;86;152;520;2239;0;0;0;0;0;No
65;Female;65;129;79;552;152;631;2717;0;0;0;0;0;No
34;Male;59;169;98;608;157;824;3323;0;1;0;0;0;No
25;Female;70;128;81;751;152;500;2153;0;0;0;0;0;No
40;Female;70;127;85;622;152;580;2497;0;0;0;0;0;No
70;Male;70;140;72;702;157;482;1944;0;0;0;0;0;No
65;Female;77;172;105;1208;147;627;2889;0;1;0;0;0;No
45;Female;75;116;75;80;152;520;2251;0;0;0;0;0;No
35;Female;70;156;86;68;157;616;2484;0;0;0;0;0;No
45;Female;63;152;95;804;155;550;2291;0;0;0;0;0;No
60;Female;82;175;87;1634;16;550;2148;0;0;0;0;0;No
72;Male;58;220;94;397;157;540;2177;0;1;0;0;0;Yes
60;Male;73;129;86;586;165;613;2249;0;0;0;0;0;Yes
50;Female;69;151;99;698;157;520;2097;0;0;0;0;0;No
45;Female;86;135;91;1057;152;621;2674;0;0;0;0;0;No
40;Female;87;131;84;578;157;520;2097;0;0;0;0;0;No
40;Female;81;115;79;665;152;532;2291;0;0;0;0;0;No
40;Female;81;128;77;516;15;425;1892;0;0;0;0;0;No
60;Female;89;131;82;835;152;520;2239;0;0;0;0;0;No
62;Female;62;118;61;791;155;480;1999;0;0;0;0;0;No
50;Female;86;154;92;618;15;470;2093;0;0;0;0;0;No
30;Male;101;113;69;762;163;480;1816;0;0;0;0;0;No
35;Female;73;116;71;817;165;550;2018;0;0;0;0;0;No
40;Female;78;147;96;452;15;550;2449;0;0;0;0;0;No
25;Female;84;115;77;327;15;450;2004;0;0;0;0;0;No
70;Male;80;193;110;617;173;550;1844;0;0;0;0;0;No
60;Female;70;174;96;57;14;382;1957;0;0;0;0;0;No
30;Female;67;92;73;686;152;470;2024;0;0;0;0;0;No
70;Female;68;160;87;758;132;349;2001;0;0;0;0;0;No
40;Male;52;111;70;621;15;487;2168;0;0;0;0;0;No
30;Female;63;116;74;50;152;460;1981;0;0;0;0;0;No
30;Female;71;156;81;978;152;490;211;0;0;0;0;0;No
50;Female;73;159;84;793;15;464;2066;0;0;0;0;0;No
45;Female;72;151;81;60;157;620;2515;0;0;0;0;0;No
28;Female;108;117;79;728;157;480;1935;0;0;0;0;0;No
35;Female;89;151;85;104;15;640;285;0;0;0;0;0;No
28;Male;85;120;81;606;163;632;2392;1;0;1;0;0;No
50;Female;61;133;80;56;152;520;2239;0;0;0;0;0;No
40;Female;80;148;79;73;165;487;1787;0;0;0;0;0;No
50;Male;76;123;76;1202;157;560;2258;0;0;0;0;0;No
40;Female;83;113;78;754;152;560;2411;0;0;0;0;0;No
30;Female;88;121;76;749;152;640;2756;0;0;0;0;0;No
48;Female;59;167;89;661;152;480;2067;0;0;0;0;0;No
55;Female;86;198;117;1224;152;490;211;0;0;0;0;0;No
27;Female;92;117;78;708;15;560;2494;0;0;0;0;0;No
60;Female;86;134;81;687;168;480;1708;0;0;0;0;0;No
45;Male;55;111;65;703;157;550;2218;0;0;0;0;0;No
50;Male;61;97;57;781;157;470;1895;0;0;0;0;0;No
45;Female;63;121;86;558;145;450;2147;0;0;0;0;0;No
40;Female;77;95;65;619;15;500;2226;1;0;1;0;0;No
55;Female;82;119;76;637;15;550;2449;0;0;0;0;0;No
30;Female;65;170;93;595;15;510;2271;0;0;0;0;0;No
40;Male;76;128;85;669;173;580;1944;0;0;0;0;0;No
35;Female;85;110;75;536;152;550;2368;0;0;0;0;0;No
36;Female;80;103;70;724;157;550;2218;0;0;0;0;0;No
70;Male;61;170;105;1012;165;600;2201;0;0;0;0;0;No
30;Female;83;101;74;607;15;400;1781;0;0;0;0;0;No
40;Male;72;135;89;609;165;680;2495;0;0;0;0;0;No
60;Female;80;135;71;88;152;520;2239;0;0;0;0;0;No
35;Female;67;106;75;1129;16;450;1757;0;0;0;0;0;No
60;Female;69;157;89;925;152;550;2368;0;0;0;0;0;No
28;Female;85;107;67;40;149;670;3018;0;0;0;0;0;No
27;Female;101;105;80;798;155;480;1999;0;0;0;0;0;No
25;Female;99;120;73;78;155;490;2041;0;0;0;0;0;No
40;Female;10;150;101;80;154;450;1897;0;0;0;0;0;No
65;Female;78;139;88;566;157;650;2621;0;0;0;0;0;No
26;Female;84;130;84;70;152;520;2239;0;0;0;0;0;No
50;Female;74;99;70;586;15;530;236;0;0;0;0;0;No
63;Female;72;115;68;776;155;580;2416;0;0;0;0;0;No
30;Female;79;130;84;899;157;770;3105;0;0;0;0;0;No
60;Female;5;120;60;140;154;500;2108;0;0;0;0;0;No
39;Female;70;128;74;668;145;380;1813;0;0;0;0;0;No
58;Male;69;130;76;1457;163;635;2403;0;0;0;0;0;Yes
54;Female;76;152;90;771;157;658;2653;0;1;0;0;0;No
59;Female;65;135;79;615;14;340;1742;0;0;0;0;0;No
45;Female;78;123;89;70;157;660;2678;0;0;0;0;0;No
64;Female;66;177;102;775;145;420;2004;0;0;0;0;0;No
35;Female;79;129;86;696;142;670;3312;0;0;0;0;0;No
54;Female;96;124;72;698;155;510;2124;0;0;0;0;0;No
35;Male;87;119;85;716;157;720;2903;1;0;1;0;0;No
25;Male;69;139;90;703;145;370;1765;0;0;0;0;0;No
30;Female;70;132;80;896;145;440;2099;0;0;0;0;0;No
40;Female;72;141;79;100;137;590;3143;0;0;0;0;0;No
28;Male;62;179;82;961;157;571;2302;0;0;0;0;0;No
40;Female;73;106;63;40;149;480;2162;0;0;0;0;0;No
49;Female;73;114;69;638;155;560;2333;0;0;0;0;0;No
52;Male;69;135;83;55;152;621;2674;0;0;0;0;0;No
47;Female;85;141;93;53;145;598;2853;0;0;0;0;0;No
45;Male;68;125;80;634;165;496;182;0;0;0;0;0;No
35;Male;75;136;87;484;165;689;2528;0;0;0;0;0;No
65;Female;78;164;76;415;152;381;164;0;1;0;0;0;Yes
62;Male;88;104;61;858;168;684;2434;0;0;0;0;0;No
53;Female;80;101;69;692;145;521;2486;0;0;0;0;0;No
38;Male;76;190;105;573;163;654;2475;0;0;0;0;0;No
42;Female;78;130;94;724;135;450;2483;0;0;0;0;0;No
31;Male;62;186;111;982;155;591;2462;0;0;0;0;0;No
26;Male;59;127;74;571;168;489;174;0;0;0;1;0;No
24;Female;71;126;67;544;135;390;2152;0;0;0;0;0;No
30;Female;76;140;93;686;16;680;2656;0;0;0;0;0;No
54;Male;74;168;108;899;155;650;2708;0;0;0;0;0;No
46;Female;73;122;74;582;145;548;2614;0;0;0;0;0;No
55;Male;67;133;80;1208;152;492;2118;0;0;0;0;0;No
45;Female;80;142;93;648;145;691;3297;0;0;0;0;0;No
34;Female;73;124;83;621;145;491;2342;0;0;0;0;0;No
39;Female;74;123;74;578;145;490;2338;0;0;0;0;0;No
70;Female;65;139;74;717;145;374;1784;0;0;0;0;0;No
55;Male;74;128;91;681;163;699;2645;0;0;0;0;0;No
64;Male;77;167;111;682;145;400;1908;0;0;0;0;0;No
32;Female;75;108;72;556;132;266;1525;0;0;0;0;0;No
45;Female;65;114;70;941;152;532;2291;0;0;0;0;0;No
32;Female;76;123;68;682;157;661;2665;0;0;0;0;0;No
34;Female;77;145;93;733;157;450;1815;0;0;0;0;0;No
30;Female;111;127;91;90;152;740;3203;0;0;0;0;0;No
62;Female;67;161;102;598;142;550;2718;0;0;0;0;0;No
36;Female;69;146;106;698;155;725;302;1;0;1;0;0;No
52;Female;78;129;84;210;154;760;3205;0;0;0;0;0;No
44;Male;70;119;80;653;163;475;1797;0;0;0;0;0;No
39;Female;57;172;103;77;145;501;239;0;0;0;0;0;No
60;Male;84;154;100;701;163;616;2331;0;0;0;0;0;No
44;Female;70;170;117;795;155;490;2041;0;0;0;0;0;No
39;Female;74;142;89;548;145;591;2819;0;0;0;0;0;No
58;Female;79;105;68;693;152;370;1593;0;0;0;0;0;No
62;Female;61;162;102;855;155;366;1525;0;1;0;0;0;No
65;Male;55;183;83;569;152;468;2015;0;1;0;0;0;No
55;Female;72;192;100;596;152;596;2566;0;1;0;0;0;No
36;Female;79;184;113;74;155;604;2516;1;0;1;0;0;No
59;Male;57;158;115;613;17;609;2103;0;1;0;0;0;No
40;Female;57;154;90;673;142;620;3064;0;0;0;0;0;Yes
61;Male;56;158;111;665;155;520;2166;0;1;0;0;0;No
44;Female;60;191;98;478;152;667;2872;0;1;0;0;0;No
55;Male;61;154;96;622;165;720;2641;0;1;0;0;0;No
70;Male;65;188;119;924;168;780;2775;0;0;0;0;0;Yes
50;Female;68;143;100;61;145;733;3497;0;1;0;0;0;No
21;Female;63;123;85;526;16;532;2078;1;0;1;0;0;No
30;Male;66;163;113;912;163;560;2119;0;1;0;0;0;No
30;Female;67;160;112;542;145;831;3964;0;0;0;0;0;No
35;Female;76;118;88;888;155;778;3241;0;0;0;0;0;No
48;Male;64;160;102;656;163;617;2335;0;1;0;0;0;No
35;Female;75;120;72;50;157;780;3164;0;0;0;0;0;No
34;Female;74;153;86;774;145;655;3125;0;0;0;0;0;No
60;Male;78;175;104;619;16;781;305;0;0;0;0;0;No
45;Female;69;177;96;981;142;705;3485;0;0;0;0;0;No
35;Female;90;106;69;140;149;780;3513;0;0;0;0;0;Yes
28;Female;73;129;80;90;154;670;2825;0;0;0;0;0;No
38;Female;67;132;85;603;152;815;3509;0;0;0;0;0;No
30;Male;68;132;77;575;155;610;2541;0;0;0;0;0;No
54;Female;83;128;79;624;157;548;221;0;0;0;0;0;No
70;Female;98;154;98;90;142;630;3124;0;0;0;0;0;No
75;Male;49;155;85;123;166;588;2124;0;0;0;0;0;No
45;Female;88;128;89;814;152;945;4069;0;0;0;0;0;No
65;Female;80;203;114;826;141;574;2888;0;1;0;0;0;Yes
30;Female;79;154;90;685;145;658;3139;0;0;0;0;0;No
35;Female;95;118;82;50;153;680;2905;0;0;0;0;0;No
43;Female;103;124;82;2363;145;570;2719;0;0;0;0;0;No
45;Male;57;154;105;527;17;755;2607;1;0;1;0;0;No
63;Female;77;151;70;712;145;561;2676;0;0;0;0;0;No
35;Female;83;125;75;908;145;568;271;0;0;0;0;0;No
55;Female;68;175;91;677;127;630;3906;0;0;0;0;0;No
35;Male;87;128;83;691;185;700;2036;0;0;0;0;0;No
32;Female;73;154;96;494;155;610;2541;0;0;0;0;0;No
25;Female;64;139;83;73;157;590;2379;0;0;0;0;0;No
34;Female;94;160;101;497;145;520;2481;0;0;0;0;0;No
32;Female;69;148;102;831;142;410;2026;0;0;0;0;0;No
30;Male;97;136;105;529;183;750;2242;0;0;0;0;0;No
53;Female;93;127;77;706;155;630;2624;0;0;0;0;0;No
26;Female;74;134;98;684;155;560;2333;0;0;0;0;0;No
45;Male;86;133;73;546;168;470;1672;0;0;0;0;0;No
37;Female;77;120;75;765;142;410;2026;0;0;0;0;0;No
35;Female;78;123;76;768;145;580;2767;0;0;0;0;0;No
50;Female;70;164;85;68;152;570;2454;0;0;0;0;0;No
28;Female;83;130;76;757;145;582;2777;0;0;0;0;0;No
60;Male;73;127;71;755;155;617;257;0;0;0;0;0;No
50;Female;87;153;88;662;142;361;1784;0;0;0;0;0;No
37;Male;66;135;89;627;157;557;2246;0;0;0;0;0;No
36;Female;79;130;68;855;152;447;1925;0;0;0;0;0;No
49;Female;63;134;88;2;137;450;2392;0;0;0;0;0;No
69;Male;116;166;80;826;157;556;2242;0;0;0;0;0;No
59;Female;83;149;83;733;152;530;2282;0;0;0;0;0;No
34;Female;53;155;74;1035;152;692;2979;0;0;0;0;0;No
52;Male;69;161;89;633;152;438;1886;0;0;0;0;0;No
44;Female;119;114;65;749;152;375;1615;0;0;0;0;0;No
35;Female;88;113;71;70;157;550;2231;0;0;0;0;0;No
61;Male;80;112;66;83;16;559;2183;0;0;0;0;0;No
54;Female;86;112;67;641;155;571;2379;0;0;0;0;0;No
60;Male;74;130;81;619;147;400;1843;0;0;0;0;0;No
70;Female;77;162;98;671;152;380;1636;0;1;0;0;0;No
40;Female;87;129;90;615;16;725;2831;0;0;0;0;0;No
40;Female;74;139;86;526;127;584;3621;1;0;1;0;0;No
38;Female;59;156;88;645;152;497;214;0;0;0;0;0;No
70;Male;50;201;108;738;145;542;2586;0;1;0;0;1;Yes
55;Female;67;146;105;69;14;421;2157;0;1;0;0;0;Yes
30;Female;71;122;90;603;145;495;2362;0;0;0;0;0;No
51;Male;66;138;93;58;168;801;285;0;1;0;0;0;No
39;Female;89;146;101;73;157;689;2778;0;0;0;0;0;Yes
50;Female;70;150;93;612;152;632;2721;0;1;0;0;0;Yes
24;Female;92;153;102;465;155;524;2183;1;0;1;0;0;No
65;Male;83;150;75;789;163;460;1741;0;0;0;0;0;No
34;Female;79;116;73;658;157;420;1694;0;0;0;0;0;No
51;Female;64;133;78;646;142;470;2323;0;0;0;0;0;No
36;Female;68;130;85;683;152;609;2622;0;0;0;0;0;No
31;Male;72;126;83;515;17;690;2382;0;0;0;0;0;No
29;Female;73;139;92;566;16;869;3394;0;0;0;0;0;No
55;Female;78;146;84;758;147;430;1981;0;0;0;0;0;No
60;Male;66;146;94;573;16;591;2308;0;0;0;0;0;No
55;Female;50;166;96;64;145;498;2376;0;0;0;0;0;No
35;Female;80;147;82;519;145;522;249;0;0;0;0;0;No
30;Female;68;125;70;543;152;590;254;0;0;0;0;0;No
40;Female;76;119;72;615;157;530;2137;0;0;0;0;0;No
40;Female;86;156;88;747;152;550;2368;0;0;0;0;0;No
50;Female;79;138;79;110;134;590;3286;0;0;0;0;0;No
44;Female;78;154;90;626;157;560;2258;0;0;0;0;0;No
40;Female;75;130;75;624;152;470;2024;0;0;0;0;0;No
34;Female;71;141;88;601;15;594;2645;0;0;0;0;0;No
70;Male;86;133;70;901;163;580;2195;0;0;0;0;0;No
65;Female;61;146;74;665;145;390;1861;0;1;0;0;0;No
62;Male;69;126;82;797;168;530;1886;0;0;0;0;0;No
55;Female;104;108;60;90;163;580;2183;0;0;0;0;0;No
60;Male;77;120;74;618;157;464;1871;0;0;0;0;0;No
55;Female;61;133;94;579;15;440;1959;0;0;0;0;0;No
36;Male;61;121;74;514;163;550;2081;0;0;0;0;0;No
58;Female;51;165;89;89;152;500;2153;0;0;0;0;0;No
50;Female;86;130;83;1583;152;480;2067;0;0;0;0;0;No
28;Female;63;154;104;68;152;580;2497;0;0;0;0;0;No
27;Female;83;95;69;944;15;450;2004;0;0;0;0;0;No
28;Female;88;113;78;663;15;519;2311;0;0;0;0;0;No
26;Female;87;119;78;703;155;642;2674;0;0;0;0;0;No
25;Male;65;112;70;611;165;556;204;1;0;1;0;0;No
75;Male;47;160;89;573;157;470;1895;0;1;0;0;0;No
40;Male;44;145;90;541;163;542;2051;1;0;1;0;1;No
49;Male;56;166;101;538;165;675;2476;0;0;0;0;0;No
71;Female;85;115;74;669;152;450;1938;0;0;0;0;0;No
67;Male;69;160;87;838;16;607;2371;0;0;0;0;0;No
58;Female;74;118;72;753;155;545;227;0;0;0;0;0;No
64;Male;64;170;107;781;168;736;2619;0;1;0;0;0;Yes
51;Female;71;163;94;527;15;629;2801;0;0;0;0;0;Yes
38;Male;74;130;88;579;165;766;281;0;0;0;0;0;No
31;Female;71;103;76;56;152;694;2988;0;0;0;0;0;No
26;Female;77;130;78;789;152;569;245;0;0;0;0;0;No
50;Male;61;140;96;505;152;530;2282;0;0;0;0;0;No
55;Male;54;146;79;501;157;550;2218;0;1;0;0;0;Yes
40;Male;66;127;90;1062;152;560;2411;0;0;0;1;0;Yes
40;Female;76;202;108;1347;157;589;2375;0;0;0;0;0;No
35;Female;72;136;93;704;142;570;2817;0;0;0;0;0;No
53;Female;59;119;70;72;16;560;2187;0;0;0;0;0;No
35;Male;58;126;78;803;163;600;2271;1;0;1;0;0;No
70;Female;85;173;81;581;152;350;1507;0;1;0;0;0;No
38;Female;92;153;92;110;152;720;3116;0;0;0;0;0;No
40;Female;86;150;81;862;157;530;2137;0;0;0;0;0;No
35;Male;65;125;83;60;154;550;2319;0;0;0;0;0;No
65;Female;82;173;92;591;152;540;2325;0;0;0;0;0;No
40;Female;75;115;73;824;155;520;2166;0;0;0;0;0;No
30;Female;57;119;73;575;15;440;1959;0;0;0;0;0;No
70;Male;82;163;88;625;152;645;2777;0;0;0;0;0;No
60;Female;73;169;81;658;152;520;2239;0;0;0;0;0;No
55;Female;66;127;70;615;15;400;1781;0;0;0;0;0;No
22;Female;82;124;83;554;142;450;2224;0;0;0;0;0;No
59;Female;91;150;83;639;152;550;2368;0;0;0;0;0;No
39;Female;86;139;99;538;155;550;2291;0;0;0;0;0;No
38;Female;65;125;83;667;155;550;2291;0;0;0;0;0;No
50;Female;85;167;102;1945;15;414;1843;0;0;0;0;0;No
50;Male;77;164;105;1574;17;708;2445;0;0;0;0;0;Yes
70;Male;49;145;86;541;16;539;2105;0;1;0;0;0;No
60;Female;75;119;78;1567;155;662;2758;0;1;0;0;0;Yes
42;Male;80;143;103;82;16;722;282;1;0;1;0;0;No
40;Female;71;140;105;624;152;596;2566;0;0;0;0;0;No
30;Female;80;102;65;731;145;500;2385;0;0;0;0;0;No
42;Female;63;179;105;837;157;633;2552;0;0;0;0;0;No
47;Female;71;115;73;666;14;560;2869;0;0;0;0;0;No
44;Female;71;168;105;759;147;469;2161;0;0;0;0;0;No
42;Female;60;179;101;646;152;589;2536;0;1;0;1;0;No
50;Male;83;118;71;77;165;620;2275;0;0;0;0;0;No
30;Female;74;129;80;602;155;593;247;0;0;0;0;0;No
40;Female;70;135;81;524;152;557;2398;0;0;0;0;0;No
50;Female;69;111;67;623;145;673;3211;0;0;0;0;0;No
32;Male;70;125;80;843;155;564;2349;0;0;0;0;0;No
60;Male;64;138;81;628;163;500;1892;0;0;0;0;0;No
50;Female;65;121;76;783;147;568;2617;0;0;0;0;0;No
35;Male;71;116;69;563;17;580;2003;0;0;0;0;0;No
55;Female;78;122;78;617;152;470;2024;0;0;0;0;0;No
50;Female;72;101;59;623;155;490;2041;0;0;0;0;0;No
32;Female;80;121;76;796;152;510;2196;0;0;0;0;0;No
55;Male;67;202;114;113;178;643;2034;0;1;0;0;1;Yes
50;Male;65;165;84;554;168;550;1957;0;0;0;0;0;No
60;Female;64;132;68;621;165;450;1651;0;0;0;0;0;No
43;Female;79;136;89;791;16;740;289;0;0;0;0;0;No
24;Female;58;120;71;557;163;603;2282;1;0;1;0;0;No
58;Male;95;126;74;1742;155;500;2083;0;0;0;0;1;No
31;Female;73;139;83;723;15;370;1648;0;0;0;0;0;No
40;Female;67;135;82;613;15;400;1781;0;0;0;0;0;No
56;Female;70;166;80;599;152;531;2286;0;0;0;0;0;No
39;Female;75;131;73;625;152;520;2239;0;0;0;0;0;No
61;Female;81;113;67;539;147;420;1935;0;0;0;0;0;No
30;Female;92;109;65;581;15;430;1915;1;0;1;0;0;No
62;Male;81;114;75;625;163;630;2384;0;0;0;0;0;No
60;Male;51;122;76;353;165;600;2201;0;0;0;0;0;No
50;Female;65;130;85;603;157;739;298;0;0;0;0;0;No
40;Female;48;134;76;611;135;460;2538;0;0;0;0;0;No
50;Female;69;131;99;667;152;460;1981;0;0;0;0;0;No
55;Female;73;125;77;608;15;400;1781;0;0;0;0;0;No
32;Male;72;146;99;586;163;540;2043;1;0;1;0;0;No
80;Female;63;163;84;704;142;301;1488;0;1;0;0;0;No
35;Female;73;140;74;798;152;490;211;0;0;0;0;0;No
60;Female;63;191;111;559;147;442;2037;0;0;0;0;0;No
60;Female;57;133;65;1057;15;467;2079;0;0;0;0;0;No
44;Male;75;120;80;60;154;500;2108;0;0;0;0;0;No
23;Female;72;120;80;60;149;540;2432;0;0;0;0;0;No
43;Male;75;130;80;70;167;600;2151;0;0;0;0;0;No
42;Male;75;140;90;50;162;560;2134;0;0;0;0;0;No
52;Male;94;152;100;150;157;600;2434;0;0;0;0;0;No
60;Female;63;181;115;831;15;430;1915;0;1;0;0;0;Yes
55;Female;71;119;73;857;15;490;2182;0;0;0;0;0;No
30;Male;93;110;79;577;152;510;2196;1;0;1;0;0;No
30;Female;67;129;84;659;155;550;2291;0;0;0;0;0;No
45;Female;75;144;98;666;155;667;2778;0;1;0;0;0;No
28;Female;72;120;80;120;154;650;2741;0;0;0;0;0;No
55;Female;68;140;88;57;152;505;2174;0;0;0;0;0;No
65;Male;72;130;92;548;155;714;2974;0;0;0;0;0;No
40;Male;67;115;79;701;165;632;2319;0;0;0;0;0;No
52;Female;57;175;100;928;152;521;2243;0;1;0;0;0;Yes
30;Female;77;130;84;578;152;582;2506;0;0;0;0;0;No
45;Female;64;115;74;86;16;560;2187;0;0;0;0;0;No
50;Female;79;129;91;885;155;479;1995;0;1;0;0;0;No
41;Male;84;119;86;49;163;702;2656;1;0;1;0;0;No
33;Male;75;124;91;668;152;755;3251;1;0;1;0;0;No
65;Male;61;170;86;578;16;598;2335;0;0;0;0;0;No
32;Female;78;126;83;502;152;540;2325;0;0;0;0;0;No
47;Female;59;159;79;851;15;437;1946;0;0;0;0;0;No
60;Female;89;148;64;919;15;398;1772;0;0;0;0;0;No
53;Male;64;150;90;552;165;465;1706;0;0;0;0;0;No
57;Male;57;130;80;658;168;527;1875;0;0;0;0;0;No
58;Female;68;150;74;715;152;520;2239;0;0;0;0;0;No
48;Female;68;139;98;815;152;699;301;0;0;0;0;0;No
51;Female;72;173;91;694;155;540;2249;0;0;0;0;0;No
35;Female;75;100;60;60;157;590;2394;0;0;0;0;0;No
53;Male;90;180;90;110;167;780;2797;0;0;0;0;0;No
54;Male;65;115;73;758;163;550;2081;0;0;0;0;0;No
59;Male;72;145;83;812;16;580;2265;0;0;0;0;0;No
42;Male;78;118;82;697;152;520;2239;0;0;0;0;0;No
40;Female;74;190;103;135;152;674;2902;0;0;0;0;0;Yes
21;Male;76;120;80;50;162;600;2286;0;0;0;0;0;No
48;Female;77;153;87;50;157;550;2231;0;0;0;0;0;No
23;Male;78;120;80;50;162;600;2286;0;0;0;0;0;No
21;Female;74;127;92;50;157;460;1866;0;0;0;0;0;No
38;Male;78;125;87;100;165;570;2094;0;0;0;0;0;Yes
32;Female;84;130;87;40;165;560;2057;0;0;0;0;0;No
43;Female;76;139;83;50;16;580;2266;0;0;0;0;0;No
26;Male;74;120;80;50;165;550;202;0;0;0;0;0;No
40;Female;77;153;105;50;152;700;303;0;1;0;0;0;No
60;Male;95;150;91;50;167;560;2008;0;1;0;0;0;No
30;Male;88;120;80;120;16;400;1563;0;0;0;0;0;Yes
27;Female;55;130;87;40;152;550;2381;0;0;0;0;0;No
42;Male;56;120;80;50;162;560;2134;0;0;0;0;0;No
38;Female;47;115;75;40;162;470;1791;0;0;0;0;0;No
21;Male;58;120;80;50;167;580;208;0;0;0;0;0;No
59;Female;74;125;75;50;16;550;2148;0;0;0;0;0;No
44;Male;76;113;70;50;165;580;213;0;0;0;0;0;No
41;Female;75;115;62;40;16;550;2148;0;0;0;0;0;No
45;Male;56;120;80;90;162;560;2134;0;0;0;0;0;No
40;Female;74;115;75;40;157;580;2353;0;0;0;0;0;No
50;Male;58;120;80;50;144;580;2797;0;0;0;0;0;No
38;Female;74;120;80;50;16;580;2266;0;0;0;0;0;No
34;Male;76;120;80;50;162;580;221;0;0;1;0;0;No
46;Male;70;182;86;765;165;610;2238;0;0;0;0;0;No
50;Male;72;120;80;60;165;600;2204;0;0;0;0;0;No
45;Female;76;120;80;50;167;700;251;0;0;0;0;0;No
50;Male;76;120;80;60;16;570;2227;0;0;0;0;0;No
45;Female;76;120;80;40;157;560;2272;0;0;0;0;0;No
25;Male;82;120;80;50;16;580;2266;0;0;0;0;0;No
23;Female;78;120;80;40;16;560;2188;0;0;0;0;0;No
50;Female;74;120;80;50;162;600;2286;0;0;0;0;0;No
25;Male;74;120;80;50;16;580;2266;0;0;0;0;0;No
30;Male;76;120;80;50;16;570;2227;0;0;0;0;0;No
76;Male;60;150;90;60;16;600;2344;0;1;0;0;0;No
28;Male;74;130;80;50;162;600;2286;0;0;0;0;0;No
25;Female;76;120;80;50;162;560;2134;0;0;0;0;0;No
60;Male;76;120;80;60;165;630;2314;0;0;0;0;0;No
50;Female;76;120;80;50;152;550;2381;0;0;0;0;0;No
45;Female;69;158;109;514;147;480;2212;0;0;0;0;0;No
56;Male;75;129;94;591;163;400;1514;0;0;0;0;0;No
48;Female;82;118;80;543;152;470;2024;0;0;0;0;0;No
35;Female;89;151;104;665;16;530;207;0;0;0;0;0;No
58;Female;72;152;85;78;157;600;2419;0;1;0;0;0;No
60;Female;64;139;80;663;152;409;1761;0;0;0;0;0;No
58;Male;69;160;85;491;178;660;2088;0;1;0;0;0;No
56;Male;91;130;77;65;157;560;2258;0;0;0;0;0;No
40;Female;80;156;98;691;152;520;2239;0;1;0;0;0;No
40;Female;72;158;94;74;152;510;2196;0;0;0;0;0;No
38;Female;59;127;85;553;152;580;2497;0;0;0;0;0;No
60;Female;73;166;83;672;145;380;1813;0;0;0;0;0;No
43;Female;63;161;111;715;152;720;310;0;0;0;0;0;No
50;Female;75;170;96;556;147;480;2212;0;0;0;0;0;No
39;Female;66;149;92;581;152;480;2067;0;0;0;0;0;No
55;Female;83;142;86;655;152;470;2024;0;0;0;0;1;No
45;Female;65;123;83;577;152;513;2209;0;0;0;0;0;No
35;Female;84;149;101;72;122;590;3969;0;0;0;0;0;No
50;Female;65;151;80;708;157;670;2702;0;0;0;0;1;No
38;Female;86;111;65;629;152;470;2024;0;0;0;0;0;No
46;Male;74;121;80;65;16;400;1562;0;0;0;0;0;No
37;Female;81;130;92;623;152;550;2368;0;0;0;0;0;No
64;Female;71;165;86;67;15;400;1781;0;0;0;0;0;No
65;Male;81;112;72;62;163;522;1975;0;0;0;0;0;No
70;Male;63;181;87;446;163;500;1892;0;1;0;0;0;No
55;Female;58;141;91;655;152;722;3109;0;0;0;0;0;No
28;Female;82;142;83;575;152;970;4176;0;0;0;0;0;No
55;Female;68;128;72;745;155;721;3003;0;0;0;0;0;No
43;Male;70;117;81;605;168;640;2277;0;0;0;0;0;No
39;Female;89;114;83;561;155;510;2124;0;0;0;0;0;No
43;Female;90;131;82;574;157;735;2964;0;0;0;0;0;No
47;Female;66;145;94;51;155;551;2295;0;0;0;0;0;No
44;Female;64;140;93;702;155;469;1954;0;0;0;0;0;No
55;Female;68;158;94;585;155;720;2999;0;0;0;0;0;No
57;Male;57;135;80;477;168;607;216;0;0;0;0;1;No
46;Female;65;128;78;473;142;577;2852;0;0;0;0;0;No
50;Female;56;120;89;789;152;638;2747;0;1;0;0;0;No
26;Female;75;152;98;747;165;678;2487;1;0;1;0;0;No
70;Male;97;165;105;1073;157;658;2653;0;0;0;1;0;No
51;Female;72;162;106;538;155;681;2837;0;1;0;0;0;No
45;Female;71;110;72;599;152;400;1722;0;0;0;0;0;No
39;Male;64;134;89;869;166;687;2482;0;0;0;0;0;No
29;Female;80;129;76;586;141;460;2315;0;0;0;0;0;No
73;Female;76;173;96;798;141;471;237;0;0;0;0;0;No
56;Male;65;153;107;783;157;560;2258;0;0;0;0;0;No
25;Female;76;113;71;699;16;649;2535;0;0;0;0;0;No
55;Male;67;138;80;812;173;764;2561;0;0;0;0;0;Yes
45;Male;67;148;102;679;165;737;2704;0;1;0;0;0;Yes
45;Female;66;160;99;54;157;670;2702;0;0;0;0;0;No
26;Female;64;129;83;485;152;651;2803;0;0;0;0;0;No
28;Female;81;143;96;625;145;450;2147;0;0;0;0;0;No
40;Female;77;129;83;643;145;470;2242;0;0;0;0;0;No
45;Female;84;128;80;782;152;450;1938;0;0;0;0;0;No
75;Female;77;143;72;58;145;421;2008;0;0;0;0;0;No
30;Female;89;98;78;621;157;578;2331;0;0;0;0;0;No
42;Male;85;136;92;659;168;771;2743;0;0;0;0;0;No
50;Male;85;127;79;778;163;599;2267;0;0;0;0;0;Yes
41;Female;73;176;102;80;155;559;2329;0;0;0;0;0;No
28;Female;68;131;82;94;142;685;3386;0;0;0;0;0;No
70;Male;57;140;72;543;157;613;2472;0;0;0;0;0;No
22;Female;76;141;105;647;155;610;2541;0;0;0;0;0;No
60;Female;75;189;119;601;152;520;2239;0;0;0;0;0;No
50;Female;85;162;91;761;15;404;1799;0;0;0;0;0;No
35;Male;74;132;85;636;175;670;2181;0;0;0;0;0;No
34;Male;72;112;76;574;165;556;204;0;0;0;0;0;No
40;Female;76;122;80;675;14;540;2767;0;0;0;0;0;No
35;Female;65;130;89;683;152;660;2842;0;0;0;0;0;No
30;Female;83;102;66;482;15;633;2819;0;0;0;0;0;No
33;Female;78;110;91;675;142;550;2718;0;0;0;0;0;No
24;Female;79;169;100;70;167;520;1865;0;0;0;0;0;No
48;Male;67;150;101;698;168;750;2669;0;0;0;0;0;No
35;Female;90;129;78;67;16;630;246;0;0;0;0;0;No
59;Female;64;160;90;162;152;370;1593;0;0;0;0;0;No
65;Female;76;158;96;703;145;378;1803;0;0;0;0;0;No
58;Female;67;141;76;625;157;620;250;0;0;0;0;0;No
70;Male;68;146;77;942;16;470;1835;0;1;0;1;0;No
74;Male;83;164;89;647;16;640;2499;0;1;0;1;0;No
75;Male;67;141;104;831;165;620;2275;0;0;0;0;0;Yes
40;Female;67;134;114;761;15;690;3072;0;1;0;0;1;No
36;Female;62;139;80;49;152;415;1787;0;0;0;0;0;No
26;Female;80;134;93;515;147;671;3092;0;0;0;0;0;No
